estabelecimento,cnpj,merchant_id,bandeira,modalidade,forma_pgto,dh_venda,data,mes,status,parcelas,data_1pgto,aut,cv,terminal,valor_bruto,valor_taxa,valor_liquido,emissor
Matriz_Luminis,07843328000119,72452,Visa,Crédito,Crédito Parcelado Lojista,2025-01-03 16:02,2025-01-03,2025-01,Aprovada,06,2025-02-03,047442,000001243,14180915,540.0,-12.42,527.58,Nacional
Matriz_Luminis,07843328000119,72452,Mastercard,Crédito,Crédito Parcelado Lojista,2025-01-06 08:04,2025-01-06,2025-01,Aprovada,10,2025-02-06,499088,000001247,14180915,2000.0,-57.0,1943.0,Nacional
Matriz_Luminis,07843328000119,72452,Visa,Crédito,Crédito Parcelado Lojista,2025-01-06 09:14,2025-01-06,2025-01,Aprovada,10,2025-02-06,643488,000001251,14180915,1520.0,-38.91,1481.09,Nacional
Matriz_Luminis,07843328000119,72452,Visa,Crédito,Crédito Parcelado Lojista,2025-01-06 10:24,2025-01-06,2025-01,Aprovada,05,2025-02-06,064777,000001253,14180915,500.0,-11.5,488.5,Nacional
Matriz_Luminis,07843328000119,72452,Visa,Débito,Débito,2025-01-06 11:22,2025-01-06,2025-01,Aprovada,01,2025-01-07,340979,000001255,14180915,1000.0,-13.3,986.7,Nacional
Matriz_Luminis,07843328000119,72452,Mastercard,Crédito,Crédito Parcelado Lojista,2025-01-06 11:23,2025-01-06,2025-01,Aprovada,10,2025-02-06,4UIQPR,000001257,14180915,1390.0,-39.62,1350.38,Nacional
Matriz_Luminis,07843328000119,72452,Visa,Débito,Débito,2025-01-06 11:52,2025-01-06,2025-01,Aprovada,01,2025-01-07,421373,000001259,14180915,500.0,-6.65,493.35,Nacional
Matriz_Luminis,07843328000119,72452,Visa,Crédito,Crédito Parcelado Lojista,2025-01-06 13:22,2025-01-06,2025-01,Aprovada,04,2025-02-06,168789,000001261,14180915,990.0,-22.77,967.23,Nacional
Matriz_Luminis,07843328000119,72452,Visa,Crédito,Crédito Parcelado Lojista,2025-01-06 15:35,2025-01-06,2025-01,Aprovada,10,2025-02-06,787659,000001263,14180915,2000.0,-51.2,1948.8,Nacional
Matriz_Luminis,07843328000119,72452,Elo,Débito,Débito,2025-01-06 16:28,2025-01-06,2025-01,Aprovada,01,2025-01-07,097302,000001265,14180915,200.0,-3.6,196.4,Nacional
Matriz_Luminis,07843328000119,72452,Mastercard,Crédito,Crédito Parcelado Lojista,2025-01-06 16:39,2025-01-06,2025-01,Aprovada,10,2025-02-06,091737,000001267,14180915,1440.0,-41.04,1398.96,Nacional
Matriz_Luminis,07843328000119,72452,Visa,Crédito,Crédito Parcelado Lojista,2025-01-08 18:21,2025-01-08,2025-01,Aprovada,10,2025-02-10,168938,186235311,EC055792,1000.0,-31.6,968.4,Nacional
Matriz_Luminis,07843328000119,72452,Visa,Crédito,Crédito Parcelado Lojista,2025-01-10 16:02,2025-01-10,2025-01,Negada,10,,00000000,164436471,EC055792,1300.0,0,0,N/A
Matriz_Luminis,07843328000119,72452,Visa,Crédito,Crédito Parcelado Lojista,2025-01-10 16:03,2025-01-10,2025-01,Aprovada,10,2025-02-10,095157,169653863,EC055792,1300.0,-41.08,1258.92,N/A
Matriz_Luminis,07843328000119,72452,Visa,Débito,Débito,2025-01-13 13:38,2025-01-13,2025-01,Aprovada,01,2025-01-14,289124,000001269,14180915,300.0,-3.99,296.01,N/A
Matriz_Luminis,07843328000119,72452,Visa,Crédito,Crédito Parcelado Lojista,2025-01-13 14:08,2025-01-13,2025-01,Aprovada,10,2025-02-13,692490,000001273,14180915,1400.0,-35.84,1364.16,N/A
Matriz_Luminis,07843328000119,72452,Visa,Crédito,Crédito Parcelado Lojista,2025-01-13 15:33,2025-01-13,2025-01,Aprovada,10,2025-02-13,493434,000001275,14180915,2440.0,-62.46,2377.54,N/A
Matriz_Luminis,07843328000119,72452,Mastercard,Crédito,Crédito Parcelado Lojista,2025-01-14 08:36,2025-01-14,2025-01,Aprovada,06,2025-01-14,039066,000001277,14180915,600.0,-13.8,586.2,N/A
Matriz_Luminis,07843328000119,72452,Visa,Débito,Débito,2025-01-16 10:04,2025-01-16,2025-01,Aprovada,01,2025-01-17,822447,000001281,14180915,1290.0,-17.16,1272.84,N/A
Matriz_Luminis,07843328000119,72452,Visa,Crédito,Crédito Parcelado Lojista,2025-01-16 11:52,2025-01-16,2025-01,Aprovada,10,2025-02-17,069407,000001285,14180915,2900.0,-74.24,2825.76,N/A
Matriz_Luminis,07843328000119,72452,Mastercard,Crédito,Crédito Parcelado Lojista,2025-01-17 13:22,2025-01-17,2025-01,Aprovada,08,2025-02-17,498211,000001287,14180915,1280.0,-36.48,1243.52,N/A
Matriz_Luminis,07843328000119,72452,Mastercard,Crédito,Crédito Parcelado Lojista,2025-01-18 10:21,2025-01-18,2025-01,Negada,10,,000000,000001291,14180915,880.0,0,0,N/A
Matriz_Luminis,07843328000119,72452,Visa,Crédito,Crédito Parcelado Lojista,2025-01-18 10:23,2025-01-18,2025-01,Aprovada,10,2025-02-18,635930,000001295,14180915,880.0,-22.53,857.47,N/A
Matriz_Luminis,07843328000119,72452,Mastercard,Crédito,Crédito Parcelado Lojista,2025-01-18 12:02,2025-01-18,2025-01,Aprovada,10,2025-02-18,820149,000001297,14180915,1890.0,-53.87,1836.13,N/A
Matriz_Luminis,07843328000119,72452,Visa,Crédito,Crédito Parcelado Lojista,2025-01-20 09:04,2025-01-20,2025-01,Aprovada,10,2025-02-20,889951,000001299,14180915,1600.0,-40.96,1559.04,Nacional
Matriz_Luminis,07843328000119,72452,Mastercard,Crédito,Crédito Parcelado Lojista,2025-01-20 10:04,2025-01-20,2025-01,Aprovada,08,2025-02-20,383618,000001303,14180915,650.0,-18.53,631.47,Nacional
Matriz_Luminis,07843328000119,72452,Visa,Crédito,Crédito Parcelado Lojista,2025-01-20 10:46,2025-01-20,2025-01,Aprovada,10,2025-02-20,007306,000001305,14180915,1900.0,-48.64,1851.36,Nacional
Matriz_Luminis,07843328000119,72452,Visa,Crédito,Crédito Parcelado Lojista,2025-01-20 13:20,2025-01-20,2025-01,Aprovada,10,2025-02-20,989278,000001307,14180915,1350.0,-34.56,1315.44,Nacional
Matriz_Luminis,07843328000119,72452,Visa,Débito,Débito,2025-01-20 13:59,2025-01-20,2025-01,Aprovada,01,2025-01-21,043974,000001309,14180915,1000.0,-13.3,986.7,Nacional
Matriz_Luminis,07843328000119,72452,Visa,Débito,Débito,2025-01-20 14:34,2025-01-20,2025-01,Aprovada,01,2025-01-21,352499,000001311,14180915,480.0,-6.38,473.62,Nacional
Matriz_Luminis,07843328000119,72452,Mastercard,Crédito,Crédito À Vista,2025-01-27 09:06,2025-01-27,2025-01,Aprovada,01,2025-02-27,108268,000001313,14180915,260.0,-5.95,254.05,Nacional
Matriz_Luminis,07843328000119,72452,Mastercard,Crédito,Crédito Parcelado Lojista,2025-01-27 14:35,2025-01-27,2025-01,Aprovada,10,2025-02-27,023633,000001317,14180915,1455.0,-41.47,1413.53,Nacional
Matriz_Luminis,07843328000119,72452,Visa,Débito,Débito,2025-01-27 14:37,2025-01-27,2025-01,Aprovada,01,2025-01-28,152655,000001319,14180915,500.0,-6.65,493.35,Nacional
Matriz_Luminis,07843328000119,72452,Visa,Crédito,Crédito Parcelado Lojista,2025-01-27 15:11,2025-01-27,2025-01,Aprovada,02,2025-02-27,000100,000001321,14180915,2000.0,-46.0,1954.0,Nacional
Matriz_Luminis,07843328000119,72452,Visa,Débito,Débito,2025-01-27 15:29,2025-01-27,2025-01,Aprovada,01,2025-01-28,981319,000001323,14180915,1000.0,-13.3,986.7,Nacional
Matriz_Luminis,07843328000119,72452,Visa,Crédito,Crédito Parcelado Lojista,2025-01-29 09:09,2025-01-29,2025-01,Negada,10,,000000,000001325,14180915,1300.0,0,0,N/A
Matriz_Luminis,07843328000119,72452,Visa,Crédito,Crédito Parcelado Lojista,2025-01-29 09:10,2025-01-29,2025-01,Aprovada,10,2025-03-05,611952,000001329,14180915,1300.0,-33.28,1266.72,Nacional
Matriz_Luminis,07843328000119,72452,Visa,Crédito,Crédito Parcelado Lojista,2025-01-30 13:50,2025-01-30,2025-01,Aprovada,04,2025-03-05,093236,000001331,14180915,1000.0,-23.0,977.0,Nacional
Matriz_Luminis,07843328000119,72452,Elo,Débito,Débito,2025-01-30 13:50,2025-01-30,2025-01,Aprovada,01,2025-01-31,497867,000001335,14180915,600.0,-10.8,589.2,Nacional
Matriz_Luminis,07843328000119,72452,Mastercard,Crédito,Crédito Parcelado Lojista,2025-02-03 09:47,2025-02-03,2025-02,Aprovada,10,2025-03-06,028428,000001337,14180915,4300.0,-122.55,4177.45,Nacional
Matriz_Luminis,07843328000119,72452,Mastercard,Crédito,Crédito Parcelado Lojista,2025-02-03 09:53,2025-02-03,2025-02,Aprovada,10,2025-03-06,082555,000001341,14180915,6200.0,-176.7,6023.3,Nacional
Matriz_Luminis,07843328000119,72452,Visa,Débito,Débito,2025-02-03 13:25,2025-02-03,2025-02,Aprovada,01,2025-02-04,255172,000001343,14180915,300.0,-3.99,296.01,Nacional
Matriz_Luminis,07843328000119,72452,Mastercard,Crédito,Crédito Parcelado Lojista,2025-02-03 15:29,2025-02-03,2025-02,Aprovada,06,2025-03-06,180959,000001345,14180915,600.0,-13.8,586.2,Nacional
Matriz_Luminis,07843328000119,72452,Mastercard,Crédito,Crédito Parcelado Lojista,2025-02-04 14:29,2025-02-04,2025-02,Aprovada,10,2025-03-07,196190,142296381,EC055792,850.0,-26.86,823.14,Nacional
Matriz_Luminis,07843328000119,72452,Mastercard,Crédito,Crédito Parcelado Lojista,2025-02-04 15:45,2025-02-04,2025-02,Aprovada,10,2025-03-07,170885,000001347,14180915,2260.0,-64.41,2195.59,Nacional
Matriz_Luminis,07843328000119,72452,Mastercard,Crédito,Crédito Parcelado Lojista,2025-02-05 09:22,2025-02-05,2025-02,Aprovada,10,2025-03-10,985219,000001351,14180915,2000.0,-57.0,1943.0,Nacional
Matriz_Luminis,07843328000119,72452,Visa,Débito,Débito,2025-02-05 10:40,2025-02-05,2025-02,Aprovada,01,2025-02-06,138441,000001355,14180915,1390.0,-18.49,1371.51,Nacional
Matriz_Luminis,07843328000119,72452,Visa,Débito,Débito,2025-02-05 10:50,2025-02-05,2025-02,Aprovada,01,2025-02-06,106553,000001357,14180915,200.0,-2.66,197.34,Nacional
Matriz_Luminis,07843328000119,72452,Visa,Débito,Débito,2025-02-07 17:45,2025-02-07,2025-02,Aprovada,01,2025-02-10,452472,000001359,14180915,300.0,-3.99,296.01,Nacional
Matriz_Luminis,07843328000119,72452,Visa,Crédito,Crédito Parcelado Lojista,2025-02-08 11:11,2025-02-08,2025-02,Negada,10,,000000,000001363,14180915,1500.0,0,0,N/A
Matriz_Luminis,07843328000119,72452,Visa,Crédito,Crédito Parcelado Lojista,2025-02-08 11:13,2025-02-08,2025-02,Negada,10,,000000,000001367,14180915,1500.0,0,0,N/A
Matriz_Luminis,07843328000119,72452,Mastercard,Crédito,Crédito Parcelado Lojista,2025-02-08 11:18,2025-02-08,2025-02,Negada,10,,000000,000001369,14180915,1000.0,0,0,N/A
Matriz_Luminis,07843328000119,72452,Visa,Crédito,Crédito Parcelado Lojista,2025-02-08 11:19,2025-02-08,2025-02,Aprovada,10,2025-03-11,737766,000001371,14180915,1000.0,-25.6,974.4,Nacional
Matriz_Luminis,07843328000119,72452,Mastercard,Crédito,Crédito Parcelado Lojista,2025-02-08 11:21,2025-02-08,2025-02,Negada,10,,000000,000001373,14180915,1500.0,0,0,N/A
Matriz_Luminis,07843328000119,72452,Mastercard,Crédito,Crédito Parcelado Lojista,2025-02-08 11:21,2025-02-08,2025-02,Negada,10,,000000,000001375,14180915,1500.0,0,0,N/A
Matriz_Luminis,07843328000119,72452,Mastercard,Crédito,Crédito Parcelado Lojista,2025-02-08 11:22,2025-02-08,2025-02,Aprovada,10,2025-03-11,R09800,000001377,14180915,1500.0,-42.75,1457.25,Nacional
Matriz_Luminis,07843328000119,72452,Visa,Crédito,Crédito Parcelado Lojista,2025-02-10 09:20,2025-02-10,2025-02,Aprovada,10,2025-03-13,001662,000001379,14180915,3690.0,-94.46,3595.54,Nacional
Matriz_Luminis,07843328000119,72452,Mastercard,Crédito,Crédito Parcelado Lojista,2025-02-10 09:30,2025-02-10,2025-02,Aprovada,10,2025-03-13,310454,000001383,14180915,1900.0,-54.15,1845.85,Nacional
Matriz_Luminis,07843328000119,72452,Visa,Crédito,Crédito Parcelado Lojista,2025-02-10 10:20,2025-02-10,2025-02,Aprovada,10,2025-03-13,022190,000001385,14180915,7600.0,-194.56,7405.44,Nacional
Matriz_Luminis,07843328000119,72452,Visa,Crédito,Crédito Parcelado Lojista,2025-02-10 10:51,2025-02-10,2025-02,Aprovada,10,2025-03-13,620755,000001387,14180915,3000.0,-76.8,2923.2,Nacional
Matriz_Luminis,07843328000119,72452,Mastercard,Crédito,Crédito Parcelado Lojista,2025-02-10 11:04,2025-02-10,2025-02,Aprovada,10,2025-03-13,918361,000001389,14180915,2160.0,-61.56,2098.44,Nacional
Matriz_Luminis,07843328000119,72452,Visa,Crédito,Crédito Parcelado Lojista,2025-02-10 16:39,2025-02-10,2025-02,Aprovada,10,2025-03-13,694762,000001391,14180915,3250.0,-83.2,3166.8,Nacional
Matriz_Luminis,07843328000119,72452,Visa,Crédito,Crédito Parcelado Lojista,2025-02-10 17:04,2025-02-10,2025-02,Aprovada,10,2025-03-13,044623,000001393,14180915,1600.0,-40.96,1559.04,Nacional
Matriz_Luminis,07843328000119,72452,Visa,Crédito,Crédito Parcelado Lojista,2025-02-11 09:42,2025-02-11,2025-02,Aprovada,10,2025-03-14,337686,000001395,14180915,500.0,-12.8,487.2,Nacional
Matriz_Luminis,07843328000119,72452,Mastercard,Crédito,Crédito Parcelado Lojista,2025-02-12 10:32,2025-02-12,2025-02,Aprovada,10,2025-03-17,096424,000001399,14180915,1154.0,-32.89,1121.11,Nacional
Matriz_Luminis,07843328000119,72452,Visa,Crédito,Crédito Parcelado Lojista,2025-02-14 18:02,2025-02-14,2025-02,Negada,10,,000000,000001403,14180915,1900.0,0,0,N/A
Matriz_Luminis,07843328000119,72452,Visa,Débito,Débito,2025-02-14 18:02,2025-02-14,2025-02,Aprovada,01,2025-02-17,696968,000001407,14180915,900.0,-11.97,888.03,Nacional
Matriz_Luminis,07843328000119,72452,Mastercard,Débito,Débito,2025-02-17 11:40,2025-02-17,2025-02,Aprovada,01,2025-02-18,M61813,000001409,14180915,300.0,-4.02,295.98,Nacional
Matriz_Luminis,07843328000119,72452,Visa,Crédito,Crédito Parcelado Lojista,2025-02-17 14:32,2025-02-17,2025-02,Aprovada,02,2025-03-20,027249,000001413,14180915,600.0,-13.8,586.2,Nacional
Matriz_Luminis,07843328000119,72452,Mastercard,Crédito,Crédito Parcelado Lojista,2025-02-17 14:33,2025-02-17,2025-02,Aprovada,02,2025-03-20,884969,000001415,14180915,2000.0,-46.0,1954.0,Nacional
Matriz_Luminis,07843328000119,72452,Mastercard,Crédito,Crédito Parcelado Lojista,2025-02-17 14:34,2025-02-17,2025-02,Aprovada,10,2025-03-20,029184,000001417,14180915,1500.0,-42.75,1457.25,Nacional
Matriz_Luminis,07843328000119,72452,Mastercard,Débito,Débito,2025-02-17 15:15,2025-02-17,2025-02,Aprovada,01,2025-02-18,101621,000001419,14180915,190.0,-2.55,187.45,Nacional
Matriz_Luminis,07843328000119,72452,Mastercard,Crédito,Crédito Parcelado Lojista,2025-02-17 16:42,2025-02-17,2025-02,Aprovada,10,2025-03-20,050462,000001421,14180915,2315.0,-65.98,2249.02,Nacional
Matriz_Luminis,07843328000119,72452,Visa,Débito,Débito,2025-02-18 10:54,2025-02-18,2025-02,Aprovada,01,2025-02-19,551672,000001423,14180915,200.0,-2.66,197.34,Nacional
Matriz_Luminis,07843328000119,72452,Mastercard,Crédito,Crédito Parcelado Lojista,2025-02-20 09:06,2025-02-20,2025-02,Aprovada,10,2025-03-24,246460,000001427,14180915,1250.0,-35.63,1214.37,Nacional
Matriz_Luminis,07843328000119,72452,Mastercard,Crédito,Crédito Parcelado Lojista,2025-02-21 12:41,2025-02-21,2025-02,Aprovada,05,2025-03-24,107535,000001431,14180915,2000.0,-46.0,1954.0,Nacional
Matriz_Luminis,07843328000119,72452,Visa,Crédito,Crédito Parcelado Lojista,2025-02-24 09:21,2025-02-24,2025-02,Aprovada,04,2025-03-27,648187,000001435,14180915,800.0,-18.4,781.6,Nacional
Matriz_Luminis,07843328000119,72452,Elo,Débito,Débito,2025-02-24 15:07,2025-02-24,2025-02,Aprovada,01,2025-02-25,355527,000001439,14180915,1000.0,-18.0,982.0,Nacional
Matriz_Luminis,07843328000119,72452,Mastercard,Crédito,Crédito Parcelado Lojista,2025-02-24 15:51,2025-02-24,2025-02,Aprovada,02,2025-03-27,079616,000001441,14180915,180.0,-4.14,175.86,Nacional
Matriz_Luminis,07843328000119,72452,Visa,Crédito,Crédito Parcelado Lojista,2025-02-25 12:28,2025-02-25,2025-02,Aprovada,10,2025-03-28,202245,000001443,14180915,2000.0,-51.2,1948.8,Nacional
Matriz_Luminis,07843328000119,72452,Mastercard,Crédito,Crédito Parcelado Lojista,2025-02-25 14:32,2025-02-25,2025-02,Aprovada,10,2025-03-28,094635,000001447,14180915,2000.0,-57.0,1943.0,Nacional
Matriz_Luminis,07843328000119,72452,Mastercard,Crédito,Crédito Parcelado Lojista,2025-03-06 10:20,2025-03-06,2025-03,Aprovada,10,2025-04-07,R88835,000001449,14180915,1000.0,-28.5,971.5,Nacional
Matriz_Luminis,07843328000119,72452,Visa,Crédito,Crédito Parcelado Lojista,2025-03-07 14:29,2025-03-07,2025-03,Aprovada,10,2025-04-07,146435,000001453,14180915,775.0,-19.84,755.16,Nacional
Matriz_Luminis,07843328000119,72452,Visa,Crédito,Crédito Parcelado Lojista,2025-03-07 14:30,2025-03-07,2025-03,Aprovada,10,2025-04-07,150161,000001457,14180915,775.0,-19.84,755.16,Nacional
Matriz_Luminis,07843328000119,72452,Mastercard,Crédito,Crédito Parcelado Lojista,2025-03-10 09:51,2025-03-10,2025-03,Aprovada,03,2025-04-10,520602,000001459,14180915,350.0,-8.05,341.95,Nacional
Matriz_Luminis,07843328000119,72452,Mastercard,Crédito,Crédito Parcelado Lojista,2025-03-10 11:02,2025-03-10,2025-03,Aprovada,10,2025-04-10,071999,000001463,14180915,1660.0,-47.31,1612.69,Nacional
Matriz_Luminis,07843328000119,72452,Mastercard,Crédito,Crédito Parcelado Lojista,2025-03-10 11:52,2025-03-10,2025-03,Aprovada,10,2025-04-10,531640,000001465,14180915,2500.0,-71.25,2428.75,Nacional
Matriz_Luminis,07843328000119,72452,Visa,Crédito,Crédito À Vista,2025-03-11 11:33,2025-03-11,2025-03,Aprovada,01,2025-04-11,334958,000001467,14180915,100.0,-2.0,98.0,Nacional
Matriz_Luminis,07843328000119,72452,Mastercard,Crédito,Crédito Parcelado Lojista,2025-03-11 17:46,2025-03-11,2025-03,Aprovada,10,2025-04-11,798565,000001471,14180915,2090.0,-59.57,2030.43,Nacional
Matriz_Luminis,07843328000119,72452,Mastercard,Débito,Débito,2025-03-13 15:09,2025-03-13,2025-03,Aprovada,01,2025-03-14,M28243,000001473,14180915,500.0,-6.7,493.3,Nacional
Matriz_Luminis,07843328000119,72452,Visa,Crédito,Crédito Parcelado Lojista,2025-03-17 11:09,2025-03-17,2025-03,Aprovada,10,2025-04-17,949006,000001477,14180915,1600.0,-40.96,1559.04,Nacional
Matriz_Luminis,07843328000119,72452,Mastercard,Crédito,Crédito Parcelado Lojista,2025-03-17 11:17,2025-03-17,2025-03,Negada,04,,000000,000001481,14180915,3400.0,0,0,N/A
Matriz_Luminis,07843328000119,72452,Mastercard,Crédito,Crédito Parcelado Lojista,2025-03-17 11:17,2025-03-17,2025-03,Aprovada,04,2025-04-17,071799,000001483,14180915,3400.0,-78.2,3321.8,Nacional
Matriz_Luminis,07843328000119,72452,Elo,Débito,Débito,2025-03-17 13:13,2025-03-17,2025-03,Aprovada,01,2025-03-18,486857,000001485,14180915,140.0,-2.52,137.48,Nacional
Matriz_Luminis,07843328000119,72452,Visa,Crédito,Crédito Parcelado Lojista,2025-03-17 13:14,2025-03-17,2025-03,Aprovada,04,2025-04-17,018071,000001487,14180915,400.0,-9.2,390.8,Nacional
Matriz_Luminis,07843328000119,72452,Mastercard,Crédito,Crédito À Vista,2025-03-17 13:21,2025-03-17,2025-03,Aprovada,01,2025-04-17,212067,000001489,14180915,315.0,-7.21,307.79,Nacional
Matriz_Luminis,07843328000119,72452,Mastercard,Crédito,Crédito Parcelado Lojista,2025-03-17 15:06,2025-03-17,2025-03,Aprovada,02,2025-04-17,930710,000001491,14180915,600.0,-13.8,586.2,Nacional
Matriz_Luminis,07843328000119,72452,Mastercard,Crédito,Crédito Parcelado Lojista,2025-03-17 16:19,2025-03-17,2025-03,Aprovada,10,2025-04-17,204835,000001493,14180915,1700.0,-48.45,1651.55,Nacional
Matriz_Luminis,07843328000119,72452,Mastercard,Crédito,Crédito Parcelado Lojista,2025-03-17 16:19,2025-03-17,2025-03,Aprovada,10,2025-04-17,R02865,000001495,14180915,1620.0,-46.17,1573.83,Nacional
Matriz_Luminis,07843328000119,72452,Visa,Crédito,Crédito À Vista,2025-03-17 17:30,2025-03-17,2025-03,Aprovada,01,2025-04-17,084328,000001497,14180915,450.0,-9.0,441.0,Nacional
Matriz_Luminis,07843328000119,72452,Visa,Crédito,Crédito Parcelado Lojista,2025-03-19 10:09,2025-03-19,2025-03,Aprovada,10,2025-04-22,LUJNYU,104016661,EC055792,1890.0,-59.72,1830.28,Nacional
Matriz_Luminis,07843328000119,72452,Elo,Crédito,Crédito Parcelado Lojista,2025-03-20 13:53,2025-03-20,2025-03,Negada,03,,000000,000001499,14180915,486.0,0,0,N/A
Matriz_Luminis,07843328000119,72452,Elo,Crédito,Crédito Parcelado Lojista,2025-03-20 13:55,2025-03-20,2025-03,Negada,03,,000000,000001503,14180915,486.0,0,0,N/A
Matriz_Luminis,07843328000119,72452,Mastercard,Crédito,Crédito Parcelado Lojista,2025-03-20 13:57,2025-03-20,2025-03,Aprovada,10,2025-04-22,055203,000001505,14180915,1600.0,-45.6,1554.4,Nacional
Matriz_Luminis,07843328000119,72452,Visa,Crédito,Crédito Parcelado Lojista,2025-03-21 09:14,2025-03-21,2025-03,Aprovada,04,2025-04-22,AKHMPO,000001507,14180915,630.0,-14.49,615.51,Nacional
Matriz_Luminis,07843328000119,72452,Visa,Débito,Débito,2025-03-24 08:49,2025-03-24,2025-03,Aprovada,01,2025-03-25,435091,000001511,14180915,50.0,-0.67,49.33,Nacional
Matriz_Luminis,07843328000119,72452,Elo,Crédito,Crédito Parcelado Lojista,2025-03-24 09:19,2025-03-24,2025-03,Aprovada,03,2025-04-24,136990,000001515,14180915,180.0,-5.04,174.96,Nacional
Matriz_Luminis,07843328000119,72452,Mastercard,Crédito,Crédito Parcelado Lojista,2025-03-24 11:21,2025-03-24,2025-03,Aprovada,10,2025-04-24,986516,000001517,14180915,770.0,-21.95,748.05,Nacional
Matriz_Luminis,07843328000119,72452,Mastercard,Crédito,Crédito Parcelado Lojista,2025-03-24 13:46,2025-03-24,2025-03,Negada,06,,000000,000001519,14180915,480.0,0,0,N/A
Matriz_Luminis,07843328000119,72452,Mastercard,Crédito,Crédito Parcelado Lojista,2025-03-24 13:47,2025-03-24,2025-03,Aprovada,06,2025-04-24,406904,000001521,14180915,480.0,-11.04,468.96,Nacional
Matriz_Luminis,07843328000119,72452,Visa,Débito,Débito,2025-03-24 14:31,2025-03-24,2025-03,Aprovada,01,2025-03-25,354952,000001523,14180915,200.0,-2.66,197.34,Nacional
Matriz_Luminis,07843328000119,72452,Mastercard,Crédito,Crédito Parcelado Lojista,2025-03-24 15:24,2025-03-24,2025-03,Aprovada,10,2025-04-24,911027,000001525,14180915,1440.0,-41.04,1398.96,Nacional
Matriz_Luminis,07843328000119,72452,Visa,Crédito,Crédito Parcelado Lojista,2025-03-27 13:33,2025-03-27,2025-03,Aprovada,10,2025-04-28,333072,000001527,14180915,1700.0,-43.52,1656.48,Nacional
Matriz_Luminis,07843328000119,72452,Mastercard,Crédito,Crédito Parcelado Lojista,2025-03-28 11:11,2025-03-28,2025-03,Aprovada,03,2025-04-28,R04053,000001531,14180915,700.0,-16.1,683.9,Nacional
Matriz_Luminis,07843328000119,72452,Mastercard,Crédito,Crédito Parcelado Lojista,2025-03-29 10:17,2025-03-29,2025-03,Negada,05,,000000,000001535,14180915,3300.0,0,0,N/A
Matriz_Luminis,07843328000119,72452,Visa,Crédito,Crédito Parcelado Lojista,2025-03-31 10:35,2025-03-31,2025-03,Aprovada,03,2025-05-02,653985,000001539,14180915,640.0,-14.72,625.28,Nacional
Matriz_Luminis,07843328000119,72452,Mastercard,Crédito,Crédito Parcelado Lojista,2025-03-31 11:36,2025-03-31,2025-03,Negada,02,,000000,000001543,14180915,1550.0,0,0,N/A
Matriz_Luminis,07843328000119,72452,Mastercard,Crédito,Crédito À Vista,2025-03-31 11:37,2025-03-31,2025-03,Aprovada,01,2025-05-02,02024Z,000001545,14180915,1550.0,-35.5,1514.5,Internacional
Matriz_Luminis,07843328000119,72452,Visa,Crédito,Crédito Parcelado Lojista,2025-04-01 09:22,2025-04-01,2025-04,Aprovada,06,2025-05-02,633116,000001547,14180915,1600.0,-36.8,1563.2,Nacional
Matriz_Luminis,07843328000119,72452,Mastercard,Crédito,Crédito Parcelado Lojista,2025-04-01 09:48,2025-04-01,2025-04,Aprovada,06,2025-05-02,116651,096739391,EC055792,3300.0,-99.33,3200.67,Nacional
Matriz_Luminis,07843328000119,72452,Visa,Crédito,Crédito À Vista,2025-04-01 11:56,2025-04-01,2025-04,Aprovada,01,2025-05-02,564357,000001551,14180915,150.0,-3.0,147.0,Nacional
Matriz_Luminis,07843328000119,72452,Elo,Crédito,Crédito Parcelado Lojista,2025-04-01 14:09,2025-04-01,2025-04,Negada,03,,000000,000001553,14180915,486.0,0,0,N/A
Matriz_Luminis,07843328000119,72452,Visa,Débito,Débito,2025-04-01 16:14,2025-04-01,2025-04,Aprovada,01,2025-04-02,132147,000001555,14180915,100.0,-1.33,98.67,Nacional
Matriz_Luminis,07843328000119,72452,Mastercard,Crédito,Crédito Parcelado Lojista,2025-04-01 16:15,2025-04-01,2025-04,Aprovada,02,2025-05-02,667463,000001557,14180915,650.0,-14.95,635.05,Nacional
Matriz_Luminis,07843328000119,72452,Visa,Crédito,Crédito Parcelado Lojista,2025-04-07 09:21,2025-04-07,2025-04,Aprovada,10,2025-05-08,017993,000001559,14180915,1650.0,-42.24,1607.76,Nacional
Matriz_Luminis,07843328000119,72452,Visa,Débito,Débito,2025-04-07 13:15,2025-04-07,2025-04,Aprovada,01,2025-04-08,365899,000001563,14180915,250.0,-3.33,246.67,Nacional
Matriz_Luminis,07843328000119,72452,Elo,Crédito,Crédito Parcelado Lojista,2025-04-07 13:23,2025-04-07,2025-04,Aprovada,10,2025-05-08,859835,000001565,14180915,4030.0,-123.32,3906.68,Nacional
Matriz_Luminis,07843328000119,72452,Mastercard,Crédito,Crédito Parcelado Lojista,2025-04-07 15:47,2025-04-07,2025-04,Aprovada,10,2025-05-08,014525,000001567,14180915,930.0,-26.51,903.49,Nacional
Matriz_Luminis,07843328000119,72452,Mastercard,Crédito,Crédito Parcelado Lojista,2025-04-07 16:05,2025-04-07,2025-04,Aprovada,10,2025-05-08,011555,000001569,14180915,1800.0,-51.3,1748.7,Nacional
Matriz_Luminis,07843328000119,72452,Visa,Crédito,Crédito Parcelado Lojista,2025-04-08 15:31,2025-04-08,2025-04,Aprovada,10,2025-05-09,352369,000001571,14180915,1550.0,-39.68,1510.32,Nacional
Matriz_Luminis,07843328000119,72452,Visa,Crédito,Crédito Parcelado Lojista,2025-04-11 14:25,2025-04-11,2025-04,Aprovada,06,2025-05-12,085311,140317595,EC055792,1710.0,-51.47,1658.53,Nacional
Matriz_Luminis,07843328000119,72452,Visa,Crédito,Crédito Parcelado Lojista,2025-04-11 16:11,2025-04-11,2025-04,Aprovada,10,2025-05-12,089649,000001575,14180915,1240.0,-31.74,1208.26,Nacional
Matriz_Luminis,07843328000119,72452,Mastercard,Crédito,Crédito Parcelado Lojista,2025-04-14 09:03,2025-04-14,2025-04,Aprovada,03,2025-05-15,419926,000001579,14180915,300.0,-6.9,293.1,Nacional
Matriz_Luminis,07843328000119,72452,Visa,Crédito,Crédito Parcelado Lojista,2025-04-14 10:32,2025-04-14,2025-04,Aprovada,04,2025-05-15,681368,000001583,14180915,1440.0,-33.12,1406.88,Nacional
Matriz_Luminis,07843328000119,72452,Visa,Crédito,Crédito Parcelado Lojista,2025-04-14 10:49,2025-04-14,2025-04,Aprovada,10,2025-05-15,375835,000001585,14180915,1000.0,-25.6,974.4,Nacional
Matriz_Luminis,07843328000119,72452,Mastercard,Crédito,Crédito Parcelado Lojista,2025-04-14 15:00,2025-04-14,2025-04,Aprovada,10,2025-05-15,192805,000001587,14180915,1790.0,-51.02,1738.98,Nacional
Matriz_Luminis,07843328000119,72452,Visa,Débito,Débito,2025-04-14 15:07,2025-04-14,2025-04,Aprovada,01,2025-04-15,587363,000001589,14180915,3310.0,-44.02,3265.98,Nacional
Matriz_Luminis,07843328000119,72452,Mastercard,Crédito,Crédito Parcelado Lojista,2025-04-14 16:20,2025-04-14,2025-04,Aprovada,10,2025-05-15,053671,000001591,14180915,2150.0,-61.28,2088.72,Nacional
Matriz_Luminis,07843328000119,72452,Mastercard,Crédito,Crédito Parcelado Lojista,2025-04-15 10:11,2025-04-15,2025-04,Aprovada,10,2025-05-16,972866,000001593,14180915,2037.0,-58.05,1978.95,Nacional
Matriz_Luminis,07843328000119,72452,Visa,Crédito,Crédito Parcelado Lojista,2025-04-15 10:12,2025-04-15,2025-04,Aprovada,10,2025-05-16,050169,000001597,14180915,900.0,-23.04,876.96,Nacional
Matriz_Luminis,07843328000119,72452,Mastercard,Crédito,Crédito Parcelado Lojista,2025-04-15 14:03,2025-04-15,2025-04,Aprovada,10,2025-05-16,R09218,000001599,14180915,1800.0,-51.3,1748.7,Nacional
Matriz_Luminis,07843328000119,72452,Mastercard,Crédito,Crédito Parcelado Lojista,2025-04-16 11:48,2025-04-16,2025-04,Aprovada,10,2025-05-19,026380,000001601,14180915,5971.0,-170.17,5800.83,Nacional
Matriz_Luminis,07843328000119,72452,Mastercard,Crédito,Crédito Parcelado Lojista,2025-04-25 16:35,2025-04-25,2025-04,Aprovada,10,2025-05-26,064914,000001605,14180915,1700.0,-48.45,1651.55,Nacional
Matriz_Luminis,07843328000119,72452,Mastercard,Crédito,Crédito Parcelado Lojista,2025-04-26 11:15,2025-04-26,2025-04,Aprovada,06,2025-05-27,154055,000001609,14180915,2100.0,-48.3,2051.7,Nacional
Matriz_Luminis,07843328000119,72452,Visa,Crédito,Crédito Parcelado Lojista,2025-04-28 09:01,2025-04-28,2025-04,Aprovada,06,2025-05-29,994605,000001613,14180915,1785.0,-41.06,1743.94,Nacional
Matriz_Luminis,07843328000119,72452,Mastercard,Crédito,Crédito Parcelado Lojista,2025-04-28 09:13,2025-04-28,2025-04,Aprovada,06,2025-05-29,063272,000001617,14180915,730.0,-16.79,713.21,Nacional
Matriz_Luminis,07843328000119,72452,Mastercard,Crédito,Crédito Parcelado Lojista,2025-04-28 10:56,2025-04-28,2025-04,Aprovada,08,2025-05-29,644353,000001619,14180915,1100.0,-31.35,1068.65,Nacional
Matriz_Luminis,07843328000119,72452,Mastercard,Crédito,Crédito Parcelado Lojista,2025-04-28 11:44,2025-04-28,2025-04,Aprovada,10,2025-05-29,981125,000001621,14180915,1100.0,-31.35,1068.65,Nacional
Matriz_Luminis,07843328000119,72452,Visa,Crédito,Crédito Parcelado Lojista,2025-04-28 12:20,2025-04-28,2025-04,Aprovada,10,2025-05-29,727839,000001623,14180915,2150.0,-55.04,2094.96,Nacional
Matriz_Luminis,07843328000119,72452,Visa,Crédito,Crédito À Vista,2025-04-28 13:56,2025-04-28,2025-04,Aprovada,01,2025-05-29,014802,000001625,14180915,150.0,-3.0,147.0,Nacional
Matriz_Luminis,07843328000119,72452,Mastercard,Crédito,Crédito Parcelado Lojista,2025-04-28 14:09,2025-04-28,2025-04,Aprovada,10,2025-05-29,359040,000001627,14180915,1150.0,-32.78,1117.22,Nacional
Matriz_Luminis,07843328000119,72452,Visa,Crédito,Crédito Parcelado Lojista,2025-05-02 08:31,2025-05-02,2025-05,Aprovada,05,2025-06-02,011278,000001629,14180915,1100.0,-25.3,1074.7,Nacional
Matriz_Luminis,07843328000119,72452,Amex,Crédito,Crédito Parcelado Lojista,2025-05-05 11:02,2025-05-05,2025-05,Aprovada,10,2025-06-05,630621,000001631,14180915,2870.0,-102.17,2767.83,Nacional
Matriz_Luminis,07843328000119,72452,Visa,Débito,Débito,2025-05-05 14:01,2025-05-05,2025-05,Aprovada,01,2025-05-06,650528,000001635,14180915,1135.0,-15.1,1119.9,Nacional
Matriz_Luminis,07843328000119,72452,Mastercard,Crédito,Crédito Parcelado Lojista,2025-05-05 15:28,2025-05-05,2025-05,Aprovada,06,2025-06-05,Y4VJM7,000001637,14180915,750.0,-17.25,732.75,Nacional
Matriz_Luminis,07843328000119,72452,Visa,Crédito,Crédito Parcelado Lojista,2025-05-05 16:23,2025-05-05,2025-05,Aprovada,10,2025-06-05,633076,000001639,14180915,6685.0,-171.14,6513.86,Nacional
Matriz_Luminis,07843328000119,72452,Mastercard,Crédito,Crédito Parcelado Lojista,2025-05-05 16:42,2025-05-05,2025-05,Aprovada,10,2025-06-05,212282,000001641,14180915,5734.0,-163.42,5570.58,Nacional
Matriz_Luminis,07843328000119,72452,Mastercard,Crédito,Crédito Parcelado Lojista,2025-05-08 10:44,2025-05-08,2025-05,Aprovada,04,2025-06-09,454052,000001643,14180915,3560.0,-81.88,3478.12,Nacional
Matriz_Luminis,07843328000119,72452,Amex,Crédito,Crédito Parcelado Lojista,2025-05-12 10:52,2025-05-12,2025-05,Aprovada,10,2025-06-12,631883,000001647,14180915,1659.0,-59.06,1599.94,Nacional
Matriz_Luminis,07843328000119,72452,Elo,Débito,Débito,2025-05-12 11:22,2025-05-12,2025-05,Aprovada,01,2025-05-13,180589,000001651,14180915,1500.0,-27.0,1473.0,Nacional
Matriz_Luminis,07843328000119,72452,Visa,Crédito,Crédito Parcelado Lojista,2025-05-12 11:22,2025-05-12,2025-05,Aprovada,03,2025-06-12,231073,000001653,14180915,2700.0,-62.1,2637.9,Nacional
Matriz_Luminis,07843328000119,72452,Visa,Débito,Débito,2025-05-12 16:50,2025-05-12,2025-05,Aprovada,01,2025-05-13,885151,000001655,14180915,1250.0,-16.63,1233.37,Nacional
Matriz_Luminis,07843328000119,72452,Mastercard,Crédito,Crédito Parcelado Lojista,2025-05-12 17:01,2025-05-12,2025-05,Aprovada,05,2025-06-12,226714,000001657,14180915,590.0,-13.57,576.43,Nacional
Matriz_Luminis,07843328000119,72452,Visa,Débito,Débito,2025-05-14 15:56,2025-05-14,2025-05,Aprovada,01,2025-05-15,946757,000001659,14180915,2450.0,-32.59,2417.41,Nacional
Matriz_Luminis,07843328000119,72452,Elo,Crédito,Crédito Parcelado Lojista,2025-05-14 17:49,2025-05-14,2025-05,Aprovada,10,2025-06-16,937914,000001663,14180915,2000.0,-61.2,1938.8,Nacional
Matriz_Luminis,07843328000119,72452,Visa,Crédito,Crédito Parcelado Lojista,2025-05-19 09:15,2025-05-19,2025-05,Aprovada,10,2025-06-20,091676,000001665,14180915,950.0,-24.32,925.68,Nacional
Matriz_Luminis,07843328000119,72452,Mastercard,Débito,Débito,2025-05-19 15:33,2025-05-19,2025-05,Aprovada,01,2025-05-20,340948,000001669,14180915,100.0,-1.34,98.66,Nacional
Matriz_Luminis,07843328000119,72452,Mastercard,Débito,Débito,2025-05-22 10:19,2025-05-22,2025-05,Aprovada,01,2025-05-23,M39784,000001671,14180915,1000.0,-13.4,986.6,Nacional
Matriz_Luminis,07843328000119,72452,Visa,Crédito,Crédito Parcelado Lojista,2025-05-23 15:58,2025-05-23,2025-05,Aprovada,10,2025-06-23,566069,000001675,14180915,1500.0,-38.4,1461.6,Nacional
Matriz_Luminis,07843328000119,72452,Mastercard,Crédito,Crédito Parcelado Lojista,2025-05-26 08:45,2025-05-26,2025-05,Aprovada,06,2025-06-26,031397,000001679,14180915,2394.0,-55.06,2338.94,Nacional
Matriz_Luminis,07843328000119,72452,Mastercard,Crédito,Crédito Parcelado Lojista,2025-05-26 10:03,2025-05-26,2025-05,Aprovada,10,2025-06-26,005083,000001683,14180915,1675.0,-47.74,1627.26,Nacional
Matriz_Luminis,07843328000119,72452,Mastercard,Crédito,Crédito Parcelado Lojista,2025-05-26 13:38,2025-05-26,2025-05,Aprovada,10,2025-06-26,063122,000001685,14180915,2860.0,-81.51,2778.49,Nacional
Matriz_Luminis,07843328000119,72452,Mastercard,Crédito,Crédito Parcelado Lojista,2025-05-27 09:47,2025-05-27,2025-05,Aprovada,10,2025-06-27,T02587,090253653,EC055792,1450.0,-45.82,1404.18,Nacional
Matriz_Luminis,07843328000119,72452,Visa,Crédito,Crédito Parcelado Lojista,2025-05-29 16:19,2025-05-29,2025-05,Aprovada,10,2025-06-30,953453,000001687,14180915,1640.0,-41.98,1598.02,Nacional
Matriz_Luminis,07843328000119,72452,Mastercard,Crédito,Crédito Parcelado Lojista,2025-05-31 10:49,2025-05-31,2025-05,Aprovada,10,2025-07-01,624326,000001691,14180915,1300.0,-37.05,1262.95,Nacional
Matriz_Luminis,07843328000119,72452,Mastercard,Débito,Débito,2025-05-31 10:53,2025-05-31,2025-05,Aprovada,01,2025-06-02,Pc9P3C,000001695,14180915,120.0,-1.61,118.39,Nacional
Matriz_Luminis,07843328000119,72452,Elo,Crédito,Crédito Parcelado Lojista,2025-06-02 09:10,2025-06-02,2025-06,Aprovada,10,2025-07-03,771198,000001697,14180915,1180.0,-36.11,1143.89,Nacional
Matriz_Luminis,07843328000119,72452,Visa,Crédito,Crédito Parcelado Lojista,2025-06-02 10:27,2025-06-02,2025-06,Aprovada,10,2025-07-03,070973,000001701,14180915,2480.0,-63.49,2416.51,Nacional
Matriz_Luminis,07843328000119,72452,Visa,Crédito,Crédito Parcelado Lojista,2025-06-02 10:50,2025-06-02,2025-06,Aprovada,10,2025-07-03,841985,000001703,14180915,1530.0,-39.17,1490.83,Nacional
Matriz_Luminis,07843328000119,72452,Mastercard,Crédito,Crédito Parcelado Lojista,2025-06-02 12:55,2025-06-02,2025-06,Aprovada,10,2025-07-03,R02666,000001705,14180915,1140.0,-32.49,1107.51,Nacional
Matriz_Luminis,07843328000119,72452,Visa,Crédito,Crédito Parcelado Lojista,2025-06-02 14:33,2025-06-02,2025-06,Aprovada,10,2025-07-03,633715,000001707,14180915,2940.0,-75.26,2864.74,Nacional
Matriz_Luminis,07843328000119,72452,Visa,Crédito,Crédito Parcelado Lojista,2025-06-02 15:43,2025-06-02,2025-06,Aprovada,10,2025-07-03,632312,000001709,14180915,1190.0,-30.46,1159.54,Nacional
Matriz_Luminis,07843328000119,72452,Visa,Crédito,Crédito Parcelado Lojista,2025-06-04 11:56,2025-06-04,2025-06,Aprovada,06,2025-07-07,662778,000001711,14180915,2150.0,-49.45,2100.55,Nacional
Matriz_Luminis,07843328000119,72452,Visa,Crédito,Crédito Parcelado Lojista,2025-06-05 10:26,2025-06-05,2025-06,Aprovada,04,2025-07-07,042768,000001715,14180915,2229.0,-51.27,2177.73,Nacional
Matriz_Luminis,07843328000119,72452,Mastercard,Crédito,Crédito Parcelado Lojista,2025-06-05 16:55,2025-06-05,2025-06,Aprovada,06,2025-07-07,561548,000001719,14180915,1390.0,-31.97,1358.03,Nacional
Matriz_Luminis,07843328000119,72452,Mastercard,Crédito,Crédito Parcelado Lojista,2025-06-07 10:32,2025-06-07,2025-06,Aprovada,02,2025-07-08,052950,000001721,14180915,990.0,-22.77,967.23,Nacional
Matriz_Luminis,07843328000119,72452,Mastercard,Crédito,Crédito Parcelado Lojista,2025-06-09 10:24,2025-06-09,2025-06,Aprovada,10,2025-07-10,269434,000001725,14180915,2160.0,-61.56,2098.44,Nacional
Matriz_Luminis,07843328000119,72452,Visa,Crédito,Crédito Parcelado Lojista,2025-06-09 11:17,2025-06-09,2025-06,Aprovada,10,2025-07-10,005721,000001729,14180915,1249.0,-31.97,1217.03,Nacional
Matriz_Luminis,07843328000119,72452,Mastercard,Crédito,Crédito Parcelado Lojista,2025-06-09 13:01,2025-06-09,2025-06,Aprovada,10,2025-07-10,010882,000001731,14180915,2150.0,-61.28,2088.72,Nacional
Matriz_Luminis,07843328000119,72452,Mastercard,Crédito,Crédito Parcelado Lojista,2025-06-09 15:20,2025-06-09,2025-06,Aprovada,06,2025-07-10,546450,000001733,14180915,3350.0,-77.05,3272.95,Nacional
Matriz_Luminis,07843328000119,72452,Visa,Crédito,Crédito Parcelado Lojista,2025-06-12 11:30,2025-06-12,2025-06,Aprovada,10,2025-07-14,605019,000001735,14180915,3650.0,-93.44,3556.56,Nacional
Matriz_Luminis,07843328000119,72452,Mastercard,Crédito,Crédito Parcelado Lojista,2025-06-13 14:48,2025-06-13,2025-06,Aprovada,10,2025-07-14,481723,000001739,14180915,740.0,-21.09,718.91,Nacional
Matriz_Luminis,07843328000119,72452,Mastercard,Crédito,Crédito Parcelado Lojista,2025-06-14 10:07,2025-06-14,2025-06,Aprovada,10,2025-07-15,900227,000001743,14180915,1080.0,-30.78,1049.22,Nacional
Matriz_Luminis,07843328000119,72452,Elo,Crédito,Crédito Parcelado Lojista,2025-06-16 10:23,2025-06-16,2025-06,Aprovada,10,2025-07-17,640529,000001747,14180915,1600.0,-48.96,1551.04,Nacional
Matriz_Luminis,07843328000119,72452,Visa,Crédito,Crédito Parcelado Lojista,2025-06-16 10:26,2025-06-16,2025-06,Aprovada,10,2025-07-17,845403,000001751,14180915,1900.0,-48.64,1851.36,Nacional
Matriz_Luminis,07843328000119,72452,Mastercard,Débito,Débito,2025-06-16 10:49,2025-06-16,2025-06,Aprovada,01,2025-06-17,M97878,000001753,14180915,400.0,-5.36,394.64,Nacional
Matriz_Luminis,07843328000119,72452,Mastercard,Crédito,Crédito Parcelado Lojista,2025-06-16 10:52,2025-06-16,2025-06,Aprovada,06,2025-07-17,692538,000001755,14180915,1290.0,-29.67,1260.33,Nacional
Matriz_Luminis,07843328000119,72452,Elo,Débito,Débito,2025-06-16 11:39,2025-06-16,2025-06,Aprovada,01,2025-06-17,238252,000001757,14180915,2100.0,-37.8,2062.2,Nacional
Matriz_Luminis,07843328000119,72452,Mastercard,Crédito,Crédito Parcelado Lojista,2025-06-16 14:32,2025-06-16,2025-06,Aprovada,06,2025-07-17,056316,000001759,14180915,999.0,-22.98,976.02,Nacional
Matriz_Luminis,07843328000119,72452,Visa,Crédito,Crédito Parcelado Lojista,2025-06-18 09:26,2025-06-18,2025-06,Aprovada,10,2025-07-21,085020,000001761,14180915,2500.0,-64.0,2436.0,Nacional
Matriz_Luminis,07843328000119,72452,Mastercard,Crédito,Crédito Parcelado Lojista,2025-06-18 11:18,2025-06-18,2025-06,Aprovada,08,2025-07-21,027179,000001765,14180915,765.0,-21.8,743.2,Nacional
Matriz_Luminis,07843328000119,72452,Mastercard,Crédito,Crédito Parcelado Lojista,2025-06-18 17:12,2025-06-18,2025-06,Aprovada,10,2025-07-21,031220,000001767,14180915,1700.0,-48.45,1651.55,Nacional
Matriz_Luminis,07843328000119,72452,Visa,Crédito,Crédito Parcelado Lojista,2025-06-20 09:56,2025-06-20,2025-06,Aprovada,10,2025-07-21,083179,000001769,14180915,3475.0,-88.96,3386.04,Nacional
Matriz_Luminis,07843328000119,72452,Mastercard,Crédito,Crédito Parcelado Lojista,2025-06-23 09:27,2025-06-23,2025-06,Aprovada,10,2025-07-24,057996,000001773,14180915,500.0,-14.25,485.75,Nacional
Matriz_Luminis,07843328000119,72452,Visa,Débito,Débito,2025-06-23 10:00,2025-06-23,2025-06,Aprovada,01,2025-06-24,711035,000001777,14180915,3159.0,-42.01,3116.99,Nacional
Matriz_Luminis,07843328000119,72452,Mastercard,Crédito,Crédito Parcelado Lojista,2025-06-23 13:36,2025-06-23,2025-06,Aprovada,10,2025-07-24,682511,000001779,14180915,1450.0,-41.33,1408.67,Nacional
Matriz_Luminis,07843328000119,72452,Mastercard,Crédito,Crédito Parcelado Lojista,2025-06-23 16:25,2025-06-23,2025-06,Aprovada,10,2025-07-24,R98204,000001781,14180915,950.0,-27.08,922.92,Nacional
Matriz_Luminis,07843328000119,72452,Mastercard,Crédito,Crédito Parcelado Lojista,2025-06-24 15:12,2025-06-24,2025-06,Aprovada,10,2025-07-25,R08597,000001783,14180915,2070.0,-59.0,2011.0,Nacional
Matriz_Luminis,07843328000119,72452,Mastercard,Débito,Débito,2025-06-28 11:14,2025-06-28,2025-06,Aprovada,01,2025-06-30,M03255,000001787,14180915,400.0,-5.36,394.64,Nacional
Matriz_Luminis,07843328000119,72452,Mastercard,Débito,Débito,2025-06-30 12:43,2025-06-30,2025-06,Aprovada,01,2025-07-01,M02449,000001791,14180915,1280.0,-17.15,1262.85,Nacional
Matriz_Luminis,07843328000119,72452,Mastercard,Crédito,Crédito Parcelado Lojista,2025-06-30 13:19,2025-06-30,2025-06,Aprovada,10,2025-07-31,164771,000001795,14180915,2300.0,-65.55,2234.45,Nacional
Matriz_Luminis,07843328000119,72452,Visa,Crédito,Crédito Parcelado Lojista,2025-06-30 14:40,2025-06-30,2025-06,Aprovada,10,2025-07-31,HNMGLK,000001797,14180915,1000.0,-25.6,974.4,Nacional
Matriz_Luminis,07843328000119,72452,Visa,Crédito,Crédito Parcelado Lojista,2025-06-30 14:50,2025-06-30,2025-06,Aprovada,10,2025-07-31,DW7OF9,000001799,14180915,1000.0,-25.6,974.4,Nacional
Matriz_Luminis,07843328000119,72452,Visa,Crédito,Crédito Parcelado Lojista,2025-06-30 15:47,2025-06-30,2025-06,Aprovada,02,2025-07-31,631261,000001801,14180915,460.0,-10.58,449.42,Nacional
Matriz_Luminis,07843328000119,72452,Mastercard,Crédito,Crédito Parcelado Lojista,2025-07-04 16:45,2025-07-04,2025-07,Aprovada,10,2025-08-04,R07615,000001803,14180915,1450.0,-41.33,1408.67,Nacional
Matriz_Luminis,07843328000119,72452,Mastercard,Crédito,Crédito Parcelado Lojista,2025-07-05 11:54,2025-07-05,2025-07,Aprovada,10,2025-08-05,684179,000001807,14180915,1310.0,-37.34,1272.66,Nacional
Matriz_Luminis,07843328000119,72452,Mastercard,Crédito,Crédito Parcelado Lojista,2025-07-05 12:10,2025-07-05,2025-07,Aprovada,10,2025-08-05,039388,000001811,14180915,2401.0,-68.43,2332.57,Nacional
Matriz_Luminis,07843328000119,72452,Mastercard,Crédito,Crédito Parcelado Lojista,2025-07-07 08:21,2025-07-07,2025-07,Negada,10,,000000,000001813,14180915,3900.0,0,0,N/A
Matriz_Luminis,07843328000119,72452,Mastercard,Crédito,Crédito Parcelado Lojista,2025-07-07 08:24,2025-07-07,2025-07,Negada,10,,000000,000001817,14180915,3900.0,0,0,N/A
Matriz_Luminis,07843328000119,72452,Mastercard,Crédito,Crédito Parcelado Lojista,2025-07-07 15:00,2025-07-07,2025-07,Aprovada,05,2025-08-07,352986,000001819,14180915,900.0,-20.7,879.3,Nacional
Matriz_Luminis,07843328000119,72452,Visa,Crédito,Crédito Parcelado Lojista,2025-07-07 17:07,2025-07-07,2025-07,Aprovada,06,2025-08-07,091344,000001821,14180915,400.0,-9.2,390.8,Nacional
Matriz_Luminis,07843328000119,72452,Mastercard,Crédito,Crédito Parcelado Lojista,2025-07-08 15:10,2025-07-08,2025-07,Aprovada,10,2025-08-08,110373,000001823,14180915,1700.0,-48.45,1651.55,Nacional
Matriz_Luminis,07843328000119,72452,Mastercard,Crédito,Crédito Parcelado Lojista,2025-07-10 09:46,2025-07-10,2025-07,Aprovada,10,2025-08-11,069201,000001827,14180915,6050.0,-172.43,5877.57,Nacional
Matriz_Luminis,07843328000119,72452,Mastercard,Crédito,Crédito Parcelado Lojista,2025-07-14 09:47,2025-07-14,2025-07,Aprovada,10,2025-08-14,R01941,000001831,14180915,1000.0,-28.5,971.5,Nacional
Matriz_Luminis,07843328000119,72452,Visa,Débito,Débito,2025-07-14 10:03,2025-07-14,2025-07,Aprovada,01,2025-07-15,136227,000001835,14180915,300.0,-3.99,296.01,Nacional
Matriz_Luminis,07843328000119,72452,Mastercard,Crédito,Crédito Parcelado Lojista,2025-07-14 11:00,2025-07-14,2025-07,Aprovada,10,2025-08-14,026144,000001837,14180915,1550.0,-44.18,1505.82,Nacional
Matriz_Luminis,07843328000119,72452,Mastercard,Crédito,Crédito Parcelado Lojista,2025-07-14 15:14,2025-07-14,2025-07,Aprovada,10,2025-08-14,068654,000001839,14180915,1300.0,-37.05,1262.95,Nacional
Matriz_Luminis,07843328000119,72452,Mastercard,Crédito,Crédito Parcelado Lojista,2025-07-14 15:41,2025-07-14,2025-07,Aprovada,08,2025-08-14,R53686,000001841,14180915,700.0,-19.95,680.05,Nacional
Matriz_Luminis,07843328000119,72452,Visa,Débito,Débito,2025-07-14 16:09,2025-07-14,2025-07,Aprovada,01,2025-07-15,358210,000001843,14180915,2200.0,-29.26,2170.74,Nacional
Matriz_Luminis,07843328000119,72452,Mastercard,Crédito,Crédito Parcelado Lojista,2025-07-15 12:13,2025-07-15,2025-07,Aprovada,10,2025-08-15,065031,000001845,14180915,2371.0,-67.57,2303.43,Nacional
Matriz_Luminis,07843328000119,72452,Visa,Crédito,Crédito Parcelado Lojista,2025-07-16 13:25,2025-07-16,2025-07,Aprovada,10,2025-08-18,O19AZB,000001849,14180915,1000.0,-25.6,974.4,Nacional
Matriz_Luminis,07843328000119,72452,Visa,Débito,Débito,2025-07-16 18:10,2025-07-16,2025-07,Aprovada,01,2025-07-17,344863,000001853,14180915,100.0,-1.33,98.67,Nacional
Matriz_Luminis,07843328000119,72452,Mastercard,Crédito,Crédito Parcelado Lojista,2025-07-17 10:43,2025-07-17,2025-07,Aprovada,02,2025-08-18,R05600,000001855,14180915,230.0,-5.29,224.71,Nacional
Matriz_Luminis,07843328000119,72452,Visa,Crédito,Crédito À Vista,2025-07-19 10:10,2025-07-19,2025-07,Aprovada,01,2025-08-19,610098,000001859,14180915,500.0,-10.0,490.0,Nacional
Matriz_Luminis,07843328000119,72452,Visa,Crédito,Crédito Parcelado Lojista,2025-07-19 10:11,2025-07-19,2025-07,Aprovada,10,2025-08-19,622150,000001863,14180915,2360.0,-60.42,2299.58,Nacional
Matriz_Luminis,07843328000119,72452,Visa,Crédito,Crédito Parcelado Lojista,2025-07-21 09:30,2025-07-21,2025-07,Aprovada,06,2025-08-21,253885,000001865,14180915,690.0,-15.87,674.13,Nacional
Matriz_Luminis,07843328000119,72452,Mastercard,Crédito,Crédito Parcelado Lojista,2025-07-21 13:00,2025-07-21,2025-07,Aprovada,08,2025-08-21,010658,000001869,14180915,1790.0,-51.02,1738.98,Nacional
Matriz_Luminis,07843328000119,72452,Mastercard,Crédito,Crédito Parcelado Lojista,2025-07-21 13:33,2025-07-21,2025-07,Aprovada,10,2025-08-21,162719,000001871,14180915,1558.0,-44.4,1513.6,Nacional
Matriz_Luminis,07843328000119,72452,Mastercard,Crédito,Crédito Parcelado Lojista,2025-07-21 14:17,2025-07-21,2025-07,Aprovada,10,2025-08-21,082848,000001873,14180915,3230.0,-92.06,3137.94,Nacional
Matriz_Luminis,07843328000119,72452,Mastercard,Crédito,Crédito Parcelado Lojista,2025-07-21 14:26,2025-07-21,2025-07,Aprovada,07,2025-08-21,271465,000001875,14180915,1280.0,-36.48,1243.52,Nacional
Matriz_Luminis,07843328000119,72452,Mastercard,Crédito,Crédito Parcelado Lojista,2025-07-21 14:31,2025-07-21,2025-07,Aprovada,10,2025-08-21,065690,000001877,14180915,700.0,-19.95,680.05,Nacional
Matriz_Luminis,07843328000119,72452,Visa,Crédito,Crédito Parcelado Lojista,2025-07-21 15:11,2025-07-21,2025-07,Negada,10,,000000,000001879,14180915,4000.0,0,0,N/A
Matriz_Luminis,07843328000119,72452,Visa,Crédito,Crédito Parcelado Lojista,2025-07-21 15:11,2025-07-21,2025-07,Negada,10,,000000,000001881,14180915,4000.0,0,0,N/A
Matriz_Luminis,07843328000119,72452,Visa,Débito,Débito,2025-07-21 15:12,2025-07-21,2025-07,Aprovada,01,2025-07-22,261674,000001883,14180915,700.0,-9.31,690.69,Nacional
Matriz_Luminis,07843328000119,72452,Visa,Crédito,Crédito Parcelado Lojista,2025-07-21 15:13,2025-07-21,2025-07,Negada,10,,000000,000001885,14180915,3300.0,0,0,N/A
Matriz_Luminis,07843328000119,72452,Mastercard,Crédito,Crédito Parcelado Lojista,2025-07-21 16:38,2025-07-21,2025-07,Aprovada,10,2025-08-21,044379,000001887,14180915,3780.0,-107.73,3672.27,Nacional
Matriz_Luminis,07843328000119,72452,Elo,Crédito,Crédito Parcelado Lojista,2025-07-22 12:59,2025-07-22,2025-07,Aprovada,10,2025-08-22,583144,123404061,EC055792,5939.0,-187.67,5751.33,Nacional
Matriz_Luminis,07843328000119,72452,Mastercard,Crédito,Crédito Parcelado Lojista,2025-07-24 15:31,2025-07-24,2025-07,Aprovada,10,2025-08-25,229140,000001889,14180915,700.0,-19.95,680.05,Nacional
Matriz_Luminis,07843328000119,72452,Mastercard,Crédito,Crédito Parcelado Lojista,2025-07-24 15:31,2025-07-24,2025-07,Negada,10,,000000,000001893,14180915,1000.0,0,0,N/A
Matriz_Luminis,07843328000119,72452,Mastercard,Crédito,Crédito Parcelado Lojista,2025-07-24 15:36,2025-07-24,2025-07,Aprovada,10,2025-08-25,721958,000001895,14180915,920.0,-26.22,893.78,Nacional
Matriz_Luminis,07843328000119,72452,Mastercard,Débito,Débito,2025-07-24 15:38,2025-07-24,2025-07,Aprovada,01,2025-07-25,M14057,000001897,14180915,80.0,-1.07,78.93,Nacional
Matriz_Luminis,07843328000119,72452,Mastercard,Crédito,Crédito Parcelado Lojista,2025-07-25 11:18,2025-07-25,2025-07,Aprovada,08,2025-08-25,527456,000001899,14180915,650.0,-18.53,631.47,Nacional
Matriz_Luminis,07843328000119,72452,Mastercard,Crédito,Crédito Parcelado Lojista,2025-07-28 09:50,2025-07-28,2025-07,Aprovada,08,2025-08-28,824992,000001903,14180915,2300.0,-65.55,2234.45,Nacional
Matriz_Luminis,07843328000119,72452,Visa,Crédito,Crédito Parcelado Lojista,2025-07-28 10:52,2025-07-28,2025-07,Aprovada,10,2025-08-28,530863,000001907,14180915,4600.0,-117.76,4482.24,Nacional
Matriz_Luminis,07843328000119,72452,Mastercard,Crédito,Crédito Parcelado Lojista,2025-07-28 11:03,2025-07-28,2025-07,Aprovada,10,2025-08-28,035871,000001909,14180915,2240.0,-63.84,2176.16,Nacional
Matriz_Luminis,07843328000119,72452,Mastercard,Crédito,Crédito Parcelado Lojista,2025-07-28 16:31,2025-07-28,2025-07,Aprovada,10,2025-08-28,021665,000001911,14180915,1730.0,-49.31,1680.69,Nacional
Matriz_Luminis,07843328000119,72452,Visa,Débito,Débito,2025-07-30 09:15,2025-07-30,2025-07,Aprovada,01,2025-07-31,133399,000001913,14180915,300.0,-3.99,296.01,Nacional
Matriz_Luminis,07843328000119,72452,Visa,Crédito,Crédito À Vista,2025-07-30 09:21,2025-07-30,2025-07,Aprovada,01,2025-09-01,076048,000001917,14180915,269.0,-5.38,263.62,Nacional
Matriz_Luminis,07843328000119,72452,Mastercard,Débito,Débito,2025-07-30 15:12,2025-07-30,2025-07,Aprovada,01,2025-07-31,517223,000001919,14180915,1300.0,-17.42,1282.58,Nacional
Matriz_Luminis,07843328000119,72452,Visa,Crédito,Crédito Parcelado Lojista,2025-08-04 08:45,2025-08-04,2025-08,Aprovada,10,2025-09-04,078740,000001921,14180915,1280.0,-32.77,1247.23,Nacional
Matriz_Luminis,07843328000119,72452,Mastercard,Crédito,Crédito Parcelado Lojista,2025-08-04 11:29,2025-08-04,2025-08,Aprovada,10,2025-09-04,T22311,110283071,EC055792,2650.0,-83.74,2566.26,Nacional
Matriz_Luminis,07843328000119,72452,Visa,Crédito,Crédito Parcelado Lojista,2025-08-04 12:50,2025-08-04,2025-08,Negada,04,,00000000,122647457,EC055792,2020.0,0,0,N/A
Matriz_Luminis,07843328000119,72452,Visa,Crédito,Crédito Parcelado Lojista,2025-08-04 13:26,2025-08-04,2025-08,Aprovada,10,2025-09-04,665140,000001925,14180915,3420.0,-87.55,3332.45,Nacional
Matriz_Luminis,07843328000119,72452,Visa,Crédito,Crédito Parcelado Lojista,2025-08-04 13:28,2025-08-04,2025-08,Aprovada,04,2025-09-04,070877,132762787,EC055792,2020.0,-60.8,1959.2,Nacional
Matriz_Luminis,07843328000119,72452,Visa,Débito,Débito,2025-08-04 13:59,2025-08-04,2025-08,Aprovada,01,2025-08-05,596343,000001927,14180915,300.0,-3.99,296.01,Nacional
Matriz_Luminis,07843328000119,72452,Mastercard,Crédito,Crédito Parcelado Lojista,2025-08-04 14:42,2025-08-04,2025-08,Aprovada,05,2025-09-04,966062,000001929,14180915,1800.0,-41.4,1758.6,Nacional
Matriz_Luminis,07843328000119,72452,Mastercard,Crédito,Crédito Parcelado Lojista,2025-08-06 17:03,2025-08-06,2025-08,Aprovada,03,2025-09-08,067024,000001931,14180915,550.0,-12.65,537.35,Nacional
Matriz_Luminis,07843328000119,72452,Elo,Crédito,Crédito Parcelado Lojista,2025-08-07 14:22,2025-08-07,2025-08,Aprovada,10,2025-09-08,332366,000001935,14180915,1000.0,-30.6,969.4,Nacional
Matriz_Luminis,07843328000119,72452,Mastercard,Crédito,Crédito Parcelado Lojista,2025-08-07 14:24,2025-08-07,2025-08,Aprovada,10,2025-09-08,868256,000001939,14180915,1000.0,-28.5,971.5,Nacional
Matriz_Luminis,07843328000119,72452,Visa,Crédito,Crédito Parcelado Lojista,2025-08-08 14:48,2025-08-08,2025-08,Aprovada,03,2025-09-08,536566,000001941,14180915,500.0,-11.5,488.5,Nacional
Matriz_Luminis,07843328000119,72452,Mastercard,Crédito,Crédito Parcelado Lojista,2025-08-08 16:46,2025-08-08,2025-08,Negada,10,,000000,000001945,14180915,5000.0,0,0,N/A
Matriz_Luminis,07843328000119,72452,Mastercard,Crédito,Crédito Parcelado Lojista,2025-08-08 16:47,2025-08-08,2025-08,Aprovada,10,2025-09-08,179697,000001947,14180915,5000.0,-142.5,4857.5,Nacional
Matriz_Luminis,07843328000119,72452,Mastercard,Crédito,Crédito Parcelado Lojista,2025-08-08 17:34,2025-08-08,2025-08,Aprovada,04,2025-09-08,175411,000001949,14180915,600.0,-13.8,586.2,Nacional
Matriz_Luminis,07843328000119,72452,Mastercard,Crédito,Crédito Parcelado Lojista,2025-08-11 09:13,2025-08-11,2025-08,Aprovada,10,2025-09-11,225556,000001951,14180915,1332.0,-37.96,1294.04,Nacional
Matriz_Luminis,07843328000119,72452,Visa,Crédito,Crédito Parcelado Lojista,2025-08-11 15:21,2025-08-11,2025-08,Aprovada,04,2025-09-11,890689,000001953,14180915,590.0,-13.57,576.43,Nacional
Matriz_Luminis,07843328000119,72452,Mastercard,Crédito,Crédito Parcelado Lojista,2025-08-12 11:30,2025-08-12,2025-08,Aprovada,10,2025-09-12,001453,000001957,14180915,3200.0,-91.2,3108.8,Nacional
Matriz_Luminis,07843328000119,72452,Mastercard,Crédito,Crédito Parcelado Lojista,2025-08-12 13:59,2025-08-12,2025-08,Aprovada,10,2025-09-12,060410,000001961,14180915,2000.0,-57.0,1943.0,Nacional
Matriz_Luminis,07843328000119,72452,Visa,Crédito,Crédito Parcelado Lojista,2025-08-14 12:14,2025-08-14,2025-08,Aprovada,07,2025-09-15,560067,000001963,14180915,700.0,-17.92,682.08,Nacional
Matriz_Luminis,07843328000119,72452,Mastercard,Débito,Débito,2025-08-18 08:55,2025-08-18,2025-08,Aprovada,01,2025-08-19,M47643,000001967,14180915,1000.0,-13.4,986.6,Nacional
Matriz_Luminis,07843328000119,72452,Visa,Crédito,Crédito Parcelado Lojista,2025-08-18 09:51,2025-08-18,2025-08,Aprovada,10,2025-09-18,069934,000001971,14180915,706.0,-18.07,687.93,Nacional
Matriz_Luminis,07843328000119,72452,Visa,Crédito,Crédito Parcelado Lojista,2025-08-18 10:14,2025-08-18,2025-08,Aprovada,08,2025-09-18,018769,000001973,14180915,890.0,-22.78,867.22,Nacional
Matriz_Luminis,07843328000119,72452,Mastercard,Crédito,Crédito Parcelado Lojista,2025-08-18 10:29,2025-08-18,2025-08,Aprovada,10,2025-09-18,395778,000001975,14180915,1300.0,-37.05,1262.95,Nacional
Matriz_Luminis,07843328000119,72452,Mastercard,Crédito,Crédito Parcelado Lojista,2025-08-18 14:40,2025-08-18,2025-08,Aprovada,03,2025-09-18,035124,000001977,14180915,1530.0,-35.19,1494.81,Nacional
Matriz_Luminis,07843328000119,72452,Visa,Crédito,Crédito Parcelado Lojista,2025-08-18 15:52,2025-08-18,2025-08,Aprovada,10,2025-09-18,622812,000001979,14180915,1300.0,-33.28,1266.72,Nacional
Matriz_Luminis,07843328000119,72452,Visa,Crédito,Crédito Parcelado Lojista,2025-08-18 15:57,2025-08-18,2025-08,Aprovada,10,2025-09-18,737655,000001981,14180915,1340.0,-34.3,1305.7,Nacional
Matriz_Luminis,07843328000119,72452,Mastercard,Crédito,Crédito Parcelado Lojista,2025-08-18 16:22,2025-08-18,2025-08,Aprovada,08,2025-09-18,034069,000001983,14180915,800.0,-22.8,777.2,Nacional
Matriz_Luminis,07843328000119,72452,Mastercard,Débito,Débito,2025-08-19 09:24,2025-08-19,2025-08,Aprovada,01,2025-08-20,788580,000001985,14180915,2000.0,-26.8,1973.2,Nacional
Matriz_Luminis,07843328000119,72452,Mastercard,Crédito,Crédito Parcelado Lojista,2025-08-19 10:33,2025-08-19,2025-08,Aprovada,10,2025-09-19,082428,000001989,14180915,1350.0,-38.48,1311.52,Nacional
Matriz_Luminis,07843328000119,72452,Mastercard,Crédito,Crédito Parcelado Lojista,2025-08-19 10:49,2025-08-19,2025-08,Aprovada,10,2025-09-19,500848,000001991,14180915,3300.0,-94.05,3205.95,Nacional
Matriz_Luminis,07843328000119,72452,Mastercard,Crédito,Crédito Parcelado Lojista,2025-08-20 16:50,2025-08-20,2025-08,Aprovada,08,2025-09-22,185252,000001993,14180915,800.0,-22.8,777.2,Nacional
Matriz_Luminis,07843328000119,72452,Mastercard,Débito,Débito,2025-08-22 08:48,2025-08-22,2025-08,Aprovada,01,2025-08-25,M03559,000001997,14180915,590.0,-7.91,582.09,Nacional
Matriz_Luminis,07843328000119,72452,Mastercard,Crédito,Crédito Parcelado Lojista,2025-08-22 10:55,2025-08-22,2025-08,Aprovada,05,2025-09-22,021445,000002001,14180915,880.0,-20.24,859.76,Nacional
Matriz_Luminis,07843328000119,72452,Mastercard,Crédito,Crédito Parcelado Lojista,2025-08-25 10:32,2025-08-25,2025-08,Aprovada,10,2025-09-25,R94559,000002003,14180915,1800.0,-51.3,1748.7,Nacional
Matriz_Luminis,07843328000119,72452,Mastercard,Crédito,Crédito Parcelado Lojista,2025-08-25 11:36,2025-08-25,2025-08,Aprovada,10,2025-09-25,054768,000002007,14180915,2290.0,-65.27,2224.73,Nacional
Matriz_Luminis,07843328000119,72452,Mastercard,Crédito,Crédito Parcelado Lojista,2025-08-25 14:37,2025-08-25,2025-08,Negada,06,,000000,000002009,14180915,880.0,0,0,N/A
Matriz_Luminis,07843328000119,72452,Mastercard,Crédito,Crédito Parcelado Lojista,2025-08-25 14:37,2025-08-25,2025-08,Aprovada,06,2025-09-25,723408,000002011,14180915,880.0,-20.24,859.76,Nacional
Matriz_Luminis,07843328000119,72452,Mastercard,Crédito,Crédito Parcelado Lojista,2025-08-25 15:55,2025-08-25,2025-08,Negada,10,,000000,000002013,14180915,10000.0,0,0,N/A
Matriz_Luminis,07843328000119,72452,Mastercard,Crédito,Crédito Parcelado Lojista,2025-08-25 15:56,2025-08-25,2025-08,Negada,10,,000000,000002015,14180915,5000.0,0,0,N/A
Matriz_Luminis,07843328000119,72452,Visa,Crédito,Crédito Parcelado Lojista,2025-08-25 15:58,2025-08-25,2025-08,Negada,10,,000000,000002017,14180915,5000.0,0,0,N/A
Matriz_Luminis,07843328000119,72452,Mastercard,Débito,Débito,2025-08-25 16:00,2025-08-25,2025-08,Aprovada,01,2025-08-26,308541,000002019,14180915,2000.0,-26.8,1973.2,Nacional
Matriz_Luminis,07843328000119,72452,Mastercard,Crédito,Crédito Parcelado Lojista,2025-08-26 14:35,2025-08-26,2025-08,Aprovada,10,2025-09-26,IVHJIA,000002021,14180915,4500.0,-128.25,4371.75,Nacional
Matriz_Luminis,07843328000119,72452,Visa,Crédito,Crédito Parcelado Lojista,2025-09-01 09:13,2025-09-01,2025-09,Aprovada,10,2025-10-02,690314,000002025,14180915,2780.0,-71.17,2708.83,Nacional
Matriz_Luminis,07843328000119,72452,Visa,Crédito,Crédito À Vista,2025-09-01 10:27,2025-09-01,2025-09,Aprovada,01,2025-10-02,986442,000002029,14180915,90.0,-1.8,88.2,Nacional
Matriz_Luminis,07843328000119,72452,Visa,Débito,Débito,2025-09-01 10:27,2025-09-01,2025-09,Aprovada,01,2025-09-02,522671,000002031,14180915,90.0,-1.2,88.8,Nacional
Matriz_Luminis,07843328000119,72452,Mastercard,Débito,Débito,2025-09-01 14:30,2025-09-01,2025-09,Aprovada,01,2025-09-02,M70027,000002033,14180915,2200.0,-29.48,2170.52,Nacional
Matriz_Luminis,07843328000119,72452,Visa,Crédito,Crédito Parcelado Lojista,2025-09-02 12:31,2025-09-02,2025-09,Aprovada,10,2025-10-03,030112,000002035,14180915,1090.0,-27.9,1062.1,Nacional
Matriz_Luminis,07843328000119,72452,Mastercard,Débito,Débito,2025-09-05 09:23,2025-09-05,2025-09,Aprovada,01,2025-09-08,M91987,000002039,14180915,1150.0,-15.41,1134.59,Nacional
Matriz_Luminis,07843328000119,72452,Mastercard,Crédito,Crédito Parcelado Lojista,2025-09-06 10:54,2025-09-06,2025-09,Aprovada,05,2025-10-07,506775,000002043,14180915,820.0,-18.86,801.14,Nacional
Matriz_Luminis,07843328000119,72452,Mastercard,Crédito,Crédito Parcelado Lojista,2025-09-08 08:14,2025-09-08,2025-09,Aprovada,10,2025-10-09,861845,000002047,14180915,2700.0,-76.95,2623.05,Nacional
Matriz_Luminis,07843328000119,72452,Mastercard,Crédito,Crédito Parcelado Lojista,2025-09-08 10:15,2025-09-08,2025-09,Aprovada,10,2025-10-09,095131,000002051,14180915,2350.0,-66.98,2283.02,Nacional
Matriz_Luminis,07843328000119,72452,Mastercard,Crédito,Crédito Parcelado Lojista,2025-09-08 10:54,2025-09-08,2025-09,Aprovada,10,2025-10-09,240696,000002053,14180915,200.0,-5.7,194.3,Nacional
Matriz_Luminis,07843328000119,72452,Mastercard,Crédito,Crédito À Vista,2025-09-08 14:15,2025-09-08,2025-09,Aprovada,01,2025-10-09,056046,000002055,14180915,500.0,-11.45,488.55,Nacional
Matriz_Luminis,07843328000119,72452,Elo,Crédito,Crédito Parcelado Lojista,2025-09-08 16:07,2025-09-08,2025-09,Aprovada,03,2025-10-09,445855,000002057,14180915,1200.0,-33.6,1166.4,Nacional
Matriz_Luminis,07843328000119,72452,Mastercard,Débito,Débito,2025-09-13 10:29,2025-09-13,2025-09,Aprovada,01,2025-09-15,M93241,000002059,14180915,1000.0,-13.4,986.6,Nacional
Matriz_Luminis,07843328000119,72452,Mastercard,Crédito,Crédito Parcelado Lojista,2025-09-15 09:12,2025-09-15,2025-09,Aprovada,10,2025-10-16,063498,000002063,14180915,3595.0,-102.46,3492.54,Nacional
Matriz_Luminis,07843328000119,72452,Visa,Crédito,Crédito Parcelado Lojista,2025-09-15 09:22,2025-09-15,2025-09,Aprovada,10,2025-10-16,624517,000002067,14180915,900.0,-23.04,876.96,Nacional
Matriz_Luminis,07843328000119,72452,Mastercard,Crédito,Crédito Parcelado Lojista,2025-09-15 10:01,2025-09-15,2025-09,Negada,10,,000000,000002069,14180915,8000.0,0,0,N/A
Matriz_Luminis,07843328000119,72452,Visa,Crédito,Crédito Parcelado Lojista,2025-09-15 10:02,2025-09-15,2025-09,Negada,10,,000000,000002071,14180915,8000.0,0,0,N/A
Matriz_Luminis,07843328000119,72452,Mastercard,Crédito,Crédito Parcelado Lojista,2025-09-15 10:03,2025-09-15,2025-09,Aprovada,10,2025-10-16,489580,000002073,14180915,6000.0,-171.0,5829.0,Nacional
Matriz_Luminis,07843328000119,72452,Mastercard,Crédito,Crédito Parcelado Lojista,2025-09-15 10:27,2025-09-15,2025-09,Aprovada,10,2025-10-16,500314,000002075,14180915,2000.0,-57.0,1943.0,Nacional
Matriz_Luminis,07843328000119,72452,Visa,Débito,Débito,2025-09-15 13:31,2025-09-15,2025-09,Aprovada,01,2025-09-16,148722,000002077,14180915,150.0,-2.0,148.0,Nacional
Matriz_Luminis,07843328000119,72452,Visa,Crédito,Crédito Parcelado Lojista,2025-09-15 14:55,2025-09-15,2025-09,Negada,10,,000000,000002079,14180915,1000.0,0,0,N/A
Matriz_Luminis,07843328000119,72452,Visa,Crédito,Crédito Parcelado Lojista,2025-09-15 14:55,2025-09-15,2025-09,Aprovada,10,2025-10-16,758285,000002081,14180915,1000.0,-25.6,974.4,Nacional
Matriz_Luminis,07843328000119,72452,Mastercard,Crédito,Crédito Parcelado Lojista,2025-09-15 15:15,2025-09-15,2025-09,Aprovada,10,2025-10-16,160748,000002083,14180915,200.0,-5.7,194.3,Nacional
Matriz_Luminis,07843328000119,72452,Mastercard,Crédito,Crédito Parcelado Lojista,2025-09-15 16:10,2025-09-15,2025-09,Aprovada,05,2025-10-16,573910,000002085,14180915,450.0,-10.35,439.65,Nacional
Matriz_Luminis,07843328000119,72452,Mastercard,Crédito,Crédito Parcelado Lojista,2025-09-15 16:43,2025-09-15,2025-09,Negada,04,,000000,000002087,14180915,1000.0,0,0,N/A
Matriz_Luminis,07843328000119,72452,Mastercard,Crédito,Crédito Parcelado Lojista,2025-09-15 16:43,2025-09-15,2025-09,Aprovada,04,2025-10-16,745949,000002089,14180915,1000.0,-23.0,977.0,Nacional
Matriz_Luminis,07843328000119,72452,Visa,Crédito,Crédito Parcelado Lojista,2025-09-19 16:26,2025-09-19,2025-09,Aprovada,06,2025-10-20,265367,000002091,14180915,250.0,-5.75,244.25,Nacional
Matriz_Luminis,07843328000119,72452,Mastercard,Crédito,Crédito Parcelado Lojista,2025-09-22 08:23,2025-09-22,2025-09,Aprovada,08,2025-10-23,199660,000002095,14180915,850.0,-24.23,825.77,Nacional
Matriz_Luminis,07843328000119,72452,Mastercard,Crédito,Crédito Parcelado Lojista,2025-09-22 09:25,2025-09-22,2025-09,Aprovada,10,2025-10-23,031733,000002099,14180915,2250.0,-64.13,2185.87,Nacional
Matriz_Luminis,07843328000119,72452,Mastercard,Crédito,Crédito Parcelado Lojista,2025-09-22 13:44,2025-09-22,2025-09,Aprovada,05,2025-10-23,450672,000002101,14180915,2250.0,-51.75,2198.25,Nacional
Matriz_Luminis,07843328000119,72452,Visa,Crédito,Crédito Parcelado Lojista,2025-09-22 13:52,2025-09-22,2025-09,Aprovada,10,2025-10-23,625924,000002103,14180915,1450.0,-37.12,1412.88,Nacional
Matriz_Luminis,07843328000119,72452,Visa,Crédito,Crédito Parcelado Lojista,2025-09-29 09:06,2025-09-29,2025-09,Aprovada,10,2025-10-30,039132,000002105,14180915,3650.0,-93.44,3556.56,Nacional
Matriz_Luminis,07843328000119,72452,Mastercard,Crédito,Crédito Parcelado Lojista,2025-09-29 16:14,2025-09-29,2025-09,Aprovada,10,2025-10-30,746905,000002109,14180915,1500.0,-42.75,1457.25,Nacional
Matriz_Luminis,07843328000119,72452,Visa,Crédito,Crédito Parcelado Lojista,2025-09-30 15:19,2025-09-30,2025-09,Aprovada,02,2025-10-31,003733,000002111,14180915,1150.0,-26.45,1123.55,Nacional
Matriz_Luminis,07843328000119,72452,Mastercard,Crédito,Crédito Parcelado Lojista,2025-10-01 10:44,2025-10-01,2025-10,Aprovada,10,2025-11-03,018467,000002115,14180915,1700.0,-48.45,1651.55,Nacional
Matriz_Luminis,07843328000119,72452,Visa,Débito,Débito,2025-10-01 17:12,2025-10-01,2025-10,Aprovada,01,2025-10-02,640661,000002119,14180915,50.0,-0.67,49.33,Nacional
Matriz_Luminis,07843328000119,72452,Mastercard,Crédito,Crédito Parcelado Lojista,2025-10-03 09:25,2025-10-03,2025-10,Aprovada,10,2025-11-03,511778,000002121,14180915,1150.0,-32.78,1117.22,Nacional
Matriz_Luminis,07843328000119,72452,Visa,Crédito,Crédito Parcelado Lojista,2025-10-03 10:15,2025-10-03,2025-10,Aprovada,05,2025-11-03,214730,000002125,14180915,1890.0,-43.47,1846.53,Nacional
Matriz_Luminis,07843328000119,72452,Mastercard,Crédito,Crédito Parcelado Lojista,2025-10-04 10:27,2025-10-04,2025-10,Aprovada,10,2025-11-04,275469,000002127,14180915,4000.0,-114.0,3886.0,Nacional
Matriz_Luminis,07843328000119,72452,Visa,Crédito,Crédito Parcelado Lojista,2025-10-06 10:30,2025-10-06,2025-10,Aprovada,03,2025-11-06,612489,000002131,14180915,2150.0,-49.45,2100.55,Nacional
Matriz_Luminis,07843328000119,72452,Mastercard,Débito,Débito,2025-10-06 15:11,2025-10-06,2025-10,Aprovada,01,2025-10-07,472576,000002135,14180915,290.0,-3.89,286.11,Nacional
Matriz_Luminis,07843328000119,72452,Mastercard,Crédito,Crédito Parcelado Lojista,2025-10-09 15:10,2025-10-09,2025-10,Aprovada,10,2025-11-10,712529,000002137,14180915,2000.0,-57.0,1943.0,Nacional
Matriz_Luminis,07843328000119,72452,Visa,Crédito,Crédito Parcelado Lojista,2025-10-09 15:10,2025-10-09,2025-10,Aprovada,10,2025-11-10,054491,000002141,14180915,1750.0,-44.8,1705.2,Nacional
Matriz_Luminis,07843328000119,72452,Mastercard,Crédito,Crédito Parcelado Lojista,2025-10-10 11:32,2025-10-10,2025-10,Aprovada,10,2025-11-10,332548,000002143,14180915,3500.0,-99.75,3400.25,Nacional
Matriz_Luminis,07843328000119,72452,Mastercard,Crédito,Crédito Parcelado Lojista,2025-10-13 08:50,2025-10-13,2025-10,Aprovada,05,2025-11-13,768356,000002147,14180915,1250.0,-28.75,1221.25,Nacional
Matriz_Luminis,07843328000119,72452,Visa,Crédito,Crédito Parcelado Lojista,2025-10-13 09:20,2025-10-13,2025-10,Aprovada,10,2025-11-13,605509,000002151,14180915,1895.0,-48.51,1846.49,Nacional
Matriz_Luminis,07843328000119,72452,Mastercard,Crédito,Crédito À Vista,2025-10-13 10:22,2025-10-13,2025-10,Aprovada,01,2025-11-13,181521,000002153,14180915,100.0,-2.29,97.71,Nacional
Matriz_Luminis,07843328000119,72452,Mastercard,Crédito,Crédito À Vista,2025-10-13 11:11,2025-10-13,2025-10,Aprovada,01,2025-11-13,R88393,000002155,14180915,100.0,-2.29,97.71,Nacional
Matriz_Luminis,07843328000119,72452,Visa,Crédito,Crédito Parcelado Lojista,2025-10-13 14:47,2025-10-13,2025-10,Aprovada,02,2025-11-13,772329,000002157,14180915,2635.0,-60.61,2574.39,Nacional
Matriz_Luminis,07843328000119,72452,Visa,Crédito,Crédito Parcelado Lojista,2025-10-13 15:55,2025-10-13,2025-10,Aprovada,10,2025-11-13,090355,000002159,14180915,3100.0,-79.36,3020.64,Nacional
Matriz_Luminis,07843328000119,72452,Visa,Crédito,Crédito Parcelado Lojista,2025-10-13 16:05,2025-10-13,2025-10,Aprovada,10,2025-11-13,654473,000002161,14180915,3880.0,-99.33,3780.67,Nacional
Matriz_Luminis,07843328000119,72452,Mastercard,Crédito,Crédito À Vista,2025-10-17 11:05,2025-10-17,2025-10,Aprovada,01,2025-11-17,NDVE9V,000002163,14180915,200.0,-4.58,195.42,Nacional
Matriz_Luminis,07843328000119,72452,Mastercard,Crédito,Crédito Parcelado Lojista,2025-10-17 11:51,2025-10-17,2025-10,Aprovada,10,2025-11-17,070683,000002167,14180915,2850.0,-81.23,2768.77,Nacional
Matriz_Luminis,07843328000119,72452,Mastercard,Crédito,Crédito Parcelado Lojista,2025-10-18 11:01,2025-10-18,2025-10,Negada,05,,000000,000002173,14180915,840.0,0,0,N/A
Matriz_Luminis,07843328000119,72452,Mastercard,Crédito,Crédito Parcelado Lojista,2025-10-18 11:02,2025-10-18,2025-10,Aprovada,05,2025-11-18,552896,000002175,14180915,840.0,-19.32,820.68,Nacional
Matriz_Luminis,07843328000119,72452,Mastercard,Crédito,Crédito Parcelado Lojista,2025-10-20 09:28,2025-10-20,2025-10,Aprovada,10,2025-11-21,693192,000002177,14180915,4510.0,-128.54,4381.46,Nacional
Matriz_Luminis,07843328000119,72452,Visa,Crédito,Crédito Parcelado Lojista,2025-10-20 10:46,2025-10-20,2025-10,Aprovada,10,2025-11-21,665064,000002181,14180915,3090.0,-79.1,3010.9,Nacional
Matriz_Luminis,07843328000119,72452,Visa,Crédito,Crédito Parcelado Lojista,2025-10-20 12:06,2025-10-20,2025-10,Negada,05,,000000,000002183,14180915,400.0,0,0,N/A
Matriz_Luminis,07843328000119,72452,Mastercard,Crédito,Crédito Parcelado Lojista,2025-10-20 12:07,2025-10-20,2025-10,Aprovada,05,2025-11-21,005682,000002185,14180915,400.0,-9.2,390.8,Nacional
Matriz_Luminis,07843328000119,72452,Mastercard,Crédito,Crédito Parcelado Lojista,2025-10-20 13:51,2025-10-20,2025-10,Aprovada,08,2025-11-21,152424,000002187,14180915,4000.0,-114.0,3886.0,Nacional
Matriz_Luminis,07843328000119,72452,Mastercard,Crédito,Crédito Parcelado Lojista,2025-10-20 15:28,2025-10-20,2025-10,Aprovada,10,2025-11-21,416802,000002189,14180915,3800.0,-108.3,3691.7,Nacional
Matriz_Luminis,07843328000119,72452,Visa,Crédito,Crédito Parcelado Lojista,2025-10-21 09:27,2025-10-21,2025-10,Aprovada,10,2025-11-21,083296,000002191,14180915,2540.0,-65.02,2474.98,Nacional
Matriz_Luminis,07843328000119,72452,Mastercard,Débito,Débito,2025-10-21 14:33,2025-10-21,2025-10,Aprovada,01,2025-10-22,801460,000002195,14180915,290.0,-3.89,286.11,Nacional
Matriz_Luminis,07843328000119,72452,Mastercard,Débito,Débito,2025-10-22 10:31,2025-10-22,2025-10,Aprovada,01,2025-10-23,276042,000002201,14180915,500.0,-6.7,493.3,Nacional
Matriz_Luminis,07843328000119,72452,Mastercard,Crédito,Crédito Parcelado Lojista,2025-10-22 17:21,2025-10-22,2025-10,Aprovada,10,2025-11-24,000488,000002203,14180915,3000.0,-85.5,2914.5,Nacional
Matriz_Luminis,07843328000119,72452,Visa,Crédito,Crédito Parcelado Lojista,2025-10-22 17:22,2025-10-22,2025-10,Aprovada,10,2025-11-24,018638,000002205,14180915,300.0,-7.68,292.32,Nacional
Matriz_Luminis,07843328000119,72452,Visa,Crédito,Crédito À Vista,2025-10-27 09:15,2025-10-27,2025-10,Aprovada,01,2025-11-27,652649,000002211,14180915,100.0,-2.0,98.0,Nacional
Matriz_Luminis,07843328000119,72452,Mastercard,Débito,Débito,2025-10-27 09:25,2025-10-27,2025-10,Aprovada,01,2025-10-28,M18490,000002215,14180915,100.0,-1.34,98.66,Nacional
Matriz_Luminis,07843328000119,72452,Mastercard,Crédito,Crédito Parcelado Lojista,2025-10-27 14:26,2025-10-27,2025-10,Negada,10,,000000,000002217,14180915,3690.0,0,0,N/A
Matriz_Luminis,07843328000119,72452,Mastercard,Crédito,Crédito Parcelado Lojista,2025-10-27 14:27,2025-10-27,2025-10,Aprovada,10,2025-11-27,356894,000002219,14180915,3690.0,-105.17,3584.83,Nacional
Matriz_Luminis,07843328000119,72452,Mastercard,Crédito,Crédito Parcelado Lojista,2025-10-27 15:11,2025-10-27,2025-10,Aprovada,02,2025-11-27,038264,000002223,14180915,800.0,-18.4,781.6,Nacional
Matriz_Luminis,07843328000119,72452,Mastercard,Crédito,Crédito Parcelado Lojista,2025-10-27 15:54,2025-10-27,2025-10,Aprovada,10,2025-11-27,561802,000002225,14180915,1370.0,-39.05,1330.95,Nacional
Matriz_Luminis,07843328000119,72452,Mastercard,Crédito,Crédito Parcelado Lojista,2025-10-27 15:57,2025-10-27,2025-10,Aprovada,10,2025-11-27,R02801,000002227,14180915,1116.0,-31.81,1084.19,Nacional
Matriz_Luminis,07843328000119,72452,Mastercard,Crédito,Crédito Parcelado Lojista,2025-10-27 16:52,2025-10-27,2025-10,Aprovada,02,2025-11-27,521865,000002229,14180915,500.0,-11.5,488.5,Nacional
Matriz_Luminis,07843328000119,72452,Mastercard,Crédito,Crédito Parcelado Lojista,2025-10-27 17:51,2025-10-27,2025-10,Aprovada,05,2025-11-27,046342,000002231,14180915,7425.0,-170.78,7254.22,Nacional
Matriz_Luminis,07843328000119,72452,Visa,Crédito,Crédito Parcelado Lojista,2025-11-03 09:08,2025-11-03,2025-11,Aprovada,05,2025-12-04,091191,000002233,14180915,2550.0,-58.65,2491.35,Nacional
Matriz_Luminis,07843328000119,72452,Visa,Crédito,Crédito Parcelado Lojista,2025-11-03 09:11,2025-11-03,2025-11,Aprovada,10,2025-12-04,WBZR9Z,000002237,14180915,2790.0,-71.42,2718.58,Nacional
Matriz_Luminis,07843328000119,72452,Elo,Crédito,Crédito À Vista,2025-11-03 11:16,2025-11-03,2025-11,Aprovada,01,2025-12-04,457376,000002239,14180915,1350.0,-33.75,1316.25,Nacional
Matriz_Luminis,07843328000119,72452,Visa,Crédito,Crédito Parcelado Lojista,2025-11-03 14:27,2025-11-03,2025-11,Negada,10,,000000,000002241,14180915,1750.0,0,0,N/A
Matriz_Luminis,07843328000119,72452,Visa,Crédito,Crédito Parcelado Lojista,2025-11-03 14:27,2025-11-03,2025-11,Aprovada,10,2025-12-04,044791,000002243,14180915,1750.0,-44.8,1705.2,Nacional
Matriz_Luminis,07843328000119,72452,Mastercard,Débito,Débito,2025-11-03 15:27,2025-11-03,2025-11,Aprovada,01,2025-11-04,322745,000002245,14180915,180.0,-2.41,177.59,Nacional
Matriz_Luminis,07843328000119,72452,Mastercard,Crédito,Crédito Parcelado Lojista,2025-11-03 15:48,2025-11-03,2025-11,Aprovada,10,2025-12-04,490862,000002247,14180915,890.0,-25.37,864.63,Nacional
Matriz_Luminis,07843328000119,72452,Visa,Crédito,Crédito Parcelado Lojista,2025-11-03 16:46,2025-11-03,2025-11,Aprovada,10,2025-12-04,662676,000002249,14180915,3000.0,-76.8,2923.2,Nacional
Matriz_Luminis,07843328000119,72452,Elo,Crédito,Crédito Parcelado Lojista,2025-11-04 14:42,2025-11-04,2025-11,Aprovada,03,2025-12-05,714290,000002251,14180915,270.0,-7.56,262.44,Nacional
Matriz_Luminis,07843328000119,72452,Mastercard,Débito,Débito,2025-11-04 14:43,2025-11-04,2025-11,Aprovada,01,2025-11-05,336987,000002255,14180915,315.0,-4.22,310.78,Nacional
Matriz_Luminis,07843328000119,72452,Mastercard,Crédito,Crédito Parcelado Lojista,2025-11-06 10:57,2025-11-06,2025-11,Aprovada,10,2025-12-08,511506,000002257,14180915,1800.0,-51.3,1748.7,Nacional
Matriz_Luminis,07843328000119,72452,Visa,Crédito,Crédito Parcelado Lojista,2025-11-06 17:05,2025-11-06,2025-11,Aprovada,10,2025-12-08,054174,000002261,14180915,1409.0,-36.07,1372.93,Nacional
Matriz_Luminis,07843328000119,72452,Mastercard,Crédito,Crédito Parcelado Lojista,2025-11-07 10:44,2025-11-07,2025-11,Aprovada,10,2025-12-08,61HYS7,000002263,14180915,2620.0,-74.67,2545.33,Nacional
Matriz_Luminis,07843328000119,72452,Elo,Débito,Débito,2025-11-10 08:17,2025-11-10,2025-11,Aprovada,01,2025-11-11,149327,000002267,14180915,700.0,-12.6,687.4,Nacional
Matriz_Luminis,07843328000119,72452,Mastercard,Crédito,Crédito Parcelado Lojista,2025-11-10 09:00,2025-11-10,2025-11,Aprovada,08,2025-12-11,047172,000002271,14180915,1250.0,-35.63,1214.37,Nacional
Matriz_Luminis,07843328000119,72452,Mastercard,Crédito,Crédito Parcelado Lojista,2025-11-10 09:08,2025-11-10,2025-11,Aprovada,10,2025-12-11,R44757,000002273,14180915,1566.0,-44.63,1521.37,Nacional
Matriz_Luminis,07843328000119,72452,Mastercard,Crédito,Crédito Parcelado Lojista,2025-11-10 09:10,2025-11-10,2025-11,Negada,10,,000000,000002275,14180915,1548.0,0,0,N/A
Matriz_Luminis,07843328000119,72452,Mastercard,Crédito,Crédito Parcelado Lojista,2025-11-10 09:10,2025-11-10,2025-11,Negada,10,,000000,000002277,14180915,1548.0,0,0,N/A
Matriz_Luminis,07843328000119,72452,Mastercard,Crédito,Crédito Parcelado Lojista,2025-11-10 09:26,2025-11-10,2025-11,Aprovada,10,2025-12-11,032767,000002279,14180915,1548.0,-44.12,1503.88,Nacional
Matriz_Luminis,07843328000119,72452,Mastercard,Crédito,Crédito Parcelado Lojista,2025-11-10 13:27,2025-11-10,2025-11,Aprovada,07,2025-12-11,071425,000002281,14180915,2100.0,-59.85,2040.15,Nacional
Matriz_Luminis,07843328000119,72452,Mastercard,Crédito,Crédito À Vista,2025-11-10 14:48,2025-11-10,2025-11,Aprovada,01,2025-12-11,101210,000002283,14180915,1800.0,-41.22,1758.78,Nacional
Matriz_Luminis,07843328000119,72452,Mastercard,Crédito,Crédito Parcelado Lojista,2025-11-10 15:03,2025-11-10,2025-11,Aprovada,10,2025-12-11,156675,000002285,14180915,2850.0,-81.23,2768.77,Nacional
Matriz_Luminis,07843328000119,72452,Mastercard,Crédito,Crédito Parcelado Lojista,2025-11-10 15:55,2025-11-10,2025-11,Aprovada,10,2025-12-11,ZDP9KI,000002287,14180915,1600.0,-45.6,1554.4,Nacional
Matriz_Luminis,07843328000119,72452,Visa,Crédito,Crédito Parcelado Lojista,2025-11-11 15:26,2025-11-11,2025-11,Aprovada,10,2025-12-12,748320,000002289,14180915,1000.0,-25.6,974.4,Nacional
Matriz_Luminis,07843328000119,72452,Visa,Crédito,Crédito Parcelado Lojista,2025-11-12 11:39,2025-11-12,2025-11,Aprovada,10,2025-12-15,028400,000002293,14180915,1270.0,-32.51,1237.49,Nacional
Matriz_Luminis,07843328000119,72452,Mastercard,Crédito,Crédito Parcelado Lojista,2025-11-12 14:52,2025-11-12,2025-11,Aprovada,06,2025-12-15,054035,000002297,14180915,1700.0,-39.1,1660.9,Nacional
Matriz_Luminis,07843328000119,72452,Visa,Crédito,Crédito Parcelado Lojista,2025-11-13 16:41,2025-11-13,2025-11,Aprovada,02,2025-12-15,FZU8P8,000002299,14180915,985.0,-22.66,962.34,Nacional
Matriz_Luminis,07843328000119,72452,Visa,Crédito,Crédito Parcelado Lojista,2025-11-17 08:51,2025-11-17,2025-11,Negada,08,,000000,000002303,14180915,890.0,0,0,N/A
Matriz_Luminis,07843328000119,72452,Visa,Crédito,Crédito Parcelado Lojista,2025-11-17 08:52,2025-11-17,2025-11,Negada,08,,000000,000002307,14180915,890.0,0,0,N/A
Matriz_Luminis,07843328000119,72452,Visa,Crédito,Crédito Parcelado Lojista,2025-11-17 08:53,2025-11-17,2025-11,Negada,08,,000000,000002309,14180915,890.0,0,0,N/A
Matriz_Luminis,07843328000119,72452,Visa,Débito,Débito,2025-11-17 09:16,2025-11-17,2025-11,Cancelada,01,2025-11-18,856687,000002311,14180915,50.0,-0.67,49.33,Nacional
Matriz_Luminis,07843328000119,72452,Visa,Crédito,Crédito Parcelado Lojista,2025-11-17 10:35,2025-11-17,2025-11,Aprovada,05,2025-12-18,622401,000002313,14180915,830.0,-19.09,810.91,Nacional
Matriz_Luminis,07843328000119,72452,Visa,Crédito,Crédito Parcelado Lojista,2025-11-17 12:14,2025-11-17,2025-11,Aprovada,05,2025-12-18,476807,000002315,14180915,540.0,-12.42,527.58,Nacional
Matriz_Luminis,07843328000119,72452,Visa,Débito,Débito,2025-11-17 14:26,2025-11-17,2025-11,Aprovada,01,2025-11-18,939818,000002317,14180915,200.0,-2.66,197.34,Nacional
Matriz_Luminis,07843328000119,72452,Mastercard,Crédito,Crédito Parcelado Lojista,2025-11-17 14:38,2025-11-17,2025-11,Aprovada,06,2025-12-18,385367,000002319,14180915,1280.0,-29.44,1250.56,Nacional
Matriz_Luminis,07843328000119,72452,Mastercard,Crédito,Crédito Parcelado Lojista,2025-11-17 15:02,2025-11-17,2025-11,Aprovada,05,2025-12-18,069906,000002321,14180915,640.0,-14.72,625.28,Nacional
Matriz_Luminis,07843328000119,72452,Mastercard,Crédito,Crédito Parcelado Lojista,2025-11-18 11:22,2025-11-18,2025-11,Aprovada,10,2025-12-19,911710,000002323,14180915,2540.0,-72.39,2467.61,Nacional
Matriz_Luminis,07843328000119,72452,Visa,Crédito,Crédito Parcelado Lojista,2025-11-18 12:29,2025-11-18,2025-11,Aprovada,10,2025-12-19,060879,000002327,14180915,4975.0,-127.36,4847.64,Nacional
Matriz_Luminis,07843328000119,72452,Visa,Débito,Débito,2025-11-19 12:27,2025-11-19,2025-11,Aprovada,01,2025-11-21,192070,000002333,14180915,680.0,-9.04,670.96,Nacional
Matriz_Luminis,07843328000119,72452,Elo,Crédito,Crédito Parcelado Lojista,2025-11-19 12:36,2025-11-19,2025-11,Aprovada,04,2025-12-22,807256,000002335,14180915,880.0,-24.64,855.36,Nacional
Matriz_Luminis,07843328000119,72452,Visa,Crédito,Crédito Parcelado Lojista,2025-11-19 16:45,2025-11-19,2025-11,Aprovada,03,2025-12-22,095183,000002337,14180915,150.0,-3.45,146.55,Nacional
Matriz_Luminis,07843328000119,72452,Mastercard,Crédito,Crédito Parcelado Lojista,2025-11-21 10:58,2025-11-21,2025-11,Aprovada,10,2025-12-22,024876,000002339,14180915,3350.0,-95.48,3254.52,Nacional
Matriz_Luminis,07843328000119,72452,Visa,Débito,Débito,2025-11-24 14:32,2025-11-24,2025-11,Negada,01,,000000,000002343,14180915,3420.0,0,0,N/A
Matriz_Luminis,07843328000119,72452,Visa,Débito,Débito,2025-11-24 14:32,2025-11-24,2025-11,Negada,01,,000000,000002347,14180915,3420.0,0,0,N/A
Matriz_Luminis,07843328000119,72452,Visa,Débito,Débito,2025-11-24 14:33,2025-11-24,2025-11,Negada,01,,000000,000002349,14180915,1800.0,0,0,N/A
Matriz_Luminis,07843328000119,72452,Mastercard,Crédito,Crédito Parcelado Lojista,2025-11-27 13:05,2025-11-27,2025-11,Aprovada,10,2025-12-29,ZUBVOI,000002351,14180915,500.0,-14.25,485.75,Nacional
Matriz_Luminis,07843328000119,72452,Visa,Crédito,Crédito Parcelado Lojista,2025-12-01 09:24,2025-12-01,2025-12,Aprovada,10,2026-01-02,469976,000002355,14180915,3310.0,-84.74,3225.26,Nacional
Matriz_Luminis,07843328000119,72452,Mastercard,Crédito,Crédito Parcelado Lojista,2025-12-01 11:06,2025-12-01,2025-12,Aprovada,05,2026-01-02,125410,000002359,14180915,480.0,-11.04,468.96,Nacional
Matriz_Luminis,07843328000119,72452,Elo,Débito,Débito,2025-12-01 11:56,2025-12-01,2025-12,Aprovada,01,2025-12-02,466836,000002361,14180915,300.0,-5.4,294.6,Nacional
Matriz_Luminis,07843328000119,72452,Elo,Débito,Débito,2025-12-01 14:19,2025-12-01,2025-12,Aprovada,01,2025-12-02,023374,000002363,14180915,500.0,-9.0,491.0,Nacional
Matriz_Luminis,07843328000119,72452,Elo,Crédito,Crédito Parcelado Lojista,2025-12-01 14:20,2025-12-01,2025-12,Negada,10,,000000,000002365,14180915,1348.0,0,0,N/A
Matriz_Luminis,07843328000119,72452,Elo,Crédito,Crédito Parcelado Lojista,2025-12-01 14:22,2025-12-01,2025-12,Aprovada,07,2026-01-02,633078,000002367,14180915,700.0,-21.42,678.58,Nacional
Matriz_Luminis,07843328000119,72452,Elo,Débito,Débito,2025-12-01 14:24,2025-12-01,2025-12,Aprovada,01,2025-12-02,023492,000002369,14180915,648.0,-11.66,636.34,Nacional
Matriz_Luminis,07843328000119,72452,Visa,Crédito,Crédito Parcelado Lojista,2025-12-01 15:23,2025-12-01,2025-12,Aprovada,04,2026-01-02,607150,000002371,14180915,3400.0,-78.2,3321.8,Nacional
Matriz_Luminis,07843328000119,72452,Visa,Crédito,Crédito Parcelado Lojista,2025-12-01 15:25,2025-12-01,2025-12,Aprovada,04,2026-01-02,613188,000002373,14180915,2900.0,-66.7,2833.3,Nacional
Matriz_Luminis,07843328000119,72452,Visa,Débito,Débito,2025-12-01 15:33,2025-12-01,2025-12,Aprovada,01,2025-12-02,156024,000002375,14180915,500.0,-6.65,493.35,Nacional
Matriz_Luminis,07843328000119,72452,Visa,Crédito,Crédito Parcelado Lojista,2025-12-01 16:53,2025-12-01,2025-12,Aprovada,10,2026-01-02,632328,000002377,14180915,5900.0,-151.04,5748.96,Nacional
Matriz_Luminis,07843328000119,72452,Visa,Crédito,Crédito Parcelado Lojista,2025-12-02 14:51,2025-12-02,2025-12,Aprovada,08,2026-01-02,H4CF65,146948347,EC055792,890.0,-28.12,861.88,Nacional
Matriz_Luminis,07843328000119,72452,Mastercard,Crédito,Crédito Parcelado Lojista,2025-12-03 09:31,2025-12-03,2025-12,Aprovada,05,2026-01-05,083660,000002379,14180915,1100.0,-25.3,1074.7,Nacional
Matriz_Luminis,07843328000119,72452,Elo,Débito,Débito,2025-12-03 14:03,2025-12-03,2025-12,Aprovada,01,2025-12-04,749375,000002383,14180915,1350.0,-24.3,1325.7,Nacional
Matriz_Luminis,07843328000119,72452,Visa,Crédito,Crédito Parcelado Lojista,2025-12-05 14:14,2025-12-05,2025-12,Negada,10,,000000,000002385,14180915,5800.0,0,0,N/A
Matriz_Luminis,07843328000119,72452,Visa,Crédito,Crédito Parcelado Lojista,2025-12-05 14:15,2025-12-05,2025-12,Aprovada,10,2026-01-05,062082,000002389,14180915,5800.0,-148.48,5651.52,Nacional
Matriz_Luminis,07843328000119,72452,Visa,Crédito,Crédito Parcelado Lojista,2025-12-09 16:49,2025-12-09,2025-12,Negada,06,,000000,000002391,14180915,2550.0,0,0,N/A
Matriz_Luminis,07843328000119,72452,Visa,Crédito,Crédito Parcelado Lojista,2025-12-09 16:51,2025-12-09,2025-12,Negada,06,,000000,000002395,14180915,2550.0,0,0,N/A
Matriz_Luminis,07843328000119,72452,Visa,Crédito,Crédito Parcelado Lojista,2025-12-09 16:52,2025-12-09,2025-12,Negada,06,,000000,000002397,14180915,2550.0,0,0,N/A
Matriz_Luminis,07843328000119,72452,Mastercard,Débito,Débito,2025-12-09 16:53,2025-12-09,2025-12,Aprovada,01,2025-12-10,M41201,000002399,14180915,2550.0,-34.17,2515.83,Nacional
Matriz_Luminis,07843328000119,72452,Mastercard,Débito,Débito,2025-12-11 09:42,2025-12-11,2025-12,Aprovada,01,2025-12-12,M73879,000002401,14180915,720.0,-9.65,710.35,Nacional
Matriz_Luminis,07843328000119,72452,Visa,Crédito,Crédito Parcelado Lojista,2025-12-12 09:35,2025-12-12,2025-12,Aprovada,10,2026-01-12,005187,000002405,14180915,5500.0,-140.8,5359.2,Nacional
Matriz_Luminis,07843328000119,72452,Mastercard,Crédito,Crédito Parcelado Lojista,2025-12-12 15:24,2025-12-12,2025-12,Aprovada,10,2026-01-12,036546,000002409,14180915,3900.0,-111.15,3788.85,Nacional
Matriz_Luminis,07843328000119,72452,Mastercard,Crédito,Crédito Parcelado Lojista,2025-12-12 15:26,2025-12-12,2025-12,Aprovada,10,2026-01-12,GAGC7J,000002411,14180915,4020.0,-114.57,3905.43,Nacional
Matriz_Luminis,07843328000119,72452,Mastercard,Crédito,Crédito Parcelado Lojista,2025-12-15 11:42,2025-12-15,2025-12,Aprovada,10,2026-01-15,061525,000002413,14180915,6980.0,-198.93,6781.07,Nacional
Matriz_Luminis,07843328000119,72452,Mastercard,Débito,Débito,2025-12-15 13:29,2025-12-15,2025-12,Aprovada,01,2025-12-16,078237,000002417,14180915,428.0,-5.74,422.26,Nacional
Matriz_Luminis,07843328000119,72452,Mastercard,Crédito,Crédito Parcelado Lojista,2025-12-15 16:27,2025-12-15,2025-12,Aprovada,10,2026-01-15,42SFNI,000002419,14180915,1950.0,-55.58,1894.42,Nacional
Matriz_Luminis,07843328000119,72452,Mastercard,Crédito,Crédito Parcelado Lojista,2025-12-15 17:08,2025-12-15,2025-12,Aprovada,10,2026-01-15,322665,000002421,14180915,2286.0,-65.15,2220.85,Nacional
Matriz_Luminis,07843328000119,72452,Visa,Crédito,Crédito Parcelado Lojista,2025-12-22 08:17,2025-12-22,2025-12,Aprovada,10,2026-01-22,967511,000002423,14180915,1700.0,-43.52,1656.48,Nacional
Matriz_Luminis,07843328000119,72452,Mastercard,Débito,Débito,2025-12-22 09:12,2025-12-22,2025-12,Aprovada,01,2025-12-23,M75709,000002427,14180915,1480.0,-19.83,1460.17,Nacional
Matriz_Luminis,07843328000119,72452,Visa,Crédito,Crédito Parcelado Lojista,2025-12-22 15:09,2025-12-22,2025-12,Aprovada,10,2026-01-22,050689,000002429,14180915,1880.0,-48.13,1831.87,Nacional
Matriz_Luminis,07843328000119,72452,Mastercard,Crédito,Crédito Parcelado Lojista,2025-12-22 16:14,2025-12-22,2025-12,Aprovada,05,2026-01-22,065212,162604733,EC055792,700.0,-21.07,678.93,Nacional
Matriz_Luminis,07843328000119,72452,Mastercard,Crédito,Crédito Parcelado Lojista,2025-12-26 12:42,2025-12-26,2025-12,Aprovada,04,2026-01-26,430669,000002431,14180915,250.0,-5.75,244.25,Nacional
Matriz_Luminis,07843328000119,72452,Mastercard,Crédito,Crédito Parcelado Lojista,2025-12-26 15:14,2025-12-26,2025-12,Aprovada,04,2026-01-26,051416,000002435,14180915,400.0,-9.2,390.8,Nacional
Matriz_Luminis,07843328000119,72452,Mastercard,Crédito,Crédito Parcelado Lojista,2025-12-29 17:27,2025-12-29,2025-12,Aprovada,03,2026-01-29,815485,000002437,14180915,300.0,-6.9,293.1,Nacional
Matriz_Luminis,07843328000119,72452,Mastercard,Crédito,Crédito Parcelado Lojista,2026-01-06 11:18,2026-01-06,2026-01,Aprovada,10,2026-02-06,BLDIRW,000002441,14180915,1600.0,-45.6,1554.4,Nacional
Matriz_Luminis,07843328000119,72452,Mastercard,Crédito,Crédito Parcelado Lojista,2026-01-09 09:47,2026-01-09,2026-01,Aprovada,04,2026-02-09,169005,000002445,14180915,1000.0,-23.0,977.0,Nacional
Matriz_Luminis,07843328000119,72452,Mastercard,Crédito,Crédito Parcelado Lojista,2026-01-12 08:41,2026-01-12,2026-01,Aprovada,04,2026-02-12,015341,000002449,14180915,2600.0,-59.8,2540.2,Nacional
Matriz_Luminis,07843328000119,72452,Mastercard,Crédito,Crédito Parcelado Lojista,2026-01-12 09:41,2026-01-12,2026-01,Aprovada,02,2026-02-12,603269,000002453,14180915,180.0,-4.14,175.86,Nacional
Matriz_Luminis,07843328000119,72452,Mastercard,Crédito,Crédito Parcelado Lojista,2026-01-12 11:07,2026-01-12,2026-01,Aprovada,04,2026-02-12,KJHIJH,000002455,14180915,2100.0,-48.3,2051.7,Nacional
Matriz_Luminis,07843328000119,72452,Mastercard,Crédito,Crédito Parcelado Lojista,2026-01-12 13:14,2026-01-12,2026-01,Aprovada,10,2026-02-12,096534,000002457,14180915,2010.0,-57.29,1952.71,Nacional
Matriz_Luminis,07843328000119,72452,Visa,Crédito,Crédito Parcelado Lojista,2026-01-12 13:43,2026-01-12,2026-01,Aprovada,10,2026-02-12,435247,000002459,14180915,1850.0,-47.36,1802.64,Nacional
Matriz_Luminis,07843328000119,72452,Visa,Crédito,Crédito Parcelado Lojista,2026-01-12 14:18,2026-01-12,2026-01,Aprovada,05,2026-02-12,064078,000002461,14180915,1346.0,-30.96,1315.04,Nacional
Matriz_Luminis,07843328000119,72452,Mastercard,Débito,Débito,2026-01-12 14:57,2026-01-12,2026-01,Aprovada,01,2026-01-13,M35829,000002463,14180915,150.0,-2.01,147.99,Nacional
Matriz_Luminis,07843328000119,72452,Visa,Crédito,Crédito Parcelado Lojista,2026-01-12 16:29,2026-01-12,2026-01,Aprovada,10,2026-02-12,835718,000002465,14180915,2250.0,-57.6,2192.4,Nacional
Matriz_Luminis,07843328000119,72452,Mastercard,Crédito,Crédito Parcelado Lojista,2026-01-12 17:11,2026-01-12,2026-01,Negada,03,,00000000,177309701,EC055792,1276.0,0,0,N/A
Matriz_Luminis,07843328000119,72452,Mastercard,Crédito,Crédito Parcelado Lojista,2026-01-12 17:13,2026-01-12,2026-01,Aprovada,03,2026-02-12,002343,175741073,EC055792,1276.0,-38.41,1237.59,Nacional
Matriz_Luminis,07843328000119,72452,Elo,Débito,Débito,2026-01-19 10:06,2026-01-19,2026-01,Aprovada,01,2026-01-20,204042,000002467,14180915,700.0,-12.6,687.4,Nacional
Matriz_Luminis,07843328000119,72452,Elo,Crédito,Crédito Parcelado Lojista,2026-01-19 10:07,2026-01-19,2026-01,Aprovada,10,2026-02-19,575680,000002471,14180915,2000.0,-61.2,1938.8,Nacional
Matriz_Luminis,07843328000119,72452,Mastercard,Débito,Débito,2026-01-19 10:41,2026-01-19,2026-01,Aprovada,01,2026-01-20,j8NNqg,000002473,14180915,100.0,-1.34,98.66,Nacional
Matriz_Luminis,07843328000119,72452,Visa,Crédito,Crédito Parcelado Lojista,2026-01-19 11:04,2026-01-19,2026-01,Aprovada,10,2026-02-19,651697,000002475,14180915,1100.0,-28.16,1071.84,Nacional
Matriz_Luminis,07843328000119,72452,Mastercard,Crédito,Crédito Parcelado Lojista,2026-01-19 11:28,2026-01-19,2026-01,Aprovada,10,2026-02-19,TPDHSL,000002477,14180915,1500.0,-42.75,1457.25,Nacional
Matriz_Luminis,07843328000119,72452,Mastercard,Crédito,Crédito Parcelado Lojista,2026-01-19 11:38,2026-01-19,2026-01,Aprovada,10,2026-02-19,843899,000002479,14180915,2000.0,-57.0,1943.0,Nacional
Matriz_Luminis,07843328000119,72452,Mastercard,Crédito,Crédito Parcelado Lojista,2026-01-19 13:29,2026-01-19,2026-01,Aprovada,05,2026-02-19,010207,000002481,14180915,1430.0,-32.89,1397.11,Nacional
Matriz_Luminis,07843328000119,72452,Visa,Débito,Débito,2026-01-19 16:08,2026-01-19,2026-01,Aprovada,01,2026-01-20,093273,000002483,14180915,500.0,-6.65,493.35,Nacional
Matriz_Luminis,07843328000119,72452,Mastercard,Crédito,Crédito Parcelado Lojista,2026-01-20 10:37,2026-01-20,2026-01,Aprovada,10,2026-02-20,847553,100372685,EC055792,3700.0,-116.92,3583.08,Nacional
Matriz_Luminis,07843328000119,72452,Mastercard,Crédito,Crédito Parcelado Lojista,2026-01-26 09:34,2026-01-26,2026-01,Aprovada,10,2026-02-26,120387,000002489,14180915,1400.0,-39.9,1360.1,Nacional
Matriz_Luminis,07843328000119,72452,Mastercard,Crédito,Crédito Parcelado Lojista,2026-01-26 11:00,2026-01-26,2026-01,Aprovada,10,2026-02-26,002910,000002493,14180915,2100.0,-59.85,2040.15,Nacional
Matriz_Luminis,07843328000119,72452,Mastercard,Crédito,Crédito Parcelado Lojista,2026-01-26 13:50,2026-01-26,2026-01,Aprovada,10,2026-02-26,015191,000002495,14180915,1500.0,-42.75,1457.25,Nacional
Matriz_Luminis,07843328000119,72452,Mastercard,Crédito,Crédito Parcelado Lojista,2026-01-27 16:37,2026-01-27,2026-01,Aprovada,10,2026-02-27,086995,000002497,14180915,700.0,-19.95,680.05,Nacional
Matriz_Luminis,07843328000119,72452,Mastercard,Crédito,Crédito Parcelado Lojista,2026-01-29 09:57,2026-01-29,2026-01,Aprovada,03,2026-03-02,3UYQYI,000002501,14180915,2100.0,-48.3,2051.7,Nacional
Matriz_Luminis,07843328000119,72452,Mastercard,Crédito,Crédito Parcelado Lojista,2026-01-29 14:48,2026-01-29,2026-01,Aprovada,04,2026-03-02,929029,000002505,14180915,800.0,-18.4,781.6,Nacional
Matriz_Luminis,07843328000119,72452,Visa,Crédito,Crédito Parcelado Lojista,2026-01-30 09:57,2026-01-30,2026-01,Aprovada,06,2026-03-02,574873,000002507,14180915,2240.0,-51.52,2188.48,Nacional
Matriz_Luminis,07843328000119,72452,Visa,Crédito,Crédito Parcelado Lojista,2026-02-02 08:40,2026-02-02,2026-02,Aprovada,10,2026-03-05,598884,000002511,14180915,1980.0,-50.69,1929.31,Nacional
Matriz_Luminis,07843328000119,72452,Visa,Crédito,Crédito Parcelado Lojista,2026-02-02 16:07,2026-02-02,2026-02,Aprovada,10,2026-03-05,052219,000002515,14180915,1500.0,-38.4,1461.6,Nacional
Matriz_Luminis,07843328000119,72452,Visa,Débito,Débito,2026-02-03 11:25,2026-02-03,2026-02,Aprovada,01,2026-02-04,940083,000002517,14180915,600.0,-7.98,592.02,Nacional
Matriz_Luminis,07843328000119,72452,Mastercard,Crédito,Crédito Parcelado Lojista,2026-02-05 17:14,2026-02-05,2026-02,Aprovada,10,2026-03-09,327174,000002521,14180915,1620.0,-46.17,1573.83,Nacional
Matriz_Luminis,07843328000119,72452,Visa,Crédito,Crédito Parcelado Lojista,2026-02-07 11:40,2026-02-07,2026-02,Aprovada,10,2026-03-10,013973,000002525,14180915,1800.0,-46.08,1753.92,Nacional
Matriz_Luminis,07843328000119,72452,Mastercard,Crédito,Crédito Parcelado Lojista,2026-02-09 09:55,2026-02-09,2026-02,Cancelada,06,2026-03-12,331590,000002529,14180915,500.0,-11.5,488.5,Nacional
Matriz_Luminis,07843328000119,72452,Visa,Crédito,Crédito Parcelado Lojista,2026-02-09 10:29,2026-02-09,2026-02,Negada,10,,000000,000002533,14180915,2890.0,0,0,N/A
Matriz_Luminis,07843328000119,72452,Visa,Crédito,Crédito Parcelado Lojista,2026-02-09 10:29,2026-02-09,2026-02,Aprovada,10,2026-03-12,649213,000002535,14180915,2000.0,-51.2,1948.8,Nacional
Matriz_Luminis,07843328000119,72452,Visa,Crédito,Crédito Parcelado Lojista,2026-02-09 10:31,2026-02-09,2026-02,Negada,05,,000000,000002537,14180915,890.0,0,0,N/A
Matriz_Luminis,07843328000119,72452,Visa,Crédito,Crédito Parcelado Lojista,2026-02-09 10:31,2026-02-09,2026-02,Negada,10,,000000,000002539,14180915,500.0,0,0,N/A
Matriz_Luminis,07843328000119,72452,Visa,Crédito,Crédito Parcelado Lojista,2026-02-09 10:32,2026-02-09,2026-02,Negada,10,,000000,000002541,14180915,390.0,0,0,N/A
Matriz_Luminis,07843328000119,72452,Visa,Crédito,Crédito Parcelado Lojista,2026-02-09 10:33,2026-02-09,2026-02,Negada,10,,000000,000002543,14180915,300.0,0,0,N/A
Matriz_Luminis,07843328000119,72452,Mastercard,Crédito,Crédito Parcelado Lojista,2026-02-09 11:09,2026-02-09,2026-02,Aprovada,10,2026-03-12,098573,000002545,14180915,1900.0,-54.15,1845.85,Nacional
Matriz_Luminis,07843328000119,72452,Mastercard,Crédito,Crédito Parcelado Lojista,2026-02-09 11:31,2026-02-09,2026-02,Aprovada,10,2026-03-12,903829,000002547,14180915,1200.0,-34.2,1165.8,Nacional
Matriz_Luminis,07843328000119,72452,Mastercard,Crédito,Crédito Parcelado Lojista,2026-02-09 15:20,2026-02-09,2026-02,Aprovada,02,2026-03-12,1P6HBG,000002549,14180915,800.0,-18.4,781.6,Nacional
Matriz_Luminis,07843328000119,72452,Mastercard,Crédito,Crédito Parcelado Lojista,2026-02-09 15:39,2026-02-09,2026-02,Negada,10,,000000,000002551,14180915,1900.0,0,0,N/A
Matriz_Luminis,07843328000119,72452,Mastercard,Crédito,Crédito Parcelado Lojista,2026-02-09 15:40,2026-02-09,2026-02,Aprovada,10,2026-03-12,012388,000002553,14180915,900.0,-25.65,874.35,Nacional
Matriz_Luminis,07843328000119,72452,Amex,Crédito,Crédito Parcelado Lojista,2026-02-09 16:41,2026-02-09,2026-02,Aprovada,10,2026-03-12,620436,000002555,14180915,1890.0,-67.28,1822.72,Nacional
Matriz_Luminis,07843328000119,72452,Mastercard,Crédito,Crédito Parcelado Lojista,2026-02-09 17:09,2026-02-09,2026-02,Aprovada,06,2026-03-12,909147,000002557,14180915,1200.0,-27.6,1172.4,Nacional
Matriz_Luminis,07843328000119,72452,Elo,Crédito,Crédito À Vista,2026-02-10 17:02,2026-02-10,2026-02,Aprovada,01,2026-03-13,634473,000002563,14180915,1600.0,-40.0,1560.0,Nacional
Matriz_Luminis,07843328000119,72452,Visa,Crédito,Crédito Parcelado Lojista,2026-02-11 16:55,2026-02-11,2026-02,Aprovada,10,2026-03-16,KXOJCL,000002565,14180915,2500.0,-64.0,2436.0,Nacional
Matriz_Luminis,07843328000119,72452,Visa,Crédito,Crédito Parcelado Lojista,2026-02-12 16:00,2026-02-12,2026-02,Aprovada,10,2026-03-16,396810,166757463,EC055792,890.0,-28.12,861.88,Nacional
Matriz_Luminis,07843328000119,72452,Mastercard,Crédito,Crédito Parcelado Lojista,2026-02-13 09:41,2026-02-13,2026-02,Aprovada,10,2026-03-16,880905,000002569,14180915,1600.0,-45.6,1554.4,Nacional
Matriz_Luminis,07843328000119,72452,Visa,Crédito,Crédito Parcelado Lojista,2026-02-20 11:08,2026-02-20,2026-02,Aprovada,10,2026-03-23,311393,000002573,14180915,3550.0,-90.88,3459.12,Nacional
Matriz_Luminis,07843328000119,72452,Mastercard,Crédito,Crédito Parcelado Lojista,2026-02-21 11:26,2026-02-21,2026-02,Aprovada,06,2026-03-24,HWBJPM,000002577,14180915,250.0,-5.75,244.25,Nacional
Matriz_Luminis,07843328000119,72452,Mastercard,Crédito,Crédito Parcelado Lojista,2026-02-21 12:20,2026-02-21,2026-02,Aprovada,10,2026-03-24,045733,000002581,14180915,950.0,-27.08,922.92,Nacional
Matriz_Luminis,07843328000119,72452,Mastercard,Débito,Débito,2026-02-23 08:35,2026-02-23,2026-02,Aprovada,01,2026-02-24,351970,000002583,14180915,50.0,-0.67,49.33,Nacional
Matriz_Luminis,07843328000119,72452,Visa,Crédito,Crédito Parcelado Lojista,2026-02-23 09:42,2026-02-23,2026-02,Negada,10,,000000,000002585,14180915,1587.0,0,0,N/A
Matriz_Luminis,07843328000119,72452,Visa,Crédito,Crédito Parcelado Lojista,2026-02-23 09:44,2026-02-23,2026-02,Aprovada,10,2026-03-26,451160,000002589,14180915,1587.0,-40.63,1546.37,Nacional
Matriz_Luminis,07843328000119,72452,Visa,Crédito,Crédito Parcelado Lojista,2026-02-23 14:01,2026-02-23,2026-02,Aprovada,10,2026-03-26,615562,000002591,14180915,2000.0,-51.2,1948.8,Nacional
Matriz_Luminis,07843328000119,72452,Elo,Crédito,Crédito Parcelado Lojista,2026-02-23 14:33,2026-02-23,2026-02,Aprovada,06,2026-03-26,862256,000002593,14180915,700.0,-19.6,680.4,Nacional
Matriz_Luminis,07843328000119,72452,Visa,Crédito,Crédito Parcelado Lojista,2026-02-23 16:12,2026-02-23,2026-02,Aprovada,10,2026-03-26,420381,000002595,14180915,1550.0,-39.68,1510.32,Nacional
Matriz_Luminis,07843328000119,72452,Visa,Crédito,Crédito Parcelado Lojista,2026-02-23 16:31,2026-02-23,2026-02,Aprovada,10,2026-03-26,FSLYJN,000002597,14180915,6940.0,-177.66,6762.34,Nacional
Matriz_Luminis,07843328000119,72452,Mastercard,Crédito,Crédito Parcelado Lojista,2026-02-24 16:18,2026-02-24,2026-02,Aprovada,10,2026-03-27,130681,000002599,14180915,2000.0,-57.0,1943.0,Nacional
Matriz_Luminis,07843328000119,72452,Mastercard,Crédito,Crédito Parcelado Lojista,2026-02-24 17:39,2026-02-24,2026-02,Aprovada,10,2026-03-27,065991,000002603,14180915,1000.0,-28.5,971.5,Nacional
Matriz_Luminis,07843328000119,72452,Visa,Crédito,Crédito Parcelado Lojista,2026-02-25 12:14,2026-02-25,2026-02,Aprovada,10,2026-03-30,5I3M4V,000002605,14180915,1165.0,-29.82,1135.18,Nacional
Matriz_Luminis,07843328000119,72452,Visa,Débito,Débito,2026-02-26 11:42,2026-02-26,2026-02,Aprovada,01,2026-02-27,896382,000002609,14180915,180.0,-2.39,177.61,Nacional
Matriz_Luminis,07843328000119,72452,Mastercard,Crédito,Crédito Parcelado Lojista,2026-03-02 10:56,2026-03-02,2026-03,Aprovada,10,2026-04-02,031519,000002613,14180915,1700.0,-48.45,1651.55,Nacional
Matriz_Luminis,07843328000119,72452,Visa,Débito,Débito,2026-03-02 15:56,2026-03-02,2026-03,Negada,01,,000000,000002617,14180915,2000.0,0,0,N/A
Matriz_Luminis,07843328000119,72452,Visa,Débito,Débito,2026-03-02 15:56,2026-03-02,2026-03,Negada,01,,000000,000002619,14180915,2000.0,0,0,N/A
Matriz_Luminis,07843328000119,72452,Visa,Débito,Débito,2026-03-02 15:57,2026-03-02,2026-03,Aprovada,01,2026-03-03,316587,000002621,14180915,1000.0,-13.3,986.7,Nacional
Matriz_Luminis,07843328000119,72452,Visa,Débito,Débito,2026-03-02 16:00,2026-03-02,2026-03,Aprovada,01,2026-03-03,375791,000002623,14180915,1000.0,-13.3,986.7,Nacional
Matriz_Luminis,07843328000119,72452,Visa,Débito,Débito,2026-03-02 16:01,2026-03-02,2026-03,Aprovada,01,2026-03-03,157724,000002625,14180915,900.0,-11.97,888.03,Nacional
Matriz_Luminis,07843328000119,72452,Mastercard,Crédito,Crédito Parcelado Lojista,2026-03-03 10:23,2026-03-03,2026-03,Aprovada,10,2026-04-06,062876,000002627,14180915,2790.0,-79.52,2710.48,Nacional
Matriz_Luminis,07843328000119,72452,Visa,Crédito,Crédito Parcelado Lojista,2026-03-06 15:49,2026-03-06,2026-03,Aprovada,03,2026-04-06,494774,000002631,14180915,3050.0,-70.15,2979.85,Nacional
Matriz_Luminis,07843328000119,72452,Visa,Crédito,Crédito Parcelado Lojista,2026-03-07 10:40,2026-03-07,2026-03,Aprovada,05,2026-04-07,604214,000002635,14180915,1800.0,-41.4,1758.6,Nacional
Matriz_Luminis,07843328000119,72452,Visa,Crédito,Crédito Parcelado Lojista,2026-03-09 08:53,2026-03-09,2026-03,Negada,04,,000000,000002639,14180915,750.0,0,0,N/A
Matriz_Luminis,07843328000119,72452,Visa,Crédito,Crédito Parcelado Lojista,2026-03-09 08:55,2026-03-09,2026-03,Aprovada,04,2026-04-09,ZMMONJ,000002643,14180915,700.0,-16.1,683.9,Nacional
Matriz_Luminis,07843328000119,72452,Visa,Crédito,Crédito Parcelado Lojista,2026-03-09 11:07,2026-03-09,2026-03,Aprovada,05,2026-04-09,682621,000002645,14180915,560.0,-12.88,547.12,Nacional
Matriz_Luminis,07843328000119,72452,Elo,Crédito,Crédito À Vista,2026-03-09 15:55,2026-03-09,2026-03,Aprovada,01,2026-04-09,492345,000002647,14180915,250.0,-6.25,243.75,Nacional
Matriz_Luminis,07843328000119,72452,Mastercard,Crédito,Crédito Parcelado Lojista,2026-03-09 16:06,2026-03-09,2026-03,Aprovada,05,2026-04-09,R77027,000002649,14180915,980.0,-22.54,957.46,Nacional
Matriz_Luminis,07843328000119,72452,Mastercard,Crédito,Crédito Parcelado Lojista,2026-03-10 11:38,2026-03-10,2026-03,Aprovada,03,2026-04-10,389441,000002651,14180915,990.0,-22.77,967.23,Nacional
Matriz_Luminis,07843328000119,72452,Mastercard,Crédito,Crédito Parcelado Lojista,2026-03-11 12:09,2026-03-11,2026-03,Aprovada,10,2026-04-13,DSD8MJ,000002655,14180915,2880.0,-82.08,2797.92,Nacional
Matriz_Luminis,07843328000119,72452,Mastercard,Crédito,Crédito Parcelado Lojista,2026-03-12 09:53,2026-03-12,2026-03,Aprovada,02,2026-04-13,084827,000002659,14180915,150.0,-3.45,146.55,Nacional
Matriz_Luminis,07843328000119,72452,Elo,Crédito,Crédito À Vista,2026-03-13 12:12,2026-03-13,2026-03,Aprovada,01,2026-04-13,816768,000002663,14180915,310.0,-7.75,302.25,Nacional
Matriz_Luminis,07843328000119,72452,Mastercard,Crédito,Crédito Parcelado Lojista,2026-03-13 16:52,2026-03-13,2026-03,Aprovada,04,2026-04-13,R52120,000002665,14180915,2150.0,-49.45,2100.55,Nacional
Matriz_Luminis,07843328000119,72452,Visa,Crédito,Crédito Parcelado Lojista,2026-03-14 10:44,2026-03-14,2026-03,Aprovada,05,2026-04-14,038425,000002667,14180915,1150.0,-26.45,1123.55,Nacional
Matriz_Luminis,07843328000119,72452,Visa,Crédito,Crédito Parcelado Lojista,2026-03-14 11:44,2026-03-14,2026-03,Aprovada,10,2026-04-14,053531,000002671,14180915,2550.0,-65.28,2484.72,Nacional
Matriz_Luminis,07843328000119,72452,Visa,Crédito,Crédito Parcelado Lojista,2026-03-16 09:47,2026-03-16,2026-03,Aprovada,08,2026-04-16,057443,000002673,14180915,800.0,-20.48,779.52,Nacional
Matriz_Luminis,07843328000119,72452,Visa,Débito,Débito,2026-03-16 10:16,2026-03-16,2026-03,Aprovada,01,2026-03-17,965116,000002677,14180915,300.0,-3.99,296.01,Nacional
Matriz_Luminis,07843328000119,72452,Visa,Crédito,Crédito Parcelado Lojista,2026-03-16 10:34,2026-03-16,2026-03,Aprovada,10,2026-04-16,050148,000002679,14180915,1620.0,-41.47,1578.53,Nacional
Matriz_Luminis,07843328000119,72452,Amex,Crédito,Crédito Parcelado Lojista,2026-03-16 11:12,2026-03-16,2026-03,Aprovada,10,2026-04-16,630581,000002681,14180915,3100.0,-110.36,2989.64,Nacional
Matriz_Luminis,07843328000119,72452,Visa,Crédito,Crédito Parcelado Lojista,2026-03-16 13:34,2026-03-16,2026-03,Aprovada,10,2026-04-16,036908,000002683,14180915,1150.0,-29.44,1120.56,Nacional
Matriz_Luminis,07843328000119,72452,Mastercard,Crédito,Crédito Parcelado Lojista,2026-03-16 13:35,2026-03-16,2026-03,Aprovada,10,2026-04-16,R34905,000002685,14180915,1300.0,-37.05,1262.95,Nacional
Matriz_Luminis,07843328000119,72452,Mastercard,Crédito,Crédito Parcelado Lojista,2026-03-16 16:17,2026-03-16,2026-03,Negada,10,,000000,000002687,14180915,2850.0,0,0,N/A
Matriz_Luminis,07843328000119,72452,Mastercard,Crédito,Crédito Parcelado Lojista,2026-03-16 16:18,2026-03-16,2026-03,Aprovada,10,2026-04-16,745117,000002689,14180915,500.0,-14.25,485.75,Nacional
Matriz_Luminis,07843328000119,72452,Visa,Crédito,Crédito Parcelado Lojista,2026-03-16 16:55,2026-03-16,2026-03,Aprovada,10,2026-04-16,1D3M7H,000002691,14180915,2150.0,-55.04,2094.96,Nacional
Matriz_Luminis,07843328000119,72452,Visa,Crédito,Crédito Parcelado Lojista,2026-03-17 16:30,2026-03-17,2026-03,Negada,10,,000000,000002693,14180915,2100.0,0,0,N/A
Matriz_Luminis,07843328000119,72452,Visa,Crédito,Crédito Parcelado Lojista,2026-03-17 16:31,2026-03-17,2026-03,Aprovada,10,2026-04-17,621223,000002697,14180915,2100.0,-53.76,2046.24,Nacional
Matriz_Luminis,07843328000119,72452,Mastercard,Crédito,Crédito Parcelado Lojista,2026-03-17 17:04,2026-03-17,2026-03,Aprovada,10,2026-04-17,HYQ51W,000002699,14180915,900.0,-25.65,874.35,Nacional
Matriz_Luminis,07843328000119,72452,Mastercard,Crédito,Crédito Parcelado Lojista,2026-03-18 17:47,2026-03-18,2026-03,Aprovada,10,2026-04-20,308679,173501617,EC055792,2870.0,-90.69,2779.31,Nacional
Matriz_Luminis,07843328000119,72452,Mastercard,Crédito,Crédito Parcelado Lojista,2026-03-19 10:30,2026-03-19,2026-03,Aprovada,10,2026-04-20,305368,000002701,14180915,1600.0,-45.6,1554.4,Nacional
Matriz_Luminis,07843328000119,72452,Mastercard,Crédito,Crédito Parcelado Lojista,2026-03-20 13:18,2026-03-20,2026-03,Aprovada,04,2026-04-20,174252,000002705,14180915,820.0,-18.86,801.14,Nacional
Matriz_Luminis,07843328000119,72452,Visa,Crédito,Crédito Parcelado Lojista,2026-03-21 11:21,2026-03-21,2026-03,Aprovada,10,2026-04-22,614002,000002709,14180915,295.0,-7.55,287.45,Nacional
Matriz_Luminis,07843328000119,72452,Mastercard,Débito,Débito,2026-03-23 10:12,2026-03-23,2026-03,Aprovada,01,2026-03-24,M52579,000002713,14180915,500.0,-6.7,493.3,Nacional
Matriz_Luminis,07843328000119,72452,Visa,Débito,Débito,2026-03-23 11:18,2026-03-23,2026-03,Aprovada,01,2026-03-24,055820,000002717,14180915,1550.0,-20.62,1529.38,Nacional
Matriz_Luminis,07843328000119,72452,Mastercard,Crédito,Crédito Parcelado Lojista,2026-03-23 16:51,2026-03-23,2026-03,Aprovada,04,2026-04-23,367602,000002719,14180915,1490.0,-34.27,1455.73,Nacional
Matriz_Luminis,07843328000119,72452,Mastercard,Crédito,Crédito Parcelado Lojista,2026-03-26 08:57,2026-03-26,2026-03,Aprovada,05,2026-04-27,559516,000002721,14180915,650.0,-14.95,635.05,Nacional
Matriz_Luminis,07843328000119,72452,Mastercard,Crédito,Crédito Parcelado Lojista,2026-03-28 09:18,2026-03-28,2026-03,Aprovada,10,2026-04-28,183070,000002725,14180915,1390.0,-39.62,1350.38,Nacional
Matriz_Luminis,07843328000119,72452,Visa,Crédito,Crédito Parcelado Lojista,2026-03-30 08:42,2026-03-30,2026-03,Aprovada,08,2026-04-30,621742,000002729,14180915,2000.0,-51.2,1948.8,Nacional
Matriz_Luminis,07843328000119,72452,Mastercard,Crédito,Crédito Parcelado Lojista,2026-03-30 13:24,2026-03-30,2026-03,Aprovada,10,2026-04-30,004165,000002733,14180915,2000.0,-57.0,1943.0,Nacional
Matriz_Luminis,07843328000119,72452,Mastercard,Crédito,Crédito Parcelado Lojista,2026-03-30 15:14,2026-03-30,2026-03,Aprovada,10,2026-04-30,0A1RDR,000002735,14180915,2450.0,-69.83,2380.17,Nacional
Matriz_Luminis,07843328000119,72452,Mastercard,Crédito,Crédito Parcelado Lojista,2026-04-01 09:32,2026-04-01,2026-04,Aprovada,10,2026-05-04,911697,000002737,14180915,1970.0,-56.15,1913.85,Nacional
Matriz_Luminis,07843328000119,72452,Mastercard,Débito,Débito,2026-04-01 15:45,2026-04-01,2026-04,Aprovada,01,2026-04-02,751272,000002741,14180915,700.0,-9.38,690.62,Nacional
Matriz_Luminis,07843328000119,72452,Mastercard,Crédito,Crédito À Vista,2026-04-01 17:45,2026-04-01,2026-04,Aprovada,01,2026-05-04,032225,000002743,14180915,150.0,-3.44,146.56,Nacional
Matriz_Luminis,07843328000119,72452,Mastercard,Crédito,Crédito Parcelado Lojista,2026-04-02 08:52,2026-04-02,2026-04,Aprovada,10,2026-05-04,3TS2J6,000002745,14180915,2350.0,-66.98,2283.02,Nacional
Matriz_Luminis,07843328000119,72452,Visa,Débito,Débito,2026-04-06 10:22,2026-04-06,2026-04,Aprovada,01,2026-04-07,337353,000002749,14180915,300.0,-3.99,296.01,Nacional
Matriz_Luminis,07843328000119,72452,Mastercard,Crédito,Crédito Parcelado Lojista,2026-04-06 10:22,2026-04-06,2026-04,Aprovada,04,2026-05-07,473857,000002753,14180915,500.0,-11.5,488.5,Nacional
Matriz_Luminis,07843328000119,72452,Mastercard,Crédito,Crédito À Vista,2026-04-06 10:37,2026-04-06,2026-04,Aprovada,01,2026-05-07,894899,000002755,14180915,60.0,-1.37,58.63,Nacional
Matriz_Luminis,07843328000119,72452,Mastercard,Crédito,Crédito Parcelado Lojista,2026-04-06 14:33,2026-04-06,2026-04,Aprovada,10,2026-05-07,OPBQGV,000002757,14180915,1100.0,-31.35,1068.65,Nacional
Matriz_Luminis,07843328000119,72452,Mastercard,Crédito,Crédito Parcelado Lojista,2026-04-11 09:17,2026-04-11,2026-04,Aprovada,10,2026-05-12,228066,000002759,14180915,1750.0,-49.88,1700.12,Nacional
Matriz_Luminis,07843328000119,72452,Mastercard,Crédito,Crédito Parcelado Lojista,2026-04-14 14:35,2026-04-14,2026-04,Aprovada,10,2026-05-15,EGWFVR,000002763,14180915,3200.0,-91.2,3108.8,Nacional
Matriz_Luminis,07843328000119,72452,Mastercard,Crédito,Crédito Parcelado Lojista,2026-04-20 08:39,2026-04-20,2026-04,Aprovada,10,2026-05-21,391286,000002767,14180915,1800.0,-51.3,1748.7,Nacional
Matriz_Luminis,07843328000119,72452,Visa,Débito,Débito,2026-04-20 10:33,2026-04-20,2026-04,Aprovada,01,2026-04-22,M73286,000002771,14180915,100.0,-1.33,98.67,Nacional
Matriz_Luminis,07843328000119,72452,Visa,Crédito,Crédito Parcelado Lojista,2026-04-20 11:00,2026-04-20,2026-04,Aprovada,10,2026-05-21,LJTAVV,000002773,14180915,500.0,-12.8,487.2,Nacional
Matriz_Luminis,07843328000119,72452,Mastercard,Crédito,Crédito Parcelado Lojista,2026-04-20 15:08,2026-04-20,2026-04,Aprovada,10,2026-05-21,026304,000002775,14180915,2300.0,-65.55,2234.45,Nacional
Matriz_Luminis,07843328000119,72452,Mastercard,Débito,Débito,2026-04-20 15:41,2026-04-20,2026-04,Aprovada,01,2026-04-22,546904,000002777,14180915,50.0,-0.67,49.33,Nacional
Matriz_Luminis,07843328000119,72452,Mastercard,Crédito,Crédito Parcelado Lojista,2026-04-22 09:24,2026-04-22,2026-04,Aprovada,03,2026-05-25,078377,000002779,14180915,800.0,-18.4,781.6,Nacional
Matriz_Luminis,07843328000119,72452,Mastercard,Crédito,Crédito Parcelado Lojista,2026-05-04 14:59,2026-05-04,2026-05,Aprovada,08,2026-06-05,923749,000002783,14180915,950.0,-27.08,922.92,Nacional
Matriz_Luminis,07843328000119,72452,Visa,Crédito,Crédito Parcelado Lojista,2026-05-04 16:06,2026-05-04,2026-05,Aprovada,10,2026-06-05,358473,165105987,EC055792,6790.0,-214.56,6575.44,Nacional
Matriz_Luminis,07843328000119,72452,Mastercard,Crédito,Crédito Parcelado Lojista,2026-05-04 17:46,2026-05-04,2026-05,Aprovada,10,2026-06-05,167254,000002787,14180915,1230.0,-35.06,1194.94,Nacional
Matriz_Luminis,07843328000119,72452,Mastercard,Crédito,Crédito Parcelado Lojista,2026-05-05 13:39,2026-05-05,2026-05,Aprovada,10,2026-06-05,R82760,000002789,14180915,1990.0,-56.72,1933.28,Nacional
Matriz_Luminis,07843328000119,72452,Mastercard,Crédito,Crédito Parcelado Lojista,2026-05-11 10:18,2026-05-11,2026-05,Aprovada,05,2026-06-11,ACRLMR,000002793,14180915,1600.0,-36.8,1563.2,Nacional
Matriz_Luminis,07843328000119,72452,Mastercard,Crédito,Crédito Parcelado Lojista,2026-05-11 10:43,2026-05-11,2026-05,Aprovada,10,2026-06-11,431471,000002797,14180915,3000.0,-85.5,2914.5,Nacional
Matriz_Luminis,07843328000119,72452,Elo,Débito,Débito,2026-05-11 14:29,2026-05-11,2026-05,Negada,01,,000000,000002799,14180915,1000.0,0,0,N/A
Matriz_Luminis,07843328000119,72452,Elo,Débito,Débito,2026-05-11 14:30,2026-05-11,2026-05,Aprovada,01,2026-05-12,103316,000002801,14180915,1000.0,-18.0,982.0,Nacional
Matriz_Luminis,07843328000119,72452,Visa,Crédito,Crédito Parcelado Lojista,2026-05-11 15:01,2026-05-11,2026-05,Aprovada,10,2026-06-11,644494,000002803,14180915,1200.0,-30.72,1169.28,Nacional
Matriz_Luminis,07843328000119,72452,Visa,Crédito,Crédito Parcelado Lojista,2026-05-11 15:55,2026-05-11,2026-05,Aprovada,10,2026-06-11,878963,000002805,14180915,2000.0,-51.2,1948.8,Nacional
Matriz_Luminis,07843328000119,72452,Mastercard,Crédito,Crédito Parcelado Lojista,2026-05-12 12:24,2026-05-12,2026-05,Aprovada,03,2026-06-12,640512,000002807,14180915,1200.0,-27.6,1172.4,Nacional
Matriz_Luminis,07843328000119,72452,Visa,Crédito,Crédito Parcelado Lojista,2026-05-13 09:25,2026-05-13,2026-05,Aprovada,10,2026-06-15,653786,000002811,14180915,800.0,-20.48,779.52,Nacional
Matriz_Luminis,07843328000119,72452,Visa,Crédito,Crédito Parcelado Lojista,2026-05-13 11:34,2026-05-13,2026-05,Aprovada,10,2026-06-15,920987,000002815,14180915,1250.0,-32.0,1218.0,Nacional
Matriz_Luminis,07843328000119,72452,Visa,Crédito,Crédito Parcelado Lojista,2026-05-13 12:16,2026-05-13,2026-05,Aprovada,10,2026-06-15,OVMAMR,000002817,14180915,1410.0,-36.1,1373.9,Nacional
Matriz_Luminis,07843328000119,72452,Mastercard,Crédito,Crédito Parcelado Lojista,2026-05-13 16:07,2026-05-13,2026-05,Aprovada,07,2026-06-15,069790,000002819,14180915,3510.0,-100.04,3409.96,Nacional
Matriz_Luminis,07843328000119,72452,Visa,Crédito,Crédito Parcelado Lojista,2026-05-13 17:31,2026-05-13,2026-05,Aprovada,10,2026-06-15,053096,000002821,14180915,1950.0,-49.92,1900.08,Nacional
Matriz_Luminis,07843328000119,72452,Mastercard,Crédito,Crédito Parcelado Lojista,2026-05-14 09:04,2026-05-14,2026-05,Aprovada,10,2026-06-15,097029,000002823,14180915,2800.0,-79.8,2720.2,Nacional
Matriz_Luminis,07843328000119,72452,Visa,Crédito,Crédito Parcelado Lojista,2026-05-14 10:26,2026-05-14,2026-05,Aprovada,03,2026-06-15,JMKGOM,107415025,EC055792,290.0,-8.73,281.27,Nacional
Matriz_Luminis,07843328000119,72452,Visa,Crédito,Crédito Parcelado Lojista,2026-05-18 10:57,2026-05-18,2026-05,Aprovada,10,2026-06-18,U6KSAB,000002827,14180915,5350.0,-136.96,5213.04,Nacional
Matriz_Luminis,07843328000119,72452,Mastercard,Crédito,Crédito Parcelado Lojista,2026-05-18 13:44,2026-05-18,2026-05,Aprovada,10,2026-06-18,067426,000002831,14180915,1500.0,-42.75,1457.25,Nacional
Matriz_Luminis,07843328000119,72452,Mastercard,Crédito,Crédito Parcelado Lojista,2026-05-18 16:45,2026-05-18,2026-05,Aprovada,02,2026-06-18,032298,000002833,14180915,1080.0,-24.84,1055.16,Nacional
Matriz_Luminis,07843328000119,72452,Elo,Crédito,Crédito Parcelado Lojista,2026-05-18 16:52,2026-05-18,2026-05,Aprovada,04,2026-06-18,324715,000002835,14180915,350.0,-9.8,340.2,Nacional
Matriz_Luminis,07843328000119,72452,Mastercard,Crédito,Crédito Parcelado Lojista,2026-05-20 14:48,2026-05-20,2026-05,Aprovada,02,2026-06-22,360699,000002837,14180915,400.0,-9.2,390.8,Nacional
Matriz_Luminis,07843328000119,72452,Visa,Crédito,Crédito Parcelado Lojista,2026-05-25 13:31,2026-05-25,2026-05,Aprovada,06,2026-06-25,312155,000002841,14180915,1600.0,-36.8,1563.2,Nacional
Matriz_Luminis,07843328000119,72452,Mastercard,Débito,Débito,2026-05-25 13:58,2026-05-25,2026-05,Aprovada,01,2026-05-26,M70015,000002845,14180915,1000.0,-13.4,986.6,Nacional
Matriz_Luminis,07843328000119,72452,Mastercard,Crédito,Crédito Parcelado Lojista,2026-05-25 15:19,2026-05-25,2026-05,Aprovada,10,2026-06-25,017965,000002847,14180915,1650.0,-47.03,1602.97,Nacional
Matriz_Luminis,07843328000119,72452,Visa,Crédito,Crédito Parcelado Lojista,2026-05-25 16:59,2026-05-25,2026-05,Aprovada,10,2026-06-25,077431,000002849,14180915,1170.0,-29.95,1140.05,Nacional
Matriz_Luminis,07843328000119,72452,Elo,Débito,Débito,2026-05-25 17:07,2026-05-25,2026-05,Aprovada,01,2026-05-26,208337,000002851,14180915,1648.0,-29.66,1618.34,Nacional
Matriz_Luminis,07843328000119,72452,Visa,Crédito,Crédito Parcelado Lojista,2026-05-28 09:22,2026-05-28,2026-05,Aprovada,03,2026-06-29,VRA9DI,095077263,EC055792,2900.0,-87.29,2812.71,Nacional
Matriz_Luminis,07843328000119,72452,Visa,Crédito,Crédito Parcelado Lojista,2026-05-28 11:04,2026-05-28,2026-05,Aprovada,10,2026-06-29,312334,000002853,14180915,1600.0,-40.96,1559.04,Nacional
Matriz_Luminis,07843328000119,72452,Mastercard,Crédito,Crédito Parcelado Lojista,2026-05-29 16:20,2026-05-29,2026-05,Aprovada,02,2026-06-29,027545,000002861,14180915,1500.0,-34.5,1465.5,Nacional
Matriz_Luminis,07843328000119,72452,Visa,Débito,Débito,2026-05-29 16:20,2026-05-29,2026-05,Aprovada,01,2026-06-01,581376,000002863,14180915,1400.0,-18.62,1381.38,Nacional
Matriz_Luminis,07843328000119,72452,Visa,Crédito,Crédito Parcelado Lojista,2026-06-01 09:10,2026-06-01,2026-06,Aprovada,05,2026-07-02,018769,000002865,14180915,580.0,-13.34,566.66,Nacional
Matriz_Luminis,07843328000119,72452,Mastercard,Crédito,Crédito Parcelado Lojista,2026-06-01 09:12,2026-06-01,2026-06,Aprovada,10,2026-07-02,130266,000002869,14180915,1690.0,-48.17,1641.83,Nacional
Matriz_Luminis,07843328000119,72452,Mastercard,Crédito,Crédito Parcelado Lojista,2026-06-01 14:15,2026-06-01,2026-06,Aprovada,10,2026-07-02,796922,147803793,EC055792,2600.0,-82.16,2517.84,Nacional
Matriz_Luminis,07843328000119,72452,Visa,Crédito,Crédito Parcelado Lojista,2026-06-01 15:01,2026-06-01,2026-06,Aprovada,10,2026-07-02,020460,000002871,14180915,2900.0,-74.24,2825.76,Nacional
Matriz_Luminis,07843328000119,72452,Visa,Crédito,Crédito Parcelado Lojista,2026-06-01 16:51,2026-06-01,2026-06,Aprovada,10,2026-07-02,060584,000002873,14180915,1250.0,-32.0,1218.0,Nacional
Matriz_Luminis,07843328000119,72452,Mastercard,Crédito,Crédito Parcelado Lojista,2026-06-02 16:04,2026-06-02,2026-06,Aprovada,10,,R57550,000002875,14180915,1400.0,0,0,N/A
Filial_Proview,07843328000208,72453,Visa,Débito,Débito,2025-01-06 16:22,2025-01-06,2025-01,Aprovada,01,2025-01-07,330091,000001487,14353058,4450.0,-55.63,4394.37,Nacional
Filial_Proview,07843328000208,72453,Visa,Crédito,Crédito Parcelado Lojista,2025-01-07 15:55,2025-01-07,2025-01,Aprovada,10,2025-02-06,585477,000001491,14353058,1790.0,-42.96,1747.04,Nacional
Filial_Proview,07843328000208,72453,Mastercard,Crédito,Crédito Parcelado Lojista,2025-01-08 09:57,2025-01-08,2025-01,Aprovada,10,2025-02-07,032503,000001495,14353058,809.34,-21.2,788.14,Nacional
Filial_Proview,07843328000208,72453,Mastercard,Crédito,Crédito Parcelado Lojista,2025-01-08 10:26,2025-01-08,2025-01,Negada,06,,000000,000001499,14353058,2190.0,0,0,N/A
Filial_Proview,07843328000208,72453,Visa,Débito,Débito,2025-01-08 10:56,2025-01-08,2025-01,Aprovada,01,2025-01-09,462616,000001501,14353058,850.0,-10.63,839.37,Nacional
Filial_Proview,07843328000208,72453,Mastercard,Crédito,Crédito Parcelado Lojista,2025-01-08 15:35,2025-01-08,2025-01,Aprovada,04,2025-02-07,033797,000001503,14353058,1420.0,-34.22,1385.78,Nacional
Filial_Proview,07843328000208,72453,Mastercard,Crédito,Crédito Parcelado Lojista,2025-01-08 16:35,2025-01-08,2025-01,Aprovada,10,2025-02-07,099370,000001505,14353058,1190.0,-31.18,1158.82,Nacional
Filial_Proview,07843328000208,72453,Mastercard,Crédito,Crédito Parcelado Lojista,2025-01-08 16:49,2025-01-08,2025-01,Aprovada,10,2025-02-07,077392,000001507,14353058,3740.0,-97.99,3642.01,Nacional
Filial_Proview,07843328000208,72453,Visa,Crédito,Crédito Parcelado Lojista,2025-01-09 09:46,2025-01-09,2025-01,Aprovada,10,2025-02-10,478829,000001509,14353058,2200.0,-52.8,2147.2,Nacional
Filial_Proview,07843328000208,72453,Visa,Crédito,Crédito Parcelado Lojista,2025-01-09 14:47,2025-01-09,2025-01,Negada,10,,000000,000001513,14353058,3900.0,0,0,N/A
Filial_Proview,07843328000208,72453,Visa,Crédito,Crédito Parcelado Lojista,2025-01-09 14:48,2025-01-09,2025-01,Aprovada,10,2025-02-10,803570,000001515,14353058,3900.0,-93.6,3806.4,Nacional
Filial_Proview,07843328000208,72453,Mastercard,Crédito,Crédito Parcelado Lojista,2025-01-10 12:54,2025-01-10,2025-01,Aprovada,10,2025-02-10,324229,000001517,14353058,5100.0,-133.62,4966.38,Nacional
Filial_Proview,07843328000208,72453,Mastercard,Crédito,Crédito Parcelado Lojista,2025-01-14 13:26,2025-01-14,2025-01,Aprovada,10,2025-01-14,025783,000001521,14353058,800.0,-20.96,779.04,N/A
Filial_Proview,07843328000208,72453,Mastercard,Crédito,Crédito Parcelado Lojista,2025-01-14 13:34,2025-01-14,2025-01,Aprovada,10,2025-01-14,395213,000001525,14353058,1060.0,-27.77,1032.23,N/A
Filial_Proview,07843328000208,72453,Mastercard,Débito,Débito,2025-01-14 15:10,2025-01-14,2025-01,Aprovada,01,2025-01-14,M63991,000001527,14353058,520.0,-6.76,513.24,N/A
Filial_Proview,07843328000208,72453,Mastercard,Débito,Débito,2025-01-14 15:13,2025-01-14,2025-01,Aprovada,01,2025-01-14,159841,000001529,14353058,500.0,-6.5,493.5,N/A
Filial_Proview,07843328000208,72453,Visa,Crédito,Crédito Parcelado Lojista,2025-01-15 11:47,2025-01-15,2025-01,Aprovada,05,2025-02-14,088029,000001531,14353058,910.0,-20.48,889.52,Nacional
Filial_Proview,07843328000208,72453,Visa,Crédito,Crédito Parcelado Lojista,2025-01-15 11:47,2025-01-15,2025-01,Aprovada,05,2025-02-14,088029,000001531,14353058,910.0,-20.48,889.52,Nacional
Filial_Proview,07843328000208,72453,Visa,Crédito,Crédito Parcelado Lojista,2025-01-15 14:32,2025-01-15,2025-01,Aprovada,10,2025-02-14,921621,000001535,14353058,2100.0,-50.4,2049.6,Nacional
Filial_Proview,07843328000208,72453,Visa,Crédito,Crédito Parcelado Lojista,2025-01-15 14:32,2025-01-15,2025-01,Aprovada,10,2025-02-14,921621,000001535,14353058,2100.0,-50.4,2049.6,Nacional
Filial_Proview,07843328000208,72453,Mastercard,Crédito,Crédito Parcelado Lojista,2025-01-16 09:33,2025-01-16,2025-01,Aprovada,10,2025-02-17,R07684,000001537,14353058,5700.0,-149.34,5550.66,N/A
Filial_Proview,07843328000208,72453,Mastercard,Crédito,Crédito Parcelado Lojista,2025-01-16 09:33,2025-01-16,2025-01,Aprovada,10,2025-02-17,568647,000001541,14353058,1680.0,-44.02,1635.98,N/A
Filial_Proview,07843328000208,72453,Visa,Crédito,Crédito Parcelado Lojista,2025-01-16 10:54,2025-01-16,2025-01,Aprovada,02,2025-02-17,650492,000001543,14353058,1740.0,-39.15,1700.85,N/A
Filial_Proview,07843328000208,72453,Mastercard,Crédito,Crédito Parcelado Lojista,2025-01-16 11:32,2025-01-16,2025-01,Aprovada,10,2025-02-17,077765,000001545,14353058,3100.0,-81.22,3018.78,N/A
Filial_Proview,07843328000208,72453,Mastercard,Crédito,Crédito Parcelado Lojista,2025-01-16 14:35,2025-01-16,2025-01,Negada,10,,000000,000001547,14353058,11800.0,0,0,N/A
Filial_Proview,07843328000208,72453,Mastercard,Crédito,Crédito Parcelado Lojista,2025-01-16 14:35,2025-01-16,2025-01,Aprovada,10,2025-02-17,363457,000001549,14353058,11800.0,-309.16,11490.84,N/A
Filial_Proview,07843328000208,72453,Mastercard,Crédito,Crédito À Vista,2025-01-16 16:06,2025-01-16,2025-01,Aprovada,01,2025-02-17,R03929,000001551,14353058,1431.0,-27.19,1403.81,N/A
Filial_Proview,07843328000208,72453,Visa,Crédito,Crédito Parcelado Lojista,2025-01-18 11:37,2025-01-18,2025-01,Aprovada,10,2025-02-17,672643,000001553,14353058,2000.0,-48.0,1952.0,N/A
Filial_Proview,07843328000208,72453,Visa,Crédito,Crédito Parcelado Lojista,2025-01-20 11:57,2025-01-20,2025-01,Aprovada,04,2025-02-19,050205,000001557,14353058,2000.0,-45.0,1955.0,Nacional
Filial_Proview,07843328000208,72453,Mastercard,Crédito,Crédito Parcelado Lojista,2025-01-20 11:58,2025-01-20,2025-01,Aprovada,04,2025-02-19,518572,000001561,14353058,1500.0,-36.15,1463.85,Nacional
Filial_Proview,07843328000208,72453,Visa,Crédito,Crédito Parcelado Lojista,2025-01-20 21:18,2025-01-20,2025-01,Aprovada,10,2025-02-20,681953,214265015,EC055793,1590.0,-50.09,1539.91,Nacional
Filial_Proview,07843328000208,72453,Visa,Crédito,Crédito Parcelado Lojista,2025-01-21 08:53,2025-01-21,2025-01,Aprovada,10,2025-02-20,640184,000001565,14353058,3260.0,-78.24,3181.76,Nacional
Filial_Proview,07843328000208,72453,Visa,Crédito,Crédito Parcelado Lojista,2025-01-23 14:21,2025-01-23,2025-01,Aprovada,10,2025-02-24,083221,000001569,14353058,11595.0,-278.28,11316.72,Nacional
Filial_Proview,07843328000208,72453,Visa,Débito,Débito,2025-01-24 11:58,2025-01-24,2025-01,Aprovada,01,2025-01-27,901982,000001573,14353058,595.0,-7.44,587.56,Nacional
Filial_Proview,07843328000208,72453,Visa,Crédito,Crédito Parcelado Lojista,2025-01-28 09:18,2025-01-28,2025-01,Aprovada,10,2025-02-27,681893,000001577,14353058,2220.0,-53.28,2166.72,Nacional
Filial_Proview,07843328000208,72453,Mastercard,Crédito,Crédito Parcelado Lojista,2025-01-28 11:58,2025-01-28,2025-01,Aprovada,11,2025-02-27,095743,000001581,14353058,2309.0,-60.5,2248.5,Nacional
Filial_Proview,07843328000208,72453,Mastercard,Crédito,Crédito Parcelado Lojista,2025-01-28 11:59,2025-01-28,2025-01,Aprovada,10,2025-02-27,030315,000001583,14353058,1320.0,-34.58,1285.42,Nacional
Filial_Proview,07843328000208,72453,Visa,Débito,Débito,2025-01-29 11:54,2025-01-29,2025-01,Negada,01,,000000,000001585,14353058,330.0,0,0,N/A
Filial_Proview,07843328000208,72453,Visa,Crédito,Crédito Parcelado Lojista,2025-01-29 11:57,2025-01-29,2025-01,Aprovada,03,2025-02-28,476550,000001589,14353058,850.0,-19.13,830.87,Nacional
Filial_Proview,07843328000208,72453,Mastercard,Débito,Débito,2025-01-29 13:12,2025-01-29,2025-01,Aprovada,01,2025-01-30,099657,000001591,14353058,4000.0,-52.0,3948.0,Nacional
Filial_Proview,07843328000208,72453,Visa,Crédito,Crédito Parcelado Lojista,2025-01-29 13:13,2025-01-29,2025-01,Aprovada,02,2025-02-28,012938,000001593,14353058,2300.0,-51.75,2248.25,Nacional
Filial_Proview,07843328000208,72453,Visa,Crédito,Crédito Parcelado Lojista,2025-01-31 10:29,2025-01-31,2025-01,Aprovada,10,2025-03-05,603331,000001595,14353058,650.0,-15.6,634.4,Nacional
Filial_Proview,07843328000208,72453,Visa,Crédito,Crédito Parcelado Lojista,2025-01-31 10:54,2025-01-31,2025-01,Aprovada,10,2025-03-05,037563,000001599,14353058,1650.0,-39.6,1610.4,Nacional
Filial_Proview,07843328000208,72453,Visa,Crédito,Crédito Parcelado Lojista,2025-01-31 11:01,2025-01-31,2025-01,Aprovada,05,2025-03-05,529230,000001601,14353058,2350.0,-52.88,2297.12,Nacional
Filial_Proview,07843328000208,72453,Visa,Crédito,Crédito Parcelado Lojista,2025-01-31 13:33,2025-01-31,2025-01,Aprovada,10,2025-03-05,098178,000001603,14353058,1550.0,-37.2,1512.8,Nacional
Filial_Proview,07843328000208,72453,Visa,Crédito,Crédito Parcelado Lojista,2025-01-31 15:33,2025-01-31,2025-01,Aprovada,10,2025-03-05,093171,000001605,14353058,1850.0,-44.4,1805.6,Nacional
Filial_Proview,07843328000208,72453,Mastercard,Crédito,Crédito Parcelado Lojista,2025-01-31 16:09,2025-01-31,2025-01,Aprovada,02,2025-03-05,818544,000001607,14353058,1280.0,-30.85,1249.15,Nacional
Filial_Proview,07843328000208,72453,Elo,Débito,Débito,2025-02-04 14:10,2025-02-04,2025-02,Aprovada,01,2025-02-05,813309,000001609,14353058,595.0,-7.44,587.56,Nacional
Filial_Proview,07843328000208,72453,Visa,Crédito,Crédito Parcelado Lojista,2025-02-05 15:13,2025-02-05,2025-02,Aprovada,03,2025-03-07,677067,000001613,14353058,1500.0,-33.75,1466.25,Nacional
Filial_Proview,07843328000208,72453,Visa,Crédito,Crédito Parcelado Lojista,2025-02-07 08:49,2025-02-07,2025-02,Aprovada,08,2025-03-10,939112,000001617,14353058,800.0,-19.2,780.8,Nacional
Filial_Proview,07843328000208,72453,Visa,Crédito,Crédito Parcelado Lojista,2025-02-07 17:37,2025-02-07,2025-02,Aprovada,04,2025-03-10,003120,000001621,14353058,1080.0,-24.3,1055.7,Nacional
Filial_Proview,07843328000208,72453,Visa,Crédito,Crédito Parcelado Lojista,2025-02-11 11:38,2025-02-11,2025-02,Aprovada,10,2025-03-13,685213,000001623,14353058,4700.0,-112.8,4587.2,Nacional
Filial_Proview,07843328000208,72453,Visa,Débito,Débito,2025-02-12 11:16,2025-02-12,2025-02,Aprovada,01,2025-02-13,140636,000001631,14353058,300.0,-3.75,296.25,Nacional
Filial_Proview,07843328000208,72453,Visa,Crédito,Crédito Parcelado Lojista,2025-02-12 16:23,2025-02-12,2025-02,Aprovada,10,2025-03-14,242663,000001633,14353058,2840.0,-68.16,2771.84,Nacional
Filial_Proview,07843328000208,72453,Mastercard,Crédito,Crédito Parcelado Lojista,2025-02-12 16:57,2025-02-12,2025-02,Aprovada,10,2025-03-14,298710,000001635,14353058,1650.0,-43.23,1606.77,Nacional
Filial_Proview,07843328000208,72453,Mastercard,Crédito,Crédito Parcelado Lojista,2025-02-14 14:20,2025-02-14,2025-02,Negada,03,,000000,000001637,14353058,1100.0,0,0,N/A
Filial_Proview,07843328000208,72453,Mastercard,Crédito,Crédito Parcelado Lojista,2025-02-14 14:21,2025-02-14,2025-02,Aprovada,03,2025-03-17,212764,000001641,14353058,1100.0,-26.51,1073.49,Nacional
Filial_Proview,07843328000208,72453,Visa,Crédito,Crédito Parcelado Lojista,2025-02-17 11:59,2025-02-17,2025-02,Aprovada,06,2025-03-20,467220,114150723,EC055793,650.0,-19.5,630.5,Nacional
Filial_Proview,07843328000208,72453,Visa,Crédito,Crédito Parcelado Lojista,2025-02-18 13:56,2025-02-18,2025-02,Aprovada,06,2025-03-20,714418,000001643,14353058,650.0,-14.63,635.37,Nacional
Filial_Proview,07843328000208,72453,Elo,Crédito,Crédito Parcelado Lojista,2025-02-18 14:18,2025-02-18,2025-02,Aprovada,08,2025-03-20,298374,000001647,14353058,918.0,-22.03,895.97,Nacional
Filial_Proview,07843328000208,72453,Visa,Débito,Débito,2025-02-18 14:41,2025-02-18,2025-02,Aprovada,01,2025-02-19,152909,000001649,14353058,500.0,-6.25,493.75,Nacional
Filial_Proview,07843328000208,72453,Visa,Crédito,Crédito Parcelado Lojista,2025-02-18 15:51,2025-02-18,2025-02,Aprovada,07,2025-03-20,522748,000001651,14353058,5380.0,-129.12,5250.88,Nacional
Filial_Proview,07843328000208,72453,Mastercard,Crédito,Crédito Parcelado Lojista,2025-02-19 14:09,2025-02-19,2025-02,Aprovada,10,2025-03-21,950673,000001653,14353058,1650.0,-43.23,1606.77,Nacional
Filial_Proview,07843328000208,72453,Mastercard,Crédito,Crédito Parcelado Lojista,2025-02-19 15:03,2025-02-19,2025-02,Aprovada,10,2025-03-21,039706,000001657,14353058,3800.0,-99.56,3700.44,Nacional
Filial_Proview,07843328000208,72453,Mastercard,Crédito,Crédito Parcelado Lojista,2025-02-19 15:59,2025-02-19,2025-02,Negada,10,,000000,000001659,14353058,3800.0,0,0,N/A
Filial_Proview,07843328000208,72453,Mastercard,Crédito,Crédito Parcelado Lojista,2025-02-19 16:00,2025-02-19,2025-02,Aprovada,10,2025-03-21,354050,000001661,14353058,3600.0,-94.32,3505.68,Nacional
Filial_Proview,07843328000208,72453,Mastercard,Crédito,Crédito Parcelado Lojista,2025-02-19 16:31,2025-02-19,2025-02,Aprovada,10,2025-03-21,R07410,000001663,14353058,1000.0,-26.2,973.8,Nacional
Filial_Proview,07843328000208,72453,Mastercard,Crédito,Crédito Parcelado Lojista,2025-02-20 09:14,2025-02-20,2025-02,Aprovada,06,2025-03-24,430213,000001665,14353058,1130.0,-27.23,1102.77,Nacional
Filial_Proview,07843328000208,72453,Mastercard,Crédito,Crédito Parcelado Lojista,2025-02-20 16:22,2025-02-20,2025-02,Aprovada,10,2025-03-24,684297,000001669,14353058,3870.0,-101.39,3768.61,Nacional
Filial_Proview,07843328000208,72453,Mastercard,Crédito,Crédito Parcelado Lojista,2025-02-20 16:29,2025-02-20,2025-02,Aprovada,10,2025-03-24,760100,000001671,14353058,1240.0,-32.49,1207.51,Nacional
Filial_Proview,07843328000208,72453,Mastercard,Crédito,Crédito Parcelado Lojista,2025-02-20 16:44,2025-02-20,2025-02,Aprovada,10,2025-03-24,004382,000001673,14353058,1080.0,-28.3,1051.7,Nacional
Filial_Proview,07843328000208,72453,Mastercard,Crédito,Crédito Parcelado Lojista,2025-02-21 07:59,2025-02-21,2025-02,Aprovada,09,2025-03-24,693322,000001675,14353058,1800.0,-47.16,1752.84,Nacional
Filial_Proview,07843328000208,72453,Mastercard,Crédito,Crédito Parcelado Lojista,2025-02-21 08:27,2025-02-21,2025-02,Aprovada,10,2025-03-24,AKO5JC,000001679,14353058,2170.0,-56.85,2113.15,Nacional
Filial_Proview,07843328000208,72453,Mastercard,Crédito,Crédito Parcelado Lojista,2025-02-22 11:45,2025-02-22,2025-02,Aprovada,10,2025-03-24,010473,000001681,14353058,6100.0,-159.82,5940.18,Nacional
Filial_Proview,07843328000208,72453,Visa,Crédito,Crédito Parcelado Lojista,2025-02-24 12:58,2025-02-24,2025-02,Aprovada,10,2025-03-26,573447,000001685,14353058,4130.0,-99.12,4030.88,Nacional
Filial_Proview,07843328000208,72453,Mastercard,Crédito,Crédito Parcelado Lojista,2025-02-25 09:17,2025-02-25,2025-02,Aprovada,05,2025-03-27,619636,000001689,14353058,2500.0,-60.25,2439.75,Nacional
Filial_Proview,07843328000208,72453,Visa,Débito,Débito,2025-02-25 09:19,2025-02-25,2025-02,Aprovada,01,2025-02-26,133579,000001693,14353058,890.0,-11.13,878.87,Nacional
Filial_Proview,07843328000208,72453,Visa,Crédito,Crédito Parcelado Lojista,2025-02-25 14:15,2025-02-25,2025-02,Aprovada,06,2025-03-27,017416,000001695,14353058,2888.0,-64.98,2823.02,Nacional
Filial_Proview,07843328000208,72453,Visa,Crédito,Crédito Parcelado Lojista,2025-02-25 14:16,2025-02-25,2025-02,Aprovada,10,2025-03-27,164166,000001697,14353058,3750.0,-90.0,3660.0,Nacional
Filial_Proview,07843328000208,72453,Mastercard,Crédito,Crédito Parcelado Lojista,2025-02-28 08:04,2025-02-28,2025-02,Aprovada,10,2025-03-31,428671,000001699,14353058,2650.0,-69.43,2580.57,Nacional
Filial_Proview,07843328000208,72453,Mastercard,Crédito,Crédito Parcelado Lojista,2025-02-28 10:24,2025-02-28,2025-02,Aprovada,04,2025-03-31,706339,000001703,14353058,1500.0,-36.15,1463.85,Nacional
Filial_Proview,07843328000208,72453,Mastercard,Crédito,Crédito Parcelado Lojista,2025-02-28 11:24,2025-02-28,2025-02,Aprovada,10,2025-03-31,752688,000001705,14353058,1990.0,-52.14,1937.86,Nacional
Filial_Proview,07843328000208,72453,Mastercard,Crédito,Crédito À Vista,2025-02-28 14:50,2025-02-28,2025-02,Aprovada,01,2025-03-31,178127,000001707,14353058,15.0,-0.29,14.71,Nacional
Filial_Proview,07843328000208,72453,Mastercard,Crédito,Crédito Parcelado Lojista,2025-03-06 17:21,2025-03-06,2025-03,Aprovada,08,2025-04-07,213559,000001709,14353058,4940.0,-129.43,4810.57,Nacional
Filial_Proview,07843328000208,72453,Mastercard,Débito,Débito,2025-03-07 11:35,2025-03-07,2025-03,Aprovada,01,2025-03-10,389940,000001713,14353058,500.0,-6.5,493.5,Nacional
Filial_Proview,07843328000208,72453,Mastercard,Crédito,Crédito Parcelado Lojista,2025-03-07 11:36,2025-03-07,2025-03,Aprovada,10,2025-04-07,177743,000001717,14353058,800.0,-20.96,779.04,Nacional
Filial_Proview,07843328000208,72453,Mastercard,Débito,Débito,2025-03-11 12:29,2025-03-11,2025-03,Aprovada,01,2025-03-12,494306,000001719,14353058,2900.0,-37.7,2862.3,Nacional
Filial_Proview,07843328000208,72453,Visa,Crédito,Crédito Parcelado Lojista,2025-03-14 11:29,2025-03-14,2025-03,Aprovada,10,2025-04-14,539644,000000005,15114097,2890.0,-69.36,2820.64,Nacional
Filial_Proview,07843328000208,72453,Mastercard,Crédito,Crédito Parcelado Lojista,2025-03-14 12:51,2025-03-14,2025-03,Aprovada,10,2025-04-14,R07597,000000009,15114097,4000.0,-104.8,3895.2,Nacional
Filial_Proview,07843328000208,72453,Visa,Crédito,Crédito Parcelado Lojista,2025-03-19 16:55,2025-03-19,2025-03,Aprovada,04,2025-04-22,651997,000000011,15114097,1400.0,-31.5,1368.5,Nacional
Filial_Proview,07843328000208,72453,Mastercard,Crédito,Crédito À Vista,2025-03-20 13:43,2025-03-20,2025-03,Aprovada,01,2025-04-22,005297,000000013,15114097,2800.0,-53.2,2746.8,Nacional
Filial_Proview,07843328000208,72453,Visa,Crédito,Crédito Parcelado Lojista,2025-03-21 11:33,2025-03-21,2025-03,Aprovada,10,2025-04-22,019366,000000017,15114097,2550.0,-61.2,2488.8,Nacional
Filial_Proview,07843328000208,72453,Mastercard,Crédito,Crédito Parcelado Lojista,2025-03-21 11:56,2025-03-21,2025-03,Aprovada,06,2025-04-22,169360,000000021,15114097,1692.0,-40.78,1651.22,Nacional
Filial_Proview,07843328000208,72453,Mastercard,Crédito,Crédito Parcelado Lojista,2025-03-22 11:59,2025-03-22,2025-03,Aprovada,10,2025-04-22,592059,000000023,15114097,2250.0,-58.95,2191.05,Nacional
Filial_Proview,07843328000208,72453,Mastercard,Crédito,Crédito Parcelado Lojista,2025-03-26 13:39,2025-03-26,2025-03,Aprovada,06,2025-04-25,R04909,000000027,15114097,6090.0,-146.77,5943.23,Nacional
Filial_Proview,07843328000208,72453,Visa,Crédito,Crédito Parcelado Lojista,2025-03-27 17:02,2025-03-27,2025-03,Negada,10,,000000,000000031,15114097,2700.0,0,0,N/A
Filial_Proview,07843328000208,72453,Visa,Crédito,Crédito Parcelado Lojista,2025-03-27 17:06,2025-03-27,2025-03,Negada,10,,000000,000000035,15114097,2700.0,0,0,N/A
Filial_Proview,07843328000208,72453,Visa,Crédito,Crédito Parcelado Lojista,2025-03-27 17:11,2025-03-27,2025-03,Aprovada,10,2025-04-28,015952,000000037,15114097,2700.0,-64.8,2635.2,Nacional
Filial_Proview,07843328000208,72453,Visa,Crédito,Crédito Parcelado Lojista,2025-03-27 17:34,2025-03-27,2025-03,Aprovada,10,2025-04-28,341969,170639823,EC055793,1000.0,-31.5,968.5,Nacional
Filial_Proview,07843328000208,72453,Visa,Crédito,Crédito Parcelado Lojista,2025-04-01 08:35,2025-04-01,2025-04,Aprovada,10,2025-05-02,073319,000000039,15114097,11850.0,-284.4,11565.6,Nacional
Filial_Proview,07843328000208,72453,Mastercard,Crédito,Crédito Parcelado Lojista,2025-04-01 12:10,2025-04-01,2025-04,Aprovada,10,2025-05-02,078926,000000043,15114097,2750.0,-72.05,2677.95,Nacional
Filial_Proview,07843328000208,72453,Visa,Crédito,Crédito Parcelado Lojista,2025-04-02 09:30,2025-04-02,2025-04,Aprovada,02,2025-05-02,019895,000000045,15114097,490.0,-11.03,478.97,Nacional
Filial_Proview,07843328000208,72453,Mastercard,Débito,Débito,2025-04-02 09:31,2025-04-02,2025-04,Aprovada,01,2025-04-03,075374,000000049,15114097,600.0,-7.8,592.2,Nacional
Filial_Proview,07843328000208,72453,Mastercard,Débito,Débito,2025-04-02 09:32,2025-04-02,2025-04,Aprovada,01,2025-04-03,M38536,000000051,15114097,300.0,-3.9,296.1,Nacional
Filial_Proview,07843328000208,72453,Visa,Crédito,Crédito Parcelado Lojista,2025-04-02 13:37,2025-04-02,2025-04,Negada,10,,000000,000000053,15114097,1700.0,0,0,N/A
Filial_Proview,07843328000208,72453,Visa,Crédito,Crédito Parcelado Lojista,2025-04-02 13:38,2025-04-02,2025-04,Aprovada,10,2025-05-02,006443,000000055,15114097,1700.0,-40.8,1659.2,Nacional
Filial_Proview,07843328000208,72453,Mastercard,Crédito,Crédito Parcelado Lojista,2025-04-02 15:21,2025-04-02,2025-04,Aprovada,10,2025-05-02,241849,000000057,15114097,2700.0,-70.74,2629.26,Nacional
Filial_Proview,07843328000208,72453,Visa,Débito,Débito,2025-04-03 11:44,2025-04-03,2025-04,Aprovada,01,2025-04-04,579795,000000059,15114097,2000.0,-25.0,1975.0,Nacional
Filial_Proview,07843328000208,72453,Mastercard,Crédito,Crédito Parcelado Lojista,2025-04-04 08:47,2025-04-04,2025-04,Aprovada,10,2025-05-05,471363,000000063,15114097,1940.0,-50.83,1889.17,Nacional
Filial_Proview,07843328000208,72453,Elo,Crédito,Crédito Parcelado Lojista,2025-04-09 14:45,2025-04-09,2025-04,Aprovada,10,2025-05-09,051531,000000067,15114097,850.0,-20.4,829.6,Nacional
Filial_Proview,07843328000208,72453,Visa,Crédito,Crédito Parcelado Lojista,2025-04-10 16:32,2025-04-10,2025-04,Aprovada,10,2025-05-12,609557,000000071,15114097,9415.0,-225.96,9189.04,Nacional
Filial_Proview,07843328000208,72453,Mastercard,Crédito,Crédito Parcelado Lojista,2025-04-11 09:00,2025-04-11,2025-04,Aprovada,10,2025-05-12,098950,000000075,15114097,5300.0,-138.86,5161.14,Nacional
Filial_Proview,07843328000208,72453,Visa,Débito,Débito,2025-04-11 11:42,2025-04-11,2025-04,Aprovada,01,2025-04-14,142185,000000079,15114097,4550.0,-56.88,4493.12,Nacional
Filial_Proview,07843328000208,72453,Visa,Crédito,Crédito Parcelado Lojista,2025-04-11 14:00,2025-04-11,2025-04,Negada,10,,000000,000000081,15114097,1180.0,0,0,N/A
Filial_Proview,07843328000208,72453,Visa,Crédito,Crédito Parcelado Lojista,2025-04-11 14:00,2025-04-11,2025-04,Negada,10,,000000,000000083,15114097,1180.0,0,0,N/A
Filial_Proview,07843328000208,72453,Visa,Crédito,Crédito Parcelado Lojista,2025-04-11 14:01,2025-04-11,2025-04,Aprovada,10,2025-05-12,444977,000000085,15114097,1180.0,-28.32,1151.68,Nacional
Filial_Proview,07843328000208,72453,Mastercard,Crédito,Crédito Parcelado Lojista,2025-04-15 10:52,2025-04-15,2025-04,Aprovada,04,2025-05-15,531655,000000087,15114097,3950.0,-95.2,3854.8,Nacional
Filial_Proview,07843328000208,72453,Visa,Crédito,Crédito Parcelado Lojista,2025-04-15 14:16,2025-04-15,2025-04,Aprovada,10,2025-05-15,071324,000000091,15114097,5700.0,-136.8,5563.2,Nacional
Filial_Proview,07843328000208,72453,Mastercard,Crédito,Crédito Parcelado Lojista,2025-04-16 10:33,2025-04-16,2025-04,Aprovada,10,2025-05-16,304499,000000093,15114097,1990.0,-52.14,1937.86,Nacional
Filial_Proview,07843328000208,72453,Visa,Crédito,Crédito Parcelado Lojista,2025-04-17 11:15,2025-04-17,2025-04,Aprovada,02,2025-05-19,062838,000000097,15114097,130.0,-2.93,127.07,Nacional
Filial_Proview,07843328000208,72453,Mastercard,Crédito,Crédito Parcelado Lojista,2025-04-17 13:17,2025-04-17,2025-04,Aprovada,10,2025-05-19,064900,000000101,15114097,1700.0,-44.54,1655.46,Nacional
Filial_Proview,07843328000208,72453,Mastercard,Crédito,Crédito Parcelado Lojista,2025-04-17 14:20,2025-04-17,2025-04,Aprovada,10,2025-05-19,011967,000000103,15114097,3290.0,-86.2,3203.8,Nacional
Filial_Proview,07843328000208,72453,Visa,Crédito,Crédito Parcelado Lojista,2025-04-17 15:50,2025-04-17,2025-04,Aprovada,04,2025-05-19,015833,000000105,15114097,4240.0,-95.4,4144.6,Nacional
Filial_Proview,07843328000208,72453,Mastercard,Crédito,Crédito Parcelado Lojista,2025-04-17 16:09,2025-04-17,2025-04,Aprovada,10,2025-05-19,R05813,000000107,15114097,1500.0,-39.3,1460.7,Nacional
Filial_Proview,07843328000208,72453,Visa,Débito,Débito,2025-04-25 08:48,2025-04-25,2025-04,Aprovada,01,2025-04-28,131736,000000109,15114097,1000.0,-12.5,987.5,Nacional
Filial_Proview,07843328000208,72453,Visa,Débito,Débito,2025-04-25 08:49,2025-04-25,2025-04,Aprovada,01,2025-04-28,054104,000000113,15114097,1000.0,-12.5,987.5,Nacional
Filial_Proview,07843328000208,72453,Mastercard,Crédito,Crédito Parcelado Lojista,2025-04-25 08:50,2025-04-25,2025-04,Negada,06,,000000,000000115,15114097,3900.0,0,0,N/A
Filial_Proview,07843328000208,72453,Mastercard,Crédito,Crédito Parcelado Lojista,2025-04-25 08:50,2025-04-25,2025-04,Negada,06,,000000,000000117,15114097,3900.0,0,0,N/A
Filial_Proview,07843328000208,72453,Visa,Crédito,Crédito Parcelado Lojista,2025-04-25 08:51,2025-04-25,2025-04,Negada,06,,000000,000000119,15114097,3900.0,0,0,N/A
Filial_Proview,07843328000208,72453,Visa,Crédito,Crédito Parcelado Lojista,2025-04-25 08:52,2025-04-25,2025-04,Aprovada,06,2025-05-26,418090,000000121,15114097,3900.0,-87.75,3812.25,Nacional
Filial_Proview,07843328000208,72453,Mastercard,Crédito,Crédito Parcelado Lojista,2025-04-25 11:15,2025-04-25,2025-04,Aprovada,10,2025-05-26,653443,000000123,15114097,4821.0,-126.31,4694.69,Nacional
Filial_Proview,07843328000208,72453,Elo,Crédito,Crédito Parcelado Lojista,2025-04-25 14:55,2025-04-25,2025-04,Negada,05,,000000,000000125,15114097,7550.0,0,0,N/A
Filial_Proview,07843328000208,72453,Elo,Crédito,Crédito Parcelado Lojista,2025-04-25 15:14,2025-04-25,2025-04,Negada,05,,000000,000000127,15114097,7550.0,0,0,N/A
Filial_Proview,07843328000208,72453,Elo,Crédito,Crédito Parcelado Lojista,2025-04-25 15:19,2025-04-25,2025-04,Negada,05,,000000,000000129,15114097,7550.0,0,0,N/A
Filial_Proview,07843328000208,72453,Mastercard,Crédito,Crédito Parcelado Lojista,2025-04-29 09:20,2025-04-29,2025-04,Aprovada,06,2025-05-29,084354,000000131,15114097,2130.0,-51.33,2078.67,Nacional
Filial_Proview,07843328000208,72453,Visa,Crédito,Crédito Parcelado Lojista,2025-04-29 10:58,2025-04-29,2025-04,Aprovada,10,2025-05-29,590566,000000135,15114097,6120.0,-146.88,5973.12,Nacional
Filial_Proview,07843328000208,72453,Mastercard,Débito,Débito,2025-04-29 12:29,2025-04-29,2025-04,Aprovada,01,2025-04-30,M32193,000000137,15114097,740.0,-9.62,730.38,Nacional
Filial_Proview,07843328000208,72453,Amex,Crédito,Crédito Parcelado Lojista,2025-04-30 15:25,2025-04-30,2025-04,Aprovada,04,2025-05-30,653208,000000139,15114097,890.0,-28.48,861.52,Nacional
Filial_Proview,07843328000208,72453,Visa,Crédito,Crédito Parcelado Lojista,2025-05-02 12:32,2025-05-02,2025-05,Aprovada,10,2025-06-02,330056,000000141,15114097,2580.0,-61.92,2518.08,Nacional
Filial_Proview,07843328000208,72453,Visa,Débito,Débito,2025-05-06 09:20,2025-05-06,2025-05,Aprovada,01,2025-05-07,405747,000000145,15114097,400.0,-5.0,395.0,Nacional
Filial_Proview,07843328000208,72453,Mastercard,Crédito,Crédito Parcelado Lojista,2025-05-06 10:52,2025-05-06,2025-05,Aprovada,08,2025-06-05,006101,000000149,15114097,2540.0,-66.55,2473.45,Nacional
Filial_Proview,07843328000208,72453,Visa,Crédito,Crédito Parcelado Lojista,2025-05-07 14:46,2025-05-07,2025-05,Aprovada,04,2025-06-06,462850,000000151,15114097,1450.0,-32.63,1417.37,Nacional
Filial_Proview,07843328000208,72453,Elo,Débito,Débito,2025-05-08 13:26,2025-05-08,2025-05,Aprovada,01,2025-05-09,123517,000000155,15114097,1000.0,-12.5,987.5,Nacional
Filial_Proview,07843328000208,72453,Visa,Crédito,Crédito Parcelado Lojista,2025-05-09 08:42,2025-05-09,2025-05,Aprovada,10,2025-06-09,623631,000000159,15114097,2700.0,-64.8,2635.2,Nacional
Filial_Proview,07843328000208,72453,Visa,Crédito,Crédito Parcelado Lojista,2025-05-09 16:40,2025-05-09,2025-05,Aprovada,06,2025-06-09,281972,000000163,15114097,3690.0,-83.03,3606.97,Nacional
Filial_Proview,07843328000208,72453,Mastercard,Crédito,Crédito Parcelado Lojista,2025-05-10 12:00,2025-05-10,2025-05,Aprovada,10,2025-06-09,090197,000000165,15114097,5700.0,-149.34,5550.66,Nacional
Filial_Proview,07843328000208,72453,Elo,Débito,Débito,2025-05-12 11:31,2025-05-12,2025-05,Aprovada,01,2025-05-13,415851,000000169,15114097,4800.0,-60.0,4740.0,Nacional
Filial_Proview,07843328000208,72453,Mastercard,Crédito,Crédito Parcelado Lojista,2025-05-14 10:33,2025-05-14,2025-05,Aprovada,06,2025-06-13,046988,000000173,15114097,5000.0,-120.5,4879.5,Nacional
Filial_Proview,07843328000208,72453,Visa,Débito,Débito,2025-05-14 11:07,2025-05-14,2025-05,Aprovada,01,2025-05-15,317522,000000177,15114097,2500.0,-31.25,2468.75,Nacional pré pago
Filial_Proview,07843328000208,72453,Visa,Crédito,Crédito Parcelado Lojista,2025-05-14 17:25,2025-05-14,2025-05,Aprovada,06,2025-06-13,005999,000000179,15114097,690.0,-15.53,674.47,Nacional
Filial_Proview,07843328000208,72453,Mastercard,Crédito,Crédito Parcelado Lojista,2025-05-15 10:39,2025-05-15,2025-05,Aprovada,09,2025-06-16,080659,104780975,EC055793,2500.0,-78.75,2421.25,Nacional
Filial_Proview,07843328000208,72453,Mastercard,Crédito,Crédito Parcelado Lojista,2025-05-15 14:06,2025-05-15,2025-05,Aprovada,03,2025-06-16,438934,149071493,EC055793,1350.0,-40.5,1309.5,Nacional
Filial_Proview,07843328000208,72453,Visa,Crédito,Crédito Parcelado Lojista,2025-05-15 14:09,2025-05-15,2025-05,Aprovada,06,2025-06-16,094160,000000181,15114097,3900.0,-87.75,3812.25,Nacional
Filial_Proview,07843328000208,72453,Mastercard,Crédito,Crédito Parcelado Lojista,2025-05-16 08:27,2025-05-16,2025-05,Aprovada,06,2025-06-16,R05271,000000185,15114097,1350.0,-32.54,1317.46,Nacional
Filial_Proview,07843328000208,72453,Visa,Crédito,Crédito Parcelado Lojista,2025-05-16 11:03,2025-05-16,2025-05,Aprovada,10,2025-06-16,075013,000000189,15114097,1780.0,-42.72,1737.28,Nacional
Filial_Proview,07843328000208,72453,Visa,Crédito,Crédito Parcelado Lojista,2025-05-16 12:22,2025-05-16,2025-05,Aprovada,06,2025-06-16,094973,000000191,15114097,2390.0,-53.78,2336.22,Nacional
Filial_Proview,07843328000208,72453,Visa,Crédito,Crédito Parcelado Lojista,2025-05-19 12:36,2025-05-19,2025-05,Aprovada,10,2025-06-18,461613,000000193,15114097,3290.0,-78.96,3211.04,Nacional
Filial_Proview,07843328000208,72453,Mastercard,Crédito,Crédito Parcelado Lojista,2025-05-20 10:00,2025-05-20,2025-05,Aprovada,02,2025-06-20,292059,000000197,15114097,990.0,-23.86,966.14,Nacional
Filial_Proview,07843328000208,72453,Visa,Crédito,Crédito Parcelado Lojista,2025-05-21 13:31,2025-05-21,2025-05,Aprovada,06,2025-06-20,003110,000000201,15114097,1430.0,-32.18,1397.82,Nacional
Filial_Proview,07843328000208,72453,Mastercard,Crédito,Crédito Parcelado Lojista,2025-05-22 07:59,2025-05-22,2025-05,Aprovada,10,2025-06-23,065492,000000205,15114097,5834.0,-152.85,5681.15,Nacional
Filial_Proview,07843328000208,72453,Visa,Crédito,Crédito Parcelado Lojista,2025-05-22 14:19,2025-05-22,2025-05,Aprovada,10,2025-06-23,020280,000000209,15114097,2350.0,-56.4,2293.6,Nacional
Filial_Proview,07843328000208,72453,Visa,Crédito,Crédito Parcelado Lojista,2025-05-23 17:20,2025-05-23,2025-05,Aprovada,10,2025-06-23,591226,000000211,15114097,3400.0,-81.6,3318.4,Nacional
Filial_Proview,07843328000208,72453,Mastercard,Crédito,Crédito Parcelado Lojista,2025-05-24 10:54,2025-05-24,2025-05,Aprovada,10,2025-06-23,000522,000000213,15114097,2900.0,-75.98,2824.02,Nacional
Filial_Proview,07843328000208,72453,Mastercard,Crédito,Crédito Parcelado Lojista,2025-05-27 10:07,2025-05-27,2025-05,Aprovada,08,2025-06-26,071544,000000217,15114097,5400.0,-141.48,5258.52,Nacional
Filial_Proview,07843328000208,72453,Visa,Crédito,Crédito Parcelado Lojista,2025-05-27 22:17,2025-05-27,2025-05,Aprovada,08,2025-06-27,086955,227241011,EC055793,2000.0,-63.0,1937.0,Nacional
Filial_Proview,07843328000208,72453,Mastercard,Crédito,Crédito Parcelado Lojista,2025-05-28 16:47,2025-05-28,2025-05,Negada,10,,00000000,162826855,EC055793,5300.0,0,0,N/A
Filial_Proview,07843328000208,72453,Mastercard,Crédito,Crédito Parcelado Lojista,2025-05-28 16:57,2025-05-28,2025-05,Aprovada,10,2025-06-30,050895,162854395,EC055793,2500.0,-78.75,2421.25,Nacional
Filial_Proview,07843328000208,72453,Mastercard,Crédito,Crédito Parcelado Lojista,2025-05-28 16:59,2025-05-28,2025-05,Aprovada,10,2025-06-27,540038,000000221,15114097,2400.0,-62.88,2337.12,Nacional
Filial_Proview,07843328000208,72453,Visa,Crédito,Crédito Parcelado Lojista,2025-05-29 09:50,2025-05-29,2025-05,Aprovada,10,2025-06-30,066466,000000225,15114097,1450.0,-34.8,1415.2,Nacional
Filial_Proview,07843328000208,72453,Mastercard,Crédito,Crédito Parcelado Lojista,2025-05-29 10:48,2025-05-29,2025-05,Aprovada,10,2025-06-30,027760,000000229,15114097,2140.0,-56.07,2083.93,Nacional
Filial_Proview,07843328000208,72453,Visa,Crédito,Crédito Parcelado Lojista,2025-05-30 14:50,2025-05-30,2025-05,Aprovada,03,2025-06-30,503958,000000231,15114097,1600.0,-36.0,1564.0,Nacional
Filial_Proview,07843328000208,72453,Visa,Crédito,Crédito Parcelado Lojista,2025-05-30 16:38,2025-05-30,2025-05,Aprovada,05,2025-06-30,024967,000000233,15114097,1590.0,-35.78,1554.22,Nacional
Filial_Proview,07843328000208,72453,Mastercard,Crédito,Crédito Parcelado Lojista,2025-05-31 10:27,2025-05-31,2025-05,Aprovada,10,2025-06-30,050634,000000235,15114097,3100.0,-81.22,3018.78,Nacional
Filial_Proview,07843328000208,72453,Visa,Crédito,Crédito Parcelado Lojista,2025-06-03 09:19,2025-06-03,2025-06,Aprovada,10,2025-07-03,991717,000000239,15114097,2400.0,-57.6,2342.4,Nacional
Filial_Proview,07843328000208,72453,Mastercard,Crédito,Crédito Parcelado Lojista,2025-06-03 20:22,2025-06-03,2025-06,Negada,10,,00000000,202594801,EC055793,1700.0,0,0,N/A
Filial_Proview,07843328000208,72453,Mastercard,Crédito,Crédito Parcelado Lojista,2025-06-03 20:28,2025-06-03,2025-06,Aprovada,10,2025-07-04,064372,202616351,EC055793,1700.0,-53.55,1646.45,Nacional
Filial_Proview,07843328000208,72453,Mastercard,Crédito,Crédito Parcelado Lojista,2025-06-04 16:24,2025-06-04,2025-06,Aprovada,08,2025-07-04,025787,000000243,15114097,1880.0,-49.26,1830.74,Nacional
Filial_Proview,07843328000208,72453,Mastercard,Crédito,Crédito Parcelado Lojista,2025-06-05 15:31,2025-06-05,2025-06,Aprovada,04,2025-07-07,312578,000000247,15114097,3900.0,-93.99,3806.01,Nacional
Filial_Proview,07843328000208,72453,Visa,Crédito,Crédito Parcelado Lojista,2025-06-06 09:36,2025-06-06,2025-06,Aprovada,10,2025-07-07,626390,097902313,EC055793,1800.0,-56.7,1743.3,Nacional
Filial_Proview,07843328000208,72453,Mastercard,Crédito,Crédito À Vista,2025-06-06 13:36,2025-06-06,2025-06,Aprovada,01,2025-07-07,090292,000000251,15114097,100.0,-1.9,98.1,Nacional
Filial_Proview,07843328000208,72453,Mastercard,Crédito,Crédito À Vista,2025-06-12 16:29,2025-06-12,2025-06,Aprovada,01,2025-07-14,OLHAWH,000000255,15114097,1782.0,-33.86,1748.14,Nacional
Filial_Proview,07843328000208,72453,Mastercard,Crédito,Crédito Parcelado Lojista,2025-06-17 15:17,2025-06-17,2025-06,Aprovada,10,2025-07-17,006718,000000259,15114097,2970.0,-77.81,2892.19,Nacional
Filial_Proview,07843328000208,72453,Visa,Crédito,Crédito À Vista,2025-06-18 09:49,2025-06-18,2025-06,Aprovada,01,2025-07-18,UISOBM,000000263,15114097,200.0,-3.8,196.2,Nacional
Filial_Proview,07843328000208,72453,Visa,Crédito,Crédito Parcelado Lojista,2025-06-20 08:12,2025-06-20,2025-06,Aprovada,10,2025-07-21,123568,000000267,15114097,4500.0,-108.0,4392.0,Nacional
Filial_Proview,07843328000208,72453,Visa,Crédito,Crédito Parcelado Lojista,2025-06-20 11:11,2025-06-20,2025-06,Aprovada,04,2025-07-21,NM34AK,000000271,15114097,1400.0,-31.5,1368.5,Nacional
Filial_Proview,07843328000208,72453,Visa,Crédito,Crédito À Vista,2025-06-20 16:34,2025-06-20,2025-06,Aprovada,01,2025-07-21,644867,000000273,15114097,800.0,-15.2,784.8,Nacional
Filial_Proview,07843328000208,72453,Elo,Crédito,Crédito Parcelado Lojista,2025-06-24 10:07,2025-06-24,2025-06,Aprovada,10,2025-07-24,674235,000000275,15114097,2021.0,-48.5,1972.5,Nacional
Filial_Proview,07843328000208,72453,Mastercard,Débito,Débito,2025-06-24 14:41,2025-06-24,2025-06,Negada,01,,M62195,000000279,15114097,5000.0,0,0,N/A
Filial_Proview,07843328000208,72453,Visa,Crédito,Crédito Parcelado Lojista,2025-06-25 10:46,2025-06-25,2025-06,Aprovada,10,2025-07-25,216655,000000281,15114097,1270.0,-30.48,1239.52,Nacional
Filial_Proview,07843328000208,72453,Visa,Crédito,Crédito Parcelado Lojista,2025-06-25 10:48,2025-06-25,2025-06,Aprovada,06,2025-07-25,050735,000000285,15114097,3500.0,-78.75,3421.25,Nacional
Filial_Proview,07843328000208,72453,Mastercard,Crédito,Crédito Parcelado Lojista,2025-06-25 12:11,2025-06-25,2025-06,Aprovada,06,2025-07-25,040228,000000287,15114097,880.0,-21.21,858.79,Nacional
Filial_Proview,07843328000208,72453,Visa,Crédito,Crédito À Vista,2025-06-25 12:20,2025-06-25,2025-06,Aprovada,01,2025-07-25,474723,000000289,15114097,50.0,-0.95,49.05,Nacional
Filial_Proview,07843328000208,72453,Visa,Crédito,Crédito Parcelado Lojista,2025-06-25 17:08,2025-06-25,2025-06,Aprovada,10,2025-07-25,090799,000000291,15114097,1800.0,-43.2,1756.8,Nacional
Filial_Proview,07843328000208,72453,Mastercard,Crédito,Crédito Parcelado Lojista,2025-06-26 12:45,2025-06-26,2025-06,Aprovada,10,2025-07-28,016110,000000293,15114097,1600.0,-41.92,1558.08,Nacional
Filial_Proview,07843328000208,72453,Visa,Crédito,Crédito À Vista,2025-06-27 08:38,2025-06-27,2025-06,Aprovada,01,2025-07-28,820803,000000297,15114097,855.0,-16.25,838.75,Nacional
Filial_Proview,07843328000208,72453,Visa,Crédito,Crédito Parcelado Lojista,2025-06-27 08:47,2025-06-27,2025-06,Aprovada,03,2025-07-28,471886,000000301,15114097,590.0,-13.28,576.72,Nacional
Filial_Proview,07843328000208,72453,Mastercard,Crédito,Crédito Parcelado Lojista,2025-06-27 16:42,2025-06-27,2025-06,Aprovada,05,2025-07-28,425354,000000303,15114097,1600.0,-38.56,1561.44,Nacional
Filial_Proview,07843328000208,72453,Visa,Crédito,Crédito Parcelado Lojista,2025-07-02 10:25,2025-07-02,2025-07,Negada,10,,000000,000000305,15114097,3710.0,0,0,N/A
Filial_Proview,07843328000208,72453,Visa,Crédito,Crédito Parcelado Lojista,2025-07-02 10:27,2025-07-02,2025-07,Aprovada,10,2025-08-01,020996,000000309,15114097,2000.0,-48.0,1952.0,Nacional
Filial_Proview,07843328000208,72453,Mastercard,Crédito,Crédito Parcelado Lojista,2025-07-02 10:57,2025-07-02,2025-07,Aprovada,05,2025-08-01,575268,000000311,15114097,800.0,-19.28,780.72,Nacional
Filial_Proview,07843328000208,72453,Visa,Débito,Débito,2025-07-03 11:06,2025-07-03,2025-07,Aprovada,01,2025-07-04,050434,000000313,15114097,3300.0,-41.25,3258.75,Nacional
Filial_Proview,07843328000208,72453,Amex,Crédito,Crédito Parcelado Lojista,2025-07-04 15:22,2025-07-04,2025-07,Cancelada,10,2025-08-04,623681,000000317,15114097,1690.0,-56.62,1633.38,Nacional
Filial_Proview,07843328000208,72453,Visa,Crédito,Crédito Parcelado Lojista,2025-07-08 08:58,2025-07-08,2025-07,Aprovada,10,2025-08-07,558989,000000321,15114097,4400.0,-105.6,4294.4,Nacional
Filial_Proview,07843328000208,72453,Amex,Crédito,Crédito Parcelado Lojista,2025-07-08 11:01,2025-07-08,2025-07,Negada,10,,00000000,110195763,EC055793,3121.0,0,0,N/A
Filial_Proview,07843328000208,72453,Amex,Crédito,Crédito Parcelado Lojista,2025-07-08 11:02,2025-07-08,2025-07,Negada,10,,00000000,119288671,EC055793,3121.0,0,0,N/A
Filial_Proview,07843328000208,72453,Amex,Crédito,Crédito Parcelado Lojista,2025-07-08 11:08,2025-07-08,2025-07,Aprovada,10,2025-08-08,682090,111031195,EC055793,3121.0,-98.31,3022.69,Nacional
Filial_Proview,07843328000208,72453,Mastercard,Crédito,Crédito Parcelado Lojista,2025-07-08 12:21,2025-07-08,2025-07,Aprovada,10,2025-08-07,089166,000000325,15114097,1140.0,-29.87,1110.13,Nacional
Filial_Proview,07843328000208,72453,Mastercard,Crédito,Crédito Parcelado Lojista,2025-07-08 14:05,2025-07-08,2025-07,Aprovada,10,2025-08-07,051858,000000327,15114097,1290.0,-33.8,1256.2,Nacional
Filial_Proview,07843328000208,72453,Visa,Crédito,Crédito Parcelado Lojista,2025-07-08 15:28,2025-07-08,2025-07,Aprovada,10,2025-08-07,690013,000000329,15114097,2190.0,-52.56,2137.44,Nacional
Filial_Proview,07843328000208,72453,Mastercard,Crédito,Crédito Parcelado Lojista,2025-07-09 10:17,2025-07-09,2025-07,Aprovada,10,2025-08-08,875476,000000331,15114097,1200.0,-31.44,1168.56,Nacional
Filial_Proview,07843328000208,72453,Mastercard,Crédito,Crédito Parcelado Lojista,2025-07-09 12:12,2025-07-09,2025-07,Aprovada,10,2025-08-08,103090,000000335,15114097,4800.0,-125.76,4674.24,Nacional
Filial_Proview,07843328000208,72453,Mastercard,Crédito,Crédito Parcelado Lojista,2025-07-10 10:37,2025-07-10,2025-07,Aprovada,10,2025-08-11,033425,000000337,15114097,1880.0,-49.26,1830.74,Nacional
Filial_Proview,07843328000208,72453,Mastercard,Crédito,Crédito Parcelado Lojista,2025-07-10 11:43,2025-07-10,2025-07,Aprovada,10,2025-08-11,R07437,000000341,15114097,1200.0,-31.44,1168.56,Nacional
Filial_Proview,07843328000208,72453,Mastercard,Crédito,Crédito Parcelado Lojista,2025-07-10 14:11,2025-07-10,2025-07,Aprovada,10,2025-08-11,047953,000000343,15114097,6700.0,-175.54,6524.46,Nacional
Filial_Proview,07843328000208,72453,Visa,Crédito,Crédito Parcelado Lojista,2025-07-11 09:27,2025-07-11,2025-07,Aprovada,05,2025-08-11,274463,000000345,15114097,4985.0,-112.16,4872.84,Nacional
Filial_Proview,07843328000208,72453,Visa,Crédito,Crédito Parcelado Lojista,2025-07-11 14:36,2025-07-11,2025-07,Aprovada,05,2025-08-11,317595,000000349,15114097,2100.0,-47.25,2052.75,Nacional
Filial_Proview,07843328000208,72453,Visa,Crédito,Crédito Parcelado Lojista,2025-07-11 14:37,2025-07-11,2025-07,Negada,10,,000000,000000351,15114097,2150.0,0,0,N/A
Filial_Proview,07843328000208,72453,Visa,Crédito,Crédito Parcelado Lojista,2025-07-14 12:14,2025-07-14,2025-07,Aprovada,10,2025-08-13,015243,000000353,15114097,5900.0,-141.6,5758.4,Nacional
Filial_Proview,07843328000208,72453,Mastercard,Débito,Débito,2025-07-14 15:31,2025-07-14,2025-07,Aprovada,01,2025-07-15,M43821,000000357,15114097,1955.0,-25.42,1929.58,Nacional
Filial_Proview,07843328000208,72453,Visa,Crédito,Crédito Parcelado Lojista,2025-07-15 14:28,2025-07-15,2025-07,Aprovada,10,2025-08-14,067453,000000359,15114097,5000.0,-120.0,4880.0,Nacional
Filial_Proview,07843328000208,72453,Visa,Crédito,Crédito Parcelado Lojista,2025-07-15 14:29,2025-07-15,2025-07,Aprovada,10,2025-08-14,691286,000000363,15114097,1200.0,-28.8,1171.2,Nacional
Filial_Proview,07843328000208,72453,Visa,Crédito,Crédito Parcelado Lojista,2025-07-15 15:33,2025-07-15,2025-07,Aprovada,10,2025-08-14,640066,000000365,15114097,2700.0,-64.8,2635.2,Nacional
Filial_Proview,07843328000208,72453,Visa,Crédito,Crédito Parcelado Lojista,2025-07-16 10:06,2025-07-16,2025-07,Aprovada,06,2025-08-15,4NH4RQ,000000367,15114097,3762.0,-84.65,3677.35,Nacional
Filial_Proview,07843328000208,72453,Visa,Débito,Débito,2025-07-16 10:23,2025-07-16,2025-07,Negada,01,,000000,000000371,15114097,2200.0,0,0,N/A
Filial_Proview,07843328000208,72453,Visa,Débito,Débito,2025-07-16 10:23,2025-07-16,2025-07,Negada,01,,000000,000000373,15114097,2200.0,0,0,N/A
Filial_Proview,07843328000208,72453,Visa,Crédito,Crédito Parcelado Lojista,2025-07-17 13:53,2025-07-17,2025-07,Aprovada,10,2025-08-18,024178,000000375,15114097,1710.0,-41.04,1668.96,Nacional
Filial_Proview,07843328000208,72453,Mastercard,Crédito,Crédito Parcelado Lojista,2025-07-17 15:10,2025-07-17,2025-07,Aprovada,08,2025-08-18,067869,000000379,15114097,2100.0,-55.02,2044.98,Nacional
Filial_Proview,07843328000208,72453,Visa,Crédito,Crédito Parcelado Lojista,2025-07-18 10:02,2025-07-18,2025-07,Aprovada,10,2025-08-18,662623,000000381,15114097,1000.0,-24.0,976.0,Nacional
Filial_Proview,07843328000208,72453,Visa,Crédito,Crédito Parcelado Lojista,2025-07-18 14:56,2025-07-18,2025-07,Aprovada,10,2025-08-18,054582,000000383,15114097,3490.0,-83.76,3406.24,Nacional
Filial_Proview,07843328000208,72453,Elo,Crédito,Crédito Parcelado Lojista,2025-07-18 16:58,2025-07-18,2025-07,Aprovada,10,2025-08-18,834655,000000385,15114097,4550.0,-109.2,4440.8,Nacional
Filial_Proview,07843328000208,72453,Mastercard,Crédito,Crédito Parcelado Lojista,2025-07-18 17:07,2025-07-18,2025-07,Aprovada,10,2025-08-18,012647,000000387,15114097,3400.0,-89.08,3310.92,Nacional
Filial_Proview,07843328000208,72453,Mastercard,Débito,Débito,2025-07-22 10:17,2025-07-22,2025-07,Aprovada,01,2025-07-23,174946,000000389,15114097,590.0,-7.67,582.33,Nacional
Filial_Proview,07843328000208,72453,Visa,Crédito,Crédito Parcelado Lojista,2025-07-22 11:58,2025-07-22,2025-07,Aprovada,10,2025-08-21,087708,000000393,15114097,3000.0,-72.0,2928.0,Nacional
Filial_Proview,07843328000208,72453,Visa,Crédito,Crédito Parcelado Lojista,2025-07-22 11:59,2025-07-22,2025-07,Aprovada,10,2025-08-21,691512,000000395,15114097,5972.0,-143.33,5828.67,Nacional
Filial_Proview,07843328000208,72453,Mastercard,Crédito,Crédito Parcelado Lojista,2025-07-22 17:28,2025-07-22,2025-07,Aprovada,05,2025-08-21,086312,000000397,15114097,900.0,-21.69,878.31,Nacional
Filial_Proview,07843328000208,72453,Mastercard,Crédito,Crédito Parcelado Lojista,2025-07-23 10:24,2025-07-23,2025-07,Aprovada,05,2025-08-22,748353,000000399,15114097,2980.0,-71.82,2908.18,Nacional
Filial_Proview,07843328000208,72453,Visa,Crédito,Crédito Parcelado Lojista,2025-07-23 10:36,2025-07-23,2025-07,Aprovada,03,2025-08-22,770668,000000403,15114097,550.0,-12.38,537.62,Nacional
Filial_Proview,07843328000208,72453,Visa,Crédito,Crédito Parcelado Lojista,2025-07-23 10:46,2025-07-23,2025-07,Aprovada,10,2025-08-22,323581,000000405,15114097,3100.0,-74.4,3025.6,Nacional
Filial_Proview,07843328000208,72453,Visa,Crédito,Crédito Parcelado Lojista,2025-07-23 14:23,2025-07-23,2025-07,Aprovada,10,2025-08-22,633136,000000407,15114097,1500.0,-36.0,1464.0,Nacional
Filial_Proview,07843328000208,72453,Visa,Débito,Débito,2025-07-23 14:23,2025-07-23,2025-07,Aprovada,01,2025-07-24,525372,000000409,15114097,500.0,-6.25,493.75,Nacional
Filial_Proview,07843328000208,72453,Mastercard,Crédito,Crédito Parcelado Lojista,2025-07-24 09:12,2025-07-24,2025-07,Aprovada,10,2025-08-25,488993,000000411,15114097,2140.0,-56.07,2083.93,Nacional
Filial_Proview,07843328000208,72453,Mastercard,Crédito,Crédito Parcelado Lojista,2025-07-24 13:51,2025-07-24,2025-07,Aprovada,05,2025-08-25,033284,000000415,15114097,1800.0,-43.38,1756.62,Nacional
Filial_Proview,07843328000208,72453,Visa,Crédito,Crédito Parcelado Lojista,2025-07-25 11:17,2025-07-25,2025-07,Aprovada,10,2025-08-25,939948,000000417,15114097,4900.0,-117.6,4782.4,Nacional
Filial_Proview,07843328000208,72453,Visa,Crédito,Crédito Parcelado Lojista,2025-07-25 13:23,2025-07-25,2025-07,Aprovada,03,2025-08-25,235172,000000421,15114097,3140.0,-70.65,3069.35,Nacional
Filial_Proview,07843328000208,72453,Mastercard,Crédito,Crédito Parcelado Lojista,2025-07-29 12:23,2025-07-29,2025-07,Aprovada,10,2025-08-28,054878,000000423,15114097,10650.0,-279.03,10370.97,Nacional
Filial_Proview,07843328000208,72453,Visa,Crédito,Crédito À Vista,2025-07-30 14:14,2025-07-30,2025-07,Aprovada,01,2025-08-29,645618,000000427,15114097,3100.0,-58.9,3041.1,Nacional
Filial_Proview,07843328000208,72453,Mastercard,Crédito,Crédito Parcelado Lojista,2025-07-30 15:25,2025-07-30,2025-07,Aprovada,10,2025-08-29,087520,000000431,15114097,3450.0,-90.39,3359.61,Nacional
Filial_Proview,07843328000208,72453,Mastercard,Crédito,Crédito Parcelado Lojista,2025-07-30 15:32,2025-07-30,2025-07,Aprovada,10,2025-08-29,095500,000000433,15114097,1225.0,-32.1,1192.9,Nacional
Filial_Proview,07843328000208,72453,Mastercard,Crédito,Crédito Parcelado Lojista,2025-07-30 16:12,2025-07-30,2025-07,Aprovada,02,2025-08-29,PC7P4M,000000435,15114097,2440.0,-58.8,2381.2,Nacional
Filial_Proview,07843328000208,72453,Mastercard,Crédito,Crédito Parcelado Lojista,2025-07-31 17:27,2025-07-31,2025-07,Aprovada,10,2025-09-01,R55965,000000437,15114097,1500.0,-39.3,1460.7,Nacional
Filial_Proview,07843328000208,72453,Visa,Crédito,Crédito À Vista,2025-08-04 11:51,2025-08-04,2025-08,Aprovada,01,2025-09-03,615872,000000441,15114097,50.0,-0.95,49.05,Nacional
Filial_Proview,07843328000208,72453,Visa,Crédito,Crédito À Vista,2025-08-05 08:50,2025-08-05,2025-08,Cancelada,01,2025-09-04,001681,000000445,15114097,250.0,-4.75,245.25,Nacional
Filial_Proview,07843328000208,72453,Visa,Crédito,Crédito Parcelado Lojista,2025-08-07 14:48,2025-08-07,2025-08,Aprovada,10,2025-09-08,064255,000000449,15114097,4740.0,-113.76,4626.24,Nacional
Filial_Proview,07843328000208,72453,Visa,Crédito,Crédito À Vista,2025-08-08 10:15,2025-08-08,2025-08,Aprovada,01,2025-09-08,002906,000000453,15114097,3000.0,-57.0,2943.0,Nacional
Filial_Proview,07843328000208,72453,Mastercard,Crédito,Crédito Parcelado Lojista,2025-08-08 13:15,2025-08-08,2025-08,Aprovada,10,2025-09-08,A9SGI9,000000457,15114097,5640.0,-147.77,5492.23,Nacional
Filial_Proview,07843328000208,72453,Mastercard,Crédito,Crédito À Vista,2025-08-12 16:59,2025-08-12,2025-08,Aprovada,01,2025-09-11,VJYKWW,000000461,15114097,250.0,-4.75,245.25,Nacional
Filial_Proview,07843328000208,72453,Mastercard,Crédito,Crédito Parcelado Lojista,2025-08-13 14:35,2025-08-13,2025-08,Aprovada,04,2025-09-12,033409,000000465,15114097,1200.0,-28.92,1171.08,Nacional
Filial_Proview,07843328000208,72453,Mastercard,Crédito,Crédito Parcelado Lojista,2025-08-13 16:51,2025-08-13,2025-08,Aprovada,10,2025-09-12,611448,000000469,15114097,7000.0,-183.4,6816.6,Nacional
Filial_Proview,07843328000208,72453,Mastercard,Débito,Débito,2025-08-14 09:36,2025-08-14,2025-08,Aprovada,01,2025-08-15,M40672,000000471,15114097,2900.0,-37.7,2862.3,Nacional
Filial_Proview,07843328000208,72453,Mastercard,Débito,Débito,2025-08-19 10:22,2025-08-19,2025-08,Aprovada,01,2025-08-20,M20927,000000475,15114097,1000.0,-13.0,987.0,Nacional
Filial_Proview,07843328000208,72453,Visa,Crédito,Crédito Parcelado Lojista,2025-08-22 09:20,2025-08-22,2025-08,Aprovada,10,2025-09-22,321212,000000479,15114097,1990.0,-47.76,1942.24,Nacional
Filial_Proview,07843328000208,72453,Visa,Crédito,Crédito Parcelado Lojista,2025-08-22 09:20,2025-08-22,2025-08,Aprovada,05,2025-09-22,324322,000000483,15114097,1990.0,-44.78,1945.22,Nacional
Filial_Proview,07843328000208,72453,Visa,Crédito,Crédito Parcelado Lojista,2025-08-22 16:39,2025-08-22,2025-08,Cancelada Parcial,08,2025-09-22,692326,000000485,15114097,1380.0,-33.12,1346.88,Nacional
Filial_Proview,07843328000208,72453,Visa,Crédito,Crédito Parcelado Lojista,2025-08-26 10:17,2025-08-26,2025-08,Aprovada,10,2025-09-25,233858,000000487,15114097,11000.0,-264.0,10736.0,Nacional
Filial_Proview,07843328000208,72453,Visa,Crédito,Crédito Parcelado Lojista,2025-08-27 13:20,2025-08-27,2025-08,Aprovada,10,2025-09-26,201749,000000491,15114097,1230.0,-29.52,1200.48,Nacional
Filial_Proview,07843328000208,72453,Visa,Crédito,Crédito Parcelado Lojista,2025-08-27 15:20,2025-08-27,2025-08,Negada,10,,000000,000000495,15114097,2280.0,0,0,N/A
Filial_Proview,07843328000208,72453,Visa,Crédito,Crédito Parcelado Lojista,2025-08-27 15:30,2025-08-27,2025-08,Negada,10,,000000,000000497,15114097,2280.0,0,0,N/A
Filial_Proview,07843328000208,72453,Mastercard,Crédito,Crédito Parcelado Lojista,2025-08-27 15:32,2025-08-27,2025-08,Negada,10,,000000,000000499,15114097,2280.0,0,0,N/A
Filial_Proview,07843328000208,72453,Mastercard,Crédito,Crédito Parcelado Lojista,2025-08-27 15:34,2025-08-27,2025-08,Negada,10,,000000,000000501,15114097,1140.0,0,0,N/A
Filial_Proview,07843328000208,72453,Visa,Débito,Débito,2025-08-27 15:37,2025-08-27,2025-08,Aprovada,01,2025-08-28,896705,000000503,15114097,1140.0,-14.25,1125.75,Nacional
Filial_Proview,07843328000208,72453,Mastercard,Crédito,Crédito Parcelado Lojista,2025-08-28 08:19,2025-08-28,2025-08,Negada,10,,000000,000000505,15114097,4250.0,0,0,N/A
Filial_Proview,07843328000208,72453,Mastercard,Crédito,Crédito Parcelado Lojista,2025-08-28 08:20,2025-08-28,2025-08,Negada,10,,000000,000000509,15114097,4250.0,0,0,N/A
Filial_Proview,07843328000208,72453,Mastercard,Crédito,Crédito Parcelado Lojista,2025-08-28 08:20,2025-08-28,2025-08,Negada,10,,000000,000000511,15114097,4250.0,0,0,N/A
Filial_Proview,07843328000208,72453,Visa,Crédito,Crédito Parcelado Lojista,2025-08-28 10:52,2025-08-28,2025-08,Aprovada,10,2025-09-29,553639,000000513,15114097,2100.0,-50.4,2049.6,Nacional
Filial_Proview,07843328000208,72453,Visa,Crédito,Crédito Parcelado Lojista,2025-08-28 14:09,2025-08-28,2025-08,Aprovada,02,2025-09-29,983351,000000515,15114097,400.0,-9.0,391.0,Nacional
Filial_Proview,07843328000208,72453,Visa,Crédito,Crédito Parcelado Lojista,2025-08-28 15:37,2025-08-28,2025-08,Aprovada,08,2025-09-29,957348,000000517,15114097,1600.0,-38.4,1561.6,Nacional
Filial_Proview,07843328000208,72453,Mastercard,Crédito,Crédito Parcelado Lojista,2025-08-28 16:00,2025-08-28,2025-08,Aprovada,05,2025-09-29,002666,000000519,15114097,891.0,-21.47,869.53,Nacional
Filial_Proview,07843328000208,72453,Mastercard,Crédito,Crédito Parcelado Lojista,2025-08-28 16:27,2025-08-28,2025-08,Aprovada,02,2025-09-29,036040,000000521,15114097,800.0,-19.28,780.72,Nacional
Filial_Proview,07843328000208,72453,Visa,Crédito,Crédito Parcelado Lojista,2025-08-29 09:56,2025-08-29,2025-08,Aprovada,10,2025-09-29,059267,000000523,15114097,3500.0,-84.0,3416.0,Nacional
Filial_Proview,07843328000208,72453,Visa,Débito,Débito,2025-08-29 11:02,2025-08-29,2025-08,Aprovada,01,2025-09-01,239759,000000525,15114097,620.0,-7.75,612.25,Nacional
Filial_Proview,07843328000208,72453,Mastercard,Crédito,Crédito Parcelado Lojista,2025-08-29 14:46,2025-08-29,2025-08,Aprovada,10,2025-09-29,732115,000000529,15114097,9400.0,-246.28,9153.72,Nacional
Filial_Proview,07843328000208,72453,Elo,Crédito,Crédito Parcelado Lojista,2025-08-29 14:52,2025-08-29,2025-08,Aprovada,06,2025-09-29,604707,000000531,15114097,890.0,-20.03,869.97,Nacional
Filial_Proview,07843328000208,72453,Visa,Crédito,Crédito Parcelado Lojista,2025-08-29 16:01,2025-08-29,2025-08,Aprovada,10,2025-09-29,494038,000000533,15114097,2400.0,-57.6,2342.4,Nacional
Filial_Proview,07843328000208,72453,Visa,Crédito,Crédito Parcelado Lojista,2025-08-30 10:50,2025-08-30,2025-08,Aprovada,10,2025-09-29,094297,000000535,15114097,4070.0,-97.68,3972.32,Nacional
Filial_Proview,07843328000208,72453,Visa,Crédito,Crédito Parcelado Lojista,2025-08-30 11:21,2025-08-30,2025-08,Aprovada,10,2025-09-29,911699,000000539,15114097,4900.0,-117.6,4782.4,Nacional
Filial_Proview,07843328000208,72453,Mastercard,Crédito,Crédito Parcelado Lojista,2025-09-03 11:17,2025-09-03,2025-09,Aprovada,06,2025-10-03,XODZKI,000000541,15114097,1500.0,-36.15,1463.85,Nacional
Filial_Proview,07843328000208,72453,Visa,Débito,Débito,2025-09-03 11:25,2025-09-03,2025-09,Aprovada,01,2025-09-04,913010,000000545,15114097,590.0,-7.38,582.62,Nacional
Filial_Proview,07843328000208,72453,Mastercard,Crédito,Crédito Parcelado Lojista,2025-09-04 14:47,2025-09-04,2025-09,Aprovada,10,2025-10-06,000181,000000547,15114097,1950.0,-51.09,1898.91,Nacional
Filial_Proview,07843328000208,72453,Mastercard,Crédito,Crédito Parcelado Lojista,2025-09-04 15:35,2025-09-04,2025-09,Aprovada,10,2025-10-06,MZZ0GZ,000000551,15114097,2300.0,-60.26,2239.74,Nacional
Filial_Proview,07843328000208,72453,Mastercard,Crédito,Crédito Parcelado Lojista,2025-09-04 16:25,2025-09-04,2025-09,Aprovada,06,2025-10-06,012423,000000553,15114097,1980.0,-47.72,1932.28,Nacional
Filial_Proview,07843328000208,72453,Mastercard,Crédito,Crédito Parcelado Lojista,2025-09-04 17:20,2025-09-04,2025-09,Aprovada,06,2025-10-06,R61371,000000555,15114097,1479.0,-35.64,1443.36,Nacional
Filial_Proview,07843328000208,72453,Mastercard,Débito,Débito,2025-09-05 12:20,2025-09-05,2025-09,Aprovada,01,2025-09-08,M45263,000000557,15114097,1990.0,-25.87,1964.13,Nacional
Filial_Proview,07843328000208,72453,Visa,Crédito,Crédito Parcelado Lojista,2025-09-05 15:46,2025-09-05,2025-09,Aprovada,10,2025-10-06,227214,000000561,15114097,8180.0,-196.32,7983.68,Nacional
Filial_Proview,07843328000208,72453,Mastercard,Crédito,Crédito Parcelado Lojista,2025-09-05 16:46,2025-09-05,2025-09,Aprovada,10,2025-10-06,065587,000000563,15114097,6120.0,-160.34,5959.66,Nacional
Filial_Proview,07843328000208,72453,Mastercard,Crédito,Crédito Parcelado Lojista,2025-09-08 13:22,2025-09-08,2025-09,Aprovada,02,2025-10-08,629620,000000565,15114097,3325.0,-80.13,3244.87,Nacional
Filial_Proview,07843328000208,72453,Mastercard,Crédito,Crédito Parcelado Lojista,2025-09-08 14:16,2025-09-08,2025-09,Aprovada,10,2025-10-08,667462,000000569,15114097,1700.0,-44.54,1655.46,Nacional
Filial_Proview,07843328000208,72453,Visa,Crédito,Crédito Parcelado Lojista,2025-09-10 13:34,2025-09-10,2025-09,Aprovada,10,2025-10-10,641576,000000571,15114097,1240.0,-29.76,1210.24,Nacional
Filial_Proview,07843328000208,72453,Mastercard,Crédito,Crédito Parcelado Lojista,2025-09-10 16:35,2025-09-10,2025-09,Aprovada,10,2025-10-10,352858,000000575,15114097,4250.0,-111.35,4138.65,Nacional
Filial_Proview,07843328000208,72453,Mastercard,Crédito,Crédito Parcelado Lojista,2025-09-10 18:46,2025-09-10,2025-09,Negada,10,,00000000,185388271,EC055793,2200.0,0,0,N/A
Filial_Proview,07843328000208,72453,Mastercard,Crédito,Crédito Parcelado Lojista,2025-09-12 10:04,2025-09-12,2025-09,Aprovada,10,2025-10-13,045878,000000577,15114097,1190.0,-31.18,1158.82,Nacional
Filial_Proview,07843328000208,72453,Mastercard,Crédito,Crédito Parcelado Lojista,2025-09-12 11:40,2025-09-12,2025-09,Aprovada,10,2025-10-13,R04514,000000581,15114097,2240.0,-58.69,2181.31,Nacional
Filial_Proview,07843328000208,72453,Mastercard,Crédito,Crédito Parcelado Lojista,2025-09-12 18:03,2025-09-12,2025-09,Aprovada,10,2025-10-13,124707,000000583,15114097,12490.0,-327.24,12162.76,Nacional
Filial_Proview,07843328000208,72453,Visa,Débito,Débito,2025-09-16 10:28,2025-09-16,2025-09,Aprovada,01,2025-09-17,731857,000000585,15114097,960.0,-12.0,948.0,Nacional
Filial_Proview,07843328000208,72453,Visa,Crédito,Crédito Parcelado Lojista,2025-09-16 10:28,2025-09-16,2025-09,Aprovada,05,2025-10-16,ZDRNIN,000000589,15114097,1680.0,-37.8,1642.2,Nacional
Filial_Proview,07843328000208,72453,Visa,Crédito,Crédito Parcelado Lojista,2025-09-16 11:44,2025-09-16,2025-09,Aprovada,10,2025-10-16,935512,000000591,15114097,1840.0,-44.16,1795.84,Nacional
Filial_Proview,07843328000208,72453,Visa,Crédito,Crédito Parcelado Lojista,2025-09-16 13:48,2025-09-16,2025-09,Negada,10,,000000,000000593,15114097,2390.0,0,0,N/A
Filial_Proview,07843328000208,72453,Visa,Crédito,Crédito Parcelado Lojista,2025-09-16 13:49,2025-09-16,2025-09,Negada,10,,000000,000000595,15114097,2390.0,0,0,N/A
Filial_Proview,07843328000208,72453,Visa,Crédito,Crédito Parcelado Lojista,2025-09-16 13:54,2025-09-16,2025-09,Aprovada,10,2025-10-16,298780,000000597,15114097,2000.0,-48.0,1952.0,Nacional
Filial_Proview,07843328000208,72453,Visa,Débito,Débito,2025-09-16 14:52,2025-09-16,2025-09,Aprovada,01,2025-09-17,240259,000000599,15114097,2774.0,-34.68,2739.32,Nacional
Filial_Proview,07843328000208,72453,Mastercard,Crédito,Crédito À Vista,2025-09-16 16:17,2025-09-16,2025-09,Aprovada,01,2025-10-16,011617,000000601,15114097,1170.0,-22.23,1147.77,Nacional
Filial_Proview,07843328000208,72453,Mastercard,Crédito,Crédito Parcelado Lojista,2025-09-19 17:00,2025-09-19,2025-09,Aprovada,10,2025-10-20,035705,174504365,EC055793,2200.0,-69.3,2130.7,Nacional
Filial_Proview,07843328000208,72453,Visa,Crédito,Crédito Parcelado Lojista,2025-09-23 08:54,2025-09-23,2025-09,Aprovada,05,2025-10-23,367221,000000603,15114097,1090.0,-24.53,1065.47,Nacional
Filial_Proview,07843328000208,72453,Visa,Débito,Débito,2025-09-23 13:00,2025-09-23,2025-09,Aprovada,01,2025-09-24,839466,000000607,15114097,4000.0,-50.0,3950.0,Nacional
Filial_Proview,07843328000208,72453,Mastercard,Débito,Débito,2025-09-23 15:01,2025-09-23,2025-09,Aprovada,01,2025-09-24,001949,000000609,15114097,470.0,-6.11,463.89,Nacional
Filial_Proview,07843328000208,72453,Visa,Crédito,Crédito Parcelado Lojista,2025-09-23 15:38,2025-09-23,2025-09,Aprovada,02,2025-10-23,632967,000000611,15114097,1170.0,-26.33,1143.67,Nacional
Filial_Proview,07843328000208,72453,Mastercard,Crédito,Crédito Parcelado Lojista,2025-09-23 16:43,2025-09-23,2025-09,Aprovada,05,2025-10-23,068057,000000613,15114097,9298.0,-224.08,9073.92,Nacional
Filial_Proview,07843328000208,72453,Visa,Crédito,Crédito Parcelado Lojista,2025-09-25 10:24,2025-09-25,2025-09,Aprovada,10,2025-10-27,435472,000000615,15114097,4000.0,-96.0,3904.0,Nacional
Filial_Proview,07843328000208,72453,Mastercard,Crédito,Crédito Parcelado Lojista,2025-09-25 13:40,2025-09-25,2025-09,Negada,10,,000000,000000619,15114097,4300.0,0,0,N/A
Filial_Proview,07843328000208,72453,Mastercard,Crédito,Crédito Parcelado Lojista,2025-09-25 13:42,2025-09-25,2025-09,Aprovada,10,2025-10-27,770677,000000621,15114097,4300.0,-112.66,4187.34,Nacional
Filial_Proview,07843328000208,72453,Mastercard,Crédito,Crédito Parcelado Lojista,2025-09-25 14:10,2025-09-25,2025-09,Negada,06,,000000,000000623,15114097,1200.0,0,0,N/A
Filial_Proview,07843328000208,72453,Mastercard,Crédito,Crédito Parcelado Lojista,2025-09-25 14:11,2025-09-25,2025-09,Aprovada,06,2025-10-27,773571,000000625,15114097,1200.0,-28.92,1171.08,Nacional
Filial_Proview,07843328000208,72453,Mastercard,Débito,Débito,2025-09-26 09:50,2025-09-26,2025-09,Aprovada,01,2025-09-29,268582,000000627,15114097,500.0,-6.5,493.5,Nacional
Filial_Proview,07843328000208,72453,Visa,Crédito,Crédito Parcelado Lojista,2025-09-26 11:49,2025-09-26,2025-09,Aprovada,10,2025-10-27,501684,000000631,15114097,4790.0,-114.96,4675.04,Nacional
Filial_Proview,07843328000208,72453,Mastercard,Crédito,Crédito Parcelado Lojista,2025-09-30 13:52,2025-09-30,2025-09,Aprovada,05,2025-10-30,R96849,000000633,15114097,1090.0,-26.27,1063.73,Nacional
Filial_Proview,07843328000208,72453,Mastercard,Crédito,Crédito Parcelado Lojista,2025-09-30 14:32,2025-09-30,2025-09,Aprovada,10,2025-10-30,082318,000000637,15114097,3850.0,-100.87,3749.13,Nacional
Filial_Proview,07843328000208,72453,Mastercard,Crédito,Crédito Parcelado Lojista,2025-09-30 14:49,2025-09-30,2025-09,Aprovada,10,2025-10-30,071994,000000639,15114097,750.0,-19.65,730.35,Nacional
Filial_Proview,07843328000208,72453,Amex,Crédito,Crédito Parcelado Lojista,2025-09-30 16:20,2025-09-30,2025-09,Aprovada,05,2025-10-30,605167,000000641,15114097,1150.0,-36.8,1113.2,Nacional
Filial_Proview,07843328000208,72453,Mastercard,Crédito,Crédito Parcelado Lojista,2025-09-30 16:28,2025-09-30,2025-09,Negada,05,,000000,000000643,15114097,5130.0,0,0,N/A
Filial_Proview,07843328000208,72453,Mastercard,Crédito,Crédito Parcelado Lojista,2025-09-30 16:30,2025-09-30,2025-09,Aprovada,05,2025-10-30,305855,000000645,15114097,5130.0,-123.63,5006.37,Nacional
Filial_Proview,07843328000208,72453,Visa,Débito,Débito,2025-10-01 11:52,2025-10-01,2025-10,Aprovada,01,2025-10-02,021635,000000647,15114097,600.0,-7.5,592.5,Nacional
Filial_Proview,07843328000208,72453,Elo,Crédito,Crédito Parcelado Lojista,2025-10-01 11:52,2025-10-01,2025-10,Aprovada,03,2025-10-31,994071,000000651,15114097,500.0,-11.25,488.75,Nacional
Filial_Proview,07843328000208,72453,Mastercard,Crédito,Crédito Parcelado Lojista,2025-10-02 09:10,2025-10-02,2025-10,Aprovada,06,2025-11-03,LXOREA,000000653,15114097,540.0,-13.01,526.99,Nacional
Filial_Proview,07843328000208,72453,Visa,Crédito,Crédito Parcelado Lojista,2025-10-02 16:03,2025-10-02,2025-10,Aprovada,10,2025-11-03,500957,000000657,15114097,6500.0,-156.0,6344.0,Nacional
Filial_Proview,07843328000208,72453,Visa,Crédito,Crédito Parcelado Lojista,2025-10-03 12:24,2025-10-03,2025-10,Aprovada,04,2025-11-03,922941,000000659,15114097,1270.0,-28.58,1241.42,Nacional
Filial_Proview,07843328000208,72453,Mastercard,Crédito,Crédito Parcelado Lojista,2025-10-03 13:51,2025-10-03,2025-10,Aprovada,10,2025-11-03,927355,000000663,15114097,1990.0,-52.14,1937.86,Nacional
Filial_Proview,07843328000208,72453,Mastercard,Crédito,Crédito Parcelado Lojista,2025-10-07 16:38,2025-10-07,2025-10,Aprovada,02,2025-11-06,054056,000000665,15114097,1300.0,-31.33,1268.67,Nacional
Filial_Proview,07843328000208,72453,Mastercard,Crédito,Crédito Parcelado Lojista,2025-10-08 14:56,2025-10-08,2025-10,Aprovada,10,2025-11-07,005156,000000669,15114097,1030.0,-26.99,1003.01,Nacional
Filial_Proview,07843328000208,72453,Mastercard,Crédito,Crédito Parcelado Lojista,2025-10-08 16:09,2025-10-08,2025-10,Aprovada,10,2025-11-07,030815,000000673,15114097,800.0,-20.96,779.04,Nacional
Filial_Proview,07843328000208,72453,Mastercard,Crédito,Crédito Parcelado Lojista,2025-10-08 16:09,2025-10-08,2025-10,Aprovada,10,2025-11-07,056944,000000675,15114097,1350.0,-35.37,1314.63,Nacional
Filial_Proview,07843328000208,72453,Mastercard,Crédito,Crédito Parcelado Lojista,2025-10-09 13:45,2025-10-09,2025-10,Aprovada,07,2025-11-10,222773,000000681,15114097,790.0,-20.7,769.3,Nacional
Filial_Proview,07843328000208,72453,Visa,Crédito,Crédito Parcelado Lojista,2025-10-10 08:10,2025-10-10,2025-10,Aprovada,10,2025-11-10,611140,000000683,15114097,990.0,-23.76,966.24,Nacional
Filial_Proview,07843328000208,72453,Visa,Crédito,Crédito Parcelado Lojista,2025-10-10 11:25,2025-10-10,2025-10,Negada,10,,000000,000000687,15114097,3200.0,0,0,N/A
Filial_Proview,07843328000208,72453,Visa,Crédito,Crédito Parcelado Lojista,2025-10-10 11:27,2025-10-10,2025-10,Negada,10,,000000,000000689,15114097,3200.0,0,0,N/A
Filial_Proview,07843328000208,72453,Visa,Crédito,Crédito Parcelado Lojista,2025-10-11 11:09,2025-10-11,2025-10,Aprovada,10,2025-11-10,847782,000000691,15114097,4400.0,-105.6,4294.4,Nacional
Filial_Proview,07843328000208,72453,Visa,Crédito,Crédito Parcelado Lojista,2025-10-11 11:48,2025-10-11,2025-10,Aprovada,03,2025-11-10,168013,000000695,15114097,300.0,-6.75,293.25,Nacional
Filial_Proview,07843328000208,72453,Elo,Crédito,Crédito Parcelado Lojista,2025-10-14 10:14,2025-10-14,2025-10,Aprovada,04,2025-11-13,494920,000000701,15114097,2400.0,-54.0,2346.0,Nacional
Filial_Proview,07843328000208,72453,Mastercard,Crédito,Crédito Parcelado Lojista,2025-10-15 11:25,2025-10-15,2025-10,Aprovada,10,2025-11-14,025667,000000703,15114097,3000.0,-78.6,2921.4,Nacional
Filial_Proview,07843328000208,72453,Mastercard,Crédito,Crédito Parcelado Lojista,2025-10-15 14:12,2025-10-15,2025-10,Aprovada,10,2025-11-14,658676,000000707,15114097,1240.0,-32.49,1207.51,Nacional
Filial_Proview,07843328000208,72453,Mastercard,Crédito,Crédito Parcelado Lojista,2025-10-16 08:56,2025-10-16,2025-10,Aprovada,10,2025-11-17,040038,000000709,15114097,3000.0,-78.6,2921.4,Nacional
Filial_Proview,07843328000208,72453,Elo,Débito,Débito,2025-10-16 09:37,2025-10-16,2025-10,Aprovada,01,2025-10-17,138989,000000713,15114097,2580.0,-32.25,2547.75,Nacional
Filial_Proview,07843328000208,72453,Visa,Crédito,Crédito Parcelado Lojista,2025-10-16 10:07,2025-10-16,2025-10,Aprovada,10,2025-11-17,681471,000000715,15114097,850.0,-20.4,829.6,Nacional
Filial_Proview,07843328000208,72453,Mastercard,Crédito,Crédito Parcelado Lojista,2025-10-21 08:31,2025-10-21,2025-10,Aprovada,10,2025-11-21,049242,000000717,15114097,2700.0,-70.74,2629.26,Nacional
Filial_Proview,07843328000208,72453,Elo,Crédito,Crédito Parcelado Lojista,2025-10-21 10:08,2025-10-21,2025-10,Aprovada,03,2025-11-21,682607,000000721,15114097,2774.0,-62.42,2711.58,Nacional
Filial_Proview,07843328000208,72453,Visa,Crédito,Crédito À Vista,2025-10-22 11:42,2025-10-22,2025-10,Aprovada,01,2025-11-21,985945,000000723,15114097,500.0,-9.5,490.5,Nacional
Filial_Proview,07843328000208,72453,Visa,Crédito,Crédito Parcelado Lojista,2025-10-23 08:38,2025-10-23,2025-10,Aprovada,10,2025-11-24,090541,000000727,15114097,4000.0,-96.0,3904.0,Nacional
Filial_Proview,07843328000208,72453,Visa,Crédito,Crédito Parcelado Lojista,2025-10-24 11:13,2025-10-24,2025-10,Aprovada,10,2025-11-24,025971,000000731,15114097,2200.0,-52.8,2147.2,Nacional
Filial_Proview,07843328000208,72453,Visa,Crédito,Crédito Parcelado Lojista,2025-10-24 16:26,2025-10-24,2025-10,Aprovada,10,2025-11-24,346938,000000735,15114097,2650.0,-63.6,2586.4,Nacional
Filial_Proview,07843328000208,72453,Mastercard,Crédito,Crédito Parcelado Lojista,2025-10-27 16:36,2025-10-27,2025-10,Aprovada,02,2025-11-26,018935,000000737,15114097,180.0,-4.34,175.66,Nacional
Filial_Proview,07843328000208,72453,Visa,Débito,Débito,2025-10-27 16:37,2025-10-27,2025-10,Aprovada,01,2025-10-28,915877,000000741,15114097,70.0,-0.88,69.12,Nacional
Filial_Proview,07843328000208,72453,Mastercard,Crédito,Crédito Parcelado Lojista,2025-10-28 13:53,2025-10-28,2025-10,Aprovada,10,2025-11-27,QZEY5J,000000743,15114097,2280.0,-59.74,2220.26,Nacional
Filial_Proview,07843328000208,72453,Mastercard,Crédito,Crédito Parcelado Lojista,2025-10-28 15:14,2025-10-28,2025-10,Aprovada,10,2025-11-27,141262,000000747,15114097,1680.0,-44.02,1635.98,Nacional
Filial_Proview,07843328000208,72453,Visa,Crédito,Crédito Parcelado Lojista,2025-10-29 11:21,2025-10-29,2025-10,Aprovada,10,2025-11-28,211768,000000749,15114097,1710.0,-41.04,1668.96,Nacional
Filial_Proview,07843328000208,72453,Mastercard,Crédito,Crédito À Vista,2025-10-29 16:36,2025-10-29,2025-10,Aprovada,01,2025-11-28,009836,000000753,15114097,750.0,-14.25,735.75,Nacional
Filial_Proview,07843328000208,72453,Mastercard,Crédito,Crédito Parcelado Lojista,2025-10-29 17:00,2025-10-29,2025-10,Aprovada,02,2025-11-28,868757,000000755,15114097,2430.0,-58.56,2371.44,Nacional
Filial_Proview,07843328000208,72453,Visa,Débito,Débito,2025-10-30 14:44,2025-10-30,2025-10,Aprovada,01,2025-10-31,153087,000000757,15114097,150.0,-1.88,148.12,Nacional
Filial_Proview,07843328000208,72453,Mastercard,Crédito,Crédito Parcelado Lojista,2025-10-30 16:48,2025-10-30,2025-10,Aprovada,10,2025-12-01,706984,000000761,15114097,6350.0,-166.37,6183.63,Nacional
Filial_Proview,07843328000208,72453,Visa,Crédito,Crédito Parcelado Lojista,2025-10-30 17:02,2025-10-30,2025-10,Aprovada,03,2025-12-01,476178,000000763,15114097,3990.0,-89.78,3900.22,Nacional
Filial_Proview,07843328000208,72453,Mastercard,Crédito,Crédito Parcelado Lojista,2025-10-31 11:08,2025-10-31,2025-10,Aprovada,10,2025-12-01,335220,000000765,15114097,1440.0,-37.73,1402.27,Nacional
Filial_Proview,07843328000208,72453,Visa,Débito,Débito,2025-10-31 11:59,2025-10-31,2025-10,Aprovada,01,2025-11-03,143161,000000769,15114097,890.0,-11.13,878.87,Nacional
Filial_Proview,07843328000208,72453,Visa,Crédito,Crédito Parcelado Lojista,2025-10-31 12:04,2025-10-31,2025-10,Aprovada,10,2025-12-01,643631,000000771,15114097,1930.0,-46.32,1883.68,Nacional
Filial_Proview,07843328000208,72453,Mastercard,Crédito,Crédito Parcelado Lojista,2025-10-31 12:06,2025-10-31,2025-10,Aprovada,05,2025-12-01,R35799,000000773,15114097,1331.0,-32.08,1298.92,Nacional
Filial_Proview,07843328000208,72453,Visa,Crédito,Crédito Parcelado Lojista,2025-10-31 12:07,2025-10-31,2025-10,Aprovada,05,2025-12-01,079113,000000775,15114097,1601.0,-36.02,1564.98,Nacional
Filial_Proview,07843328000208,72453,Mastercard,Crédito,Crédito Parcelado Lojista,2025-10-31 13:00,2025-10-31,2025-10,Aprovada,04,2025-12-01,367097,000000777,15114097,450.0,-10.85,439.15,Nacional
Filial_Proview,07843328000208,72453,Mastercard,Débito,Débito,2025-10-31 14:41,2025-10-31,2025-10,Aprovada,01,2025-11-03,M72910,000000779,15114097,558.0,-7.25,550.75,Nacional
Filial_Proview,07843328000208,72453,Mastercard,Crédito,Crédito Parcelado Lojista,2025-10-31 14:41,2025-10-31,2025-10,Aprovada,10,2025-12-01,047921,000000781,15114097,1000.0,-26.2,973.8,Nacional
Filial_Proview,07843328000208,72453,Mastercard,Crédito,Crédito Parcelado Lojista,2025-10-31 15:11,2025-10-31,2025-10,Aprovada,10,2025-12-01,053757,000000783,15114097,1800.0,-47.16,1752.84,Nacional
Filial_Proview,07843328000208,72453,Mastercard,Crédito,Crédito Parcelado Lojista,2025-10-31 15:51,2025-10-31,2025-10,Aprovada,03,2025-12-01,082524,000000785,15114097,740.0,-17.83,722.17,Nacional
Filial_Proview,07843328000208,72453,Visa,Crédito,Crédito Parcelado Lojista,2025-11-04 07:59,2025-11-04,2025-11,Aprovada,10,2025-12-04,594168,000000787,15114097,2000.0,-48.0,1952.0,Nacional
Filial_Proview,07843328000208,72453,Mastercard,Crédito,Crédito À Vista,2025-11-05 13:24,2025-11-05,2025-11,Aprovada,01,2025-12-05,081560,000000791,15114097,160.0,-3.04,156.96,Nacional
Filial_Proview,07843328000208,72453,Mastercard,Crédito,Crédito Parcelado Lojista,2025-11-05 13:54,2025-11-05,2025-11,Negada,03,,000000,000000795,15114097,2530.0,0,0,N/A
Filial_Proview,07843328000208,72453,Mastercard,Débito,Débito,2025-11-05 13:57,2025-11-05,2025-11,Aprovada,01,2025-11-06,M68758,000000797,15114097,2530.0,-32.89,2497.11,Nacional
Filial_Proview,07843328000208,72453,Visa,Débito,Débito,2025-11-05 16:58,2025-11-05,2025-11,Aprovada,01,2025-11-06,583773,000000799,15114097,5250.0,-65.63,5184.37,Nacional
Filial_Proview,07843328000208,72453,Visa,Crédito,Crédito Parcelado Lojista,2025-11-06 14:34,2025-11-06,2025-11,Aprovada,10,2025-12-08,572743,000000801,15114097,6250.0,-150.0,6100.0,Nacional
Filial_Proview,07843328000208,72453,Visa,Crédito,Crédito Parcelado Lojista,2025-11-06 16:21,2025-11-06,2025-11,Aprovada,06,2025-12-08,612415,000000805,15114097,3190.0,-71.78,3118.22,Nacional
Filial_Proview,07843328000208,72453,Mastercard,Crédito,Crédito Parcelado Lojista,2025-11-07 09:03,2025-11-07,2025-11,Aprovada,03,2025-12-08,ZMAZEM,090049581,EC055793,570.0,-17.1,552.9,Nacional
Filial_Proview,07843328000208,72453,Mastercard,Crédito,Crédito Parcelado Lojista,2025-11-10 13:14,2025-11-10,2025-11,Aprovada,10,2025-12-10,761096,000000807,15114097,3800.0,-99.56,3700.44,Nacional
Filial_Proview,07843328000208,72453,Visa,Crédito,Crédito Parcelado Lojista,2025-11-11 10:52,2025-11-11,2025-11,Aprovada,10,2025-12-11,098499,000000811,15114097,6830.0,-163.92,6666.08,Nacional
Filial_Proview,07843328000208,72453,Elo,Crédito,Crédito À Vista,2025-11-11 11:07,2025-11-11,2025-11,Aprovada,01,2025-12-11,280493,000000815,15114097,1450.0,-27.55,1422.45,Nacional
Filial_Proview,07843328000208,72453,Visa,Crédito,Crédito Parcelado Lojista,2025-11-12 10:47,2025-11-12,2025-11,Aprovada,03,2025-12-12,014956,000000817,15114097,1680.0,-37.8,1642.2,Nacional
Filial_Proview,07843328000208,72453,Mastercard,Crédito,Crédito Parcelado Lojista,2025-11-12 13:35,2025-11-12,2025-11,Negada,10,,000000,000000821,15114097,5690.0,0,0,N/A
Filial_Proview,07843328000208,72453,Mastercard,Crédito,Crédito Parcelado Lojista,2025-11-12 13:36,2025-11-12,2025-11,Negada,10,,000000,000000823,15114097,5690.0,0,0,N/A
Filial_Proview,07843328000208,72453,Mastercard,Crédito,Crédito Parcelado Lojista,2025-11-12 13:38,2025-11-12,2025-11,Negada,10,,000000,000000825,15114097,5690.0,0,0,N/A
Filial_Proview,07843328000208,72453,Mastercard,Crédito,Crédito Parcelado Lojista,2025-11-12 13:39,2025-11-12,2025-11,Negada,10,,000000,000000827,15114097,5690.0,0,0,N/A
Filial_Proview,07843328000208,72453,Elo,Crédito,Crédito Parcelado Lojista,2025-11-12 13:43,2025-11-12,2025-11,Negada,10,,000000,000000829,15114097,5600.0,0,0,N/A
Filial_Proview,07843328000208,72453,Visa,Crédito,Crédito Parcelado Lojista,2025-11-12 13:46,2025-11-12,2025-11,Negada,10,,000000,000000831,15114097,5600.0,0,0,N/A
Filial_Proview,07843328000208,72453,Elo,Crédito,Crédito Parcelado Lojista,2025-11-12 14:09,2025-11-12,2025-11,Negada,10,,000000,000000833,15114097,5600.0,0,0,N/A
Filial_Proview,07843328000208,72453,Mastercard,Crédito,Crédito Parcelado Lojista,2025-11-12 14:59,2025-11-12,2025-11,Aprovada,10,2025-12-12,142178,000000835,15114097,2100.0,-55.02,2044.98,Nacional
Filial_Proview,07843328000208,72453,Mastercard,Crédito,Crédito À Vista,2025-11-12 15:13,2025-11-12,2025-11,Aprovada,01,2025-12-12,067620,000000837,15114097,250.0,-4.75,245.25,Nacional
Filial_Proview,07843328000208,72453,Mastercard,Crédito,Crédito Parcelado Lojista,2025-11-13 14:00,2025-11-13,2025-11,Aprovada,10,2025-12-15,417279,000000839,15114097,4340.0,-113.71,4226.29,Nacional
Filial_Proview,07843328000208,72453,Mastercard,Crédito,Crédito Parcelado Lojista,2025-11-13 16:21,2025-11-13,2025-11,Negada,10,,00000000,163128787,EC055793,5600.0,0,0,N/A
Filial_Proview,07843328000208,72453,Mastercard,Crédito,Crédito Parcelado Lojista,2025-11-13 16:24,2025-11-13,2025-11,Negada,10,,00000000,163142397,EC055793,5600.0,0,0,N/A
Filial_Proview,07843328000208,72453,Mastercard,Crédito,Crédito Parcelado Lojista,2025-11-13 16:42,2025-11-13,2025-11,Aprovada,07,2025-12-15,023765,000000843,15114097,3850.0,-100.87,3749.13,Nacional
Filial_Proview,07843328000208,72453,Mastercard,Crédito,Crédito Parcelado Lojista,2025-11-13 17:03,2025-11-13,2025-11,Aprovada,10,2025-12-15,007946,175959311,EC055793,5600.0,-176.4,5423.6,Nacional
Filial_Proview,07843328000208,72453,Visa,Débito,Débito,2025-11-14 12:35,2025-11-14,2025-11,Aprovada,01,2025-11-17,360973,000000845,15114097,5250.0,-65.63,5184.37,Nacional
Filial_Proview,07843328000208,72453,Mastercard,Crédito,Crédito Parcelado Lojista,2025-11-17 16:47,2025-11-17,2025-11,Aprovada,10,2025-12-18,064291,169721747,EC055793,4990.0,-157.19,4832.81,Nacional
Filial_Proview,07843328000208,72453,Mastercard,Crédito,Crédito Parcelado Lojista,2025-11-18 09:10,2025-11-18,2025-11,Aprovada,06,2025-12-18,457450,000000849,15114097,2900.0,-69.89,2830.11,Nacional
Filial_Proview,07843328000208,72453,Mastercard,Crédito,Crédito Parcelado Lojista,2025-11-18 14:14,2025-11-18,2025-11,Aprovada,05,2025-12-18,141666,000000853,15114097,4950.0,-119.3,4830.7,Nacional
Filial_Proview,07843328000208,72453,Visa,Débito,Débito,2025-11-21 08:58,2025-11-21,2025-11,Aprovada,01,2025-11-24,832319,000000859,15114097,5000.0,-62.5,4937.5,Nacional
Filial_Proview,07843328000208,72453,Visa,Débito,Débito,2025-11-21 09:29,2025-11-21,2025-11,Aprovada,01,2025-11-24,634199,000000861,15114097,1110.0,-13.88,1096.12,Nacional
Filial_Proview,07843328000208,72453,Visa,Crédito,Crédito Parcelado Lojista,2025-11-21 14:23,2025-11-21,2025-11,Aprovada,10,2025-12-22,HU7FIR,000000863,15114097,3650.0,-87.6,3562.4,Nacional
Filial_Proview,07843328000208,72453,Mastercard,Débito,Débito,2025-11-25 14:11,2025-11-25,2025-11,Aprovada,01,2025-11-26,M19357,000000865,15114097,2300.0,-29.9,2270.1,Nacional
Filial_Proview,07843328000208,72453,Visa,Débito,Débito,2025-11-26 13:43,2025-11-26,2025-11,Aprovada,01,2025-11-27,149439,000000869,15114097,4570.0,-57.13,4512.87,Nacional
Filial_Proview,07843328000208,72453,Visa,Crédito,Crédito Parcelado Lojista,2025-11-26 14:02,2025-11-26,2025-11,Aprovada,10,2025-12-26,5ZAY8B,000000873,15114097,2200.0,-52.8,2147.2,Nacional
Filial_Proview,07843328000208,72453,Visa,Crédito,Crédito Parcelado Lojista,2025-11-27 08:41,2025-11-27,2025-11,Aprovada,10,2025-12-29,614295,000000875,15114097,3370.0,-80.88,3289.12,Nacional
Filial_Proview,07843328000208,72453,Mastercard,Crédito,Crédito Parcelado Lojista,2025-11-27 11:16,2025-11-27,2025-11,Aprovada,03,2025-12-29,046427,000000879,15114097,1200.0,-28.92,1171.08,Nacional
Filial_Proview,07843328000208,72453,Visa,Crédito,Crédito Parcelado Lojista,2025-11-28 09:07,2025-11-28,2025-11,Aprovada,06,2025-12-29,022975,000000881,15114097,2900.0,-65.25,2834.75,Nacional
Filial_Proview,07843328000208,72453,Visa,Débito,Débito,2025-11-28 15:29,2025-11-28,2025-11,Aprovada,01,2025-12-01,841807,000000885,15114097,900.0,-11.25,888.75,Nacional
Filial_Proview,07843328000208,72453,Mastercard,Crédito,Crédito Parcelado Lojista,2025-11-28 16:40,2025-11-28,2025-11,Aprovada,03,2025-12-29,062739,000000887,15114097,340.0,-8.19,331.81,Nacional
Filial_Proview,07843328000208,72453,Visa,Crédito,Crédito Parcelado Lojista,2025-12-01 10:15,2025-12-01,2025-12,Aprovada,10,2025-12-31,063877,000000889,15114097,4000.0,-96.0,3904.0,Nacional
Filial_Proview,07843328000208,72453,Visa,Crédito,Crédito Parcelado Lojista,2025-12-01 11:21,2025-12-01,2025-12,Aprovada,06,2025-12-31,423740,000000893,15114097,650.0,-14.63,635.37,Nacional
Filial_Proview,07843328000208,72453,Mastercard,Crédito,Crédito Parcelado Lojista,2025-12-01 13:20,2025-12-01,2025-12,Aprovada,04,2026-01-02,204772,132042265,EC055793,890.0,-26.7,863.3,Nacional
Filial_Proview,07843328000208,72453,Visa,Crédito,Crédito Parcelado Lojista,2025-12-02 14:31,2025-12-02,2025-12,Aprovada,05,2026-01-02,321287,000000895,15114097,690.0,-15.53,674.47,Nacional
Filial_Proview,07843328000208,72453,Mastercard,Crédito,Crédito Parcelado Lojista,2025-12-02 16:49,2025-12-02,2025-12,Aprovada,05,2026-01-02,R01619,000000899,15114097,1000.0,-24.1,975.9,Nacional
Filial_Proview,07843328000208,72453,Mastercard,Crédito,Crédito Parcelado Lojista,2025-12-03 09:33,2025-12-03,2025-12,Aprovada,10,2026-01-02,R33943,000000901,15114097,3360.0,-88.03,3271.97,Nacional
Filial_Proview,07843328000208,72453,Visa,Crédito,Crédito Parcelado Lojista,2025-12-03 12:17,2025-12-03,2025-12,Aprovada,06,2026-01-02,815033,000000905,15114097,3479.0,-78.28,3400.72,Nacional
Filial_Proview,07843328000208,72453,Elo,Crédito,Crédito Parcelado Lojista,2025-12-05 16:45,2025-12-05,2025-12,Aprovada,06,2026-01-05,432589,000000907,15114097,1850.0,-41.63,1808.37,Nacional
Filial_Proview,07843328000208,72453,Elo,Crédito,Crédito Parcelado Lojista,2025-12-10 09:49,2025-12-10,2025-12,Aprovada,10,2026-01-09,493525,000000911,15114097,2000.0,-48.0,1952.0,Nacional
Filial_Proview,07843328000208,72453,Mastercard,Crédito,Crédito Parcelado Lojista,2025-12-10 10:03,2025-12-10,2025-12,Aprovada,06,2026-01-09,016137,000000915,15114097,1750.0,-42.18,1707.82,Nacional
Filial_Proview,07843328000208,72453,Visa,Crédito,Crédito Parcelado Lojista,2025-12-10 10:22,2025-12-10,2025-12,Aprovada,04,2026-01-09,004352,000000917,15114097,2200.0,-49.5,2150.5,Nacional
Filial_Proview,07843328000208,72453,Visa,Crédito,Crédito Parcelado Lojista,2025-12-10 11:09,2025-12-10,2025-12,Aprovada,05,2026-01-09,077305,000000919,15114097,5000.0,-112.5,4887.5,Nacional
Filial_Proview,07843328000208,72453,Visa,Débito,Débito,2025-12-11 13:50,2025-12-11,2025-12,Aprovada,01,2025-12-12,149865,000000921,15114097,500.0,-6.25,493.75,Nacional
Filial_Proview,07843328000208,72453,Mastercard,Crédito,Crédito Parcelado Lojista,2025-12-15 08:42,2025-12-15,2025-12,Aprovada,10,2026-01-14,013268,000000925,15114097,1150.0,-30.13,1119.87,Nacional
Filial_Proview,07843328000208,72453,Mastercard,Crédito,Crédito Parcelado Lojista,2025-12-15 14:39,2025-12-15,2025-12,Aprovada,06,2026-01-14,963832,000000929,15114097,2390.0,-57.6,2332.4,Nacional
Filial_Proview,07843328000208,72453,Visa,Crédito,Crédito Parcelado Lojista,2025-12-17 11:03,2025-12-17,2025-12,Aprovada,10,2026-01-16,935300,000000931,15114097,2600.0,-62.4,2537.6,Nacional
Filial_Proview,07843328000208,72453,Mastercard,Crédito,Crédito Parcelado Lojista,2025-12-17 12:12,2025-12-17,2025-12,Aprovada,10,2026-01-16,830448,000000935,15114097,9740.0,-255.19,9484.81,Nacional
Filial_Proview,07843328000208,72453,Mastercard,Crédito,Crédito Parcelado Lojista,2025-12-17 13:43,2025-12-17,2025-12,Aprovada,04,2026-01-16,087016,000000937,15114097,1390.0,-33.5,1356.5,Nacional
Filial_Proview,07843328000208,72453,Visa,Crédito,Crédito Parcelado Lojista,2025-12-17 15:48,2025-12-17,2025-12,Aprovada,10,2026-01-16,002755,000000939,15114097,1400.0,-33.6,1366.4,Nacional
Filial_Proview,07843328000208,72453,Visa,Crédito,Crédito Parcelado Lojista,2025-12-18 11:50,2025-12-18,2025-12,Aprovada,06,2026-01-19,503269,000000941,15114097,2070.0,-46.58,2023.42,Nacional
Filial_Proview,07843328000208,72453,Visa,Débito,Débito,2025-12-18 13:15,2025-12-18,2025-12,Aprovada,01,2025-12-19,347742,000000945,15114097,700.0,-8.75,691.25,Nacional
Filial_Proview,07843328000208,72453,Visa,Crédito,Crédito Parcelado Lojista,2025-12-18 15:05,2025-12-18,2025-12,Aprovada,10,2026-01-19,498703,000000947,15114097,2850.0,-68.4,2781.6,Nacional
Filial_Proview,07843328000208,72453,Visa,Crédito,Crédito Parcelado Lojista,2025-12-18 15:14,2025-12-18,2025-12,Aprovada,08,2026-01-19,642685,000000949,15114097,3640.0,-87.36,3552.64,Nacional
Filial_Proview,07843328000208,72453,Visa,Crédito,Crédito Parcelado Lojista,2025-12-18 16:03,2025-12-18,2025-12,Aprovada,10,2026-01-19,640191,000000951,15114097,4100.0,-98.4,4001.6,Nacional
Filial_Proview,07843328000208,72453,Visa,Crédito,Crédito Parcelado Lojista,2025-12-18 16:31,2025-12-18,2025-12,Aprovada,05,2026-01-19,613506,000000953,15114097,1100.0,-24.75,1075.25,Nacional
Filial_Proview,07843328000208,72453,Mastercard,Crédito,Crédito Parcelado Lojista,2025-12-18 17:08,2025-12-18,2025-12,Aprovada,06,2026-01-19,TCEJKQ,000000955,15114097,1900.0,-45.79,1854.21,Nacional
Filial_Proview,07843328000208,72453,Mastercard,Crédito,Crédito Parcelado Lojista,2025-12-19 10:06,2025-12-19,2025-12,Aprovada,10,2026-01-19,015182,000000957,15114097,1600.0,-41.92,1558.08,Nacional
Filial_Proview,07843328000208,72453,Elo,Crédito,Crédito Parcelado Lojista,2025-12-19 10:47,2025-12-19,2025-12,Aprovada,05,2026-01-19,077738,000000961,15114097,2760.0,-62.1,2697.9,Nacional
Filial_Proview,07843328000208,72453,Visa,Crédito,Crédito Parcelado Lojista,2025-12-19 15:44,2025-12-19,2025-12,Aprovada,10,2026-01-19,407681,000000963,15114097,3440.0,-82.56,3357.44,Nacional
Filial_Proview,07843328000208,72453,Mastercard,Crédito,Crédito Parcelado Lojista,2025-12-19 17:06,2025-12-19,2025-12,Aprovada,10,2026-01-19,065272,000000965,15114097,2480.0,-64.98,2415.02,Nacional
Filial_Proview,07843328000208,72453,Mastercard,Crédito,Crédito Parcelado Lojista,2025-12-22 10:08,2025-12-22,2025-12,Aprovada,10,2026-01-21,092375,000000967,15114097,1800.0,-47.16,1752.84,Nacional
Filial_Proview,07843328000208,72453,Visa,Débito,Débito,2025-12-22 12:57,2025-12-22,2025-12,Aprovada,01,2025-12-23,RKJ73T,000000971,15114097,700.0,-8.75,691.25,Nacional pré pago
Filial_Proview,07843328000208,72453,Visa,Crédito,Crédito Parcelado Lojista,2025-12-23 09:13,2025-12-23,2025-12,Aprovada,10,2026-01-22,133372,000000973,15114097,2550.0,-61.2,2488.8,Nacional
Filial_Proview,07843328000208,72453,Mastercard,Crédito,Crédito Parcelado Lojista,2025-12-23 09:59,2025-12-23,2025-12,Aprovada,08,2026-01-22,R53014,000000977,15114097,990.0,-25.94,964.06,Nacional
Filial_Proview,07843328000208,72453,Visa,Débito,Débito,2025-12-23 13:08,2025-12-23,2025-12,Aprovada,01,2025-12-24,339641,000000979,15114097,1000.0,-12.5,987.5,Nacional
Filial_Proview,07843328000208,72453,Elo,Crédito,Crédito Parcelado Lojista,2025-12-23 14:22,2025-12-23,2025-12,Aprovada,10,2026-01-22,348651,000000981,15114097,2970.0,-71.28,2898.72,Nacional
Filial_Proview,07843328000208,72453,Mastercard,Crédito,Crédito Parcelado Lojista,2025-12-23 16:05,2025-12-23,2025-12,Aprovada,05,2026-01-22,2NIES4,000000983,15114097,1600.0,-38.56,1561.44,Nacional
Filial_Proview,07843328000208,72453,Visa,Débito,Débito,2026-01-05 11:45,2026-01-05,2026-01,Aprovada,01,2026-01-06,842336,000000985,15114097,3800.0,-47.5,3752.5,Nacional
Filial_Proview,07843328000208,72453,Visa,Crédito,Crédito Parcelado Lojista,2026-01-05 16:04,2026-01-05,2026-01,Aprovada,03,2026-02-04,644149,000000989,15114097,799.0,-17.98,781.02,Nacional
Filial_Proview,07843328000208,72453,Elo,Crédito,Crédito À Vista,2026-01-06 14:11,2026-01-06,2026-01,Aprovada,01,2026-02-05,614754,000000991,15114097,1250.0,-23.75,1226.25,Nacional
Filial_Proview,07843328000208,72453,Mastercard,Crédito,Crédito Parcelado Lojista,2026-01-10 11:08,2026-01-10,2026-01,Aprovada,05,2026-02-09,R13372,000000995,15114097,1000.0,-24.1,975.9,Nacional
Filial_Proview,07843328000208,72453,Visa,Crédito,Crédito Parcelado Lojista,2026-01-12 16:33,2026-01-12,2026-01,Negada,10,,000000,000000999,15114097,3390.0,0,0,N/A
Filial_Proview,07843328000208,72453,Visa,Crédito,Crédito Parcelado Lojista,2026-01-12 16:34,2026-01-12,2026-01,Aprovada,10,2026-02-11,859993,000001003,15114097,1695.0,-40.68,1654.32,Nacional
Filial_Proview,07843328000208,72453,Visa,Crédito,Crédito Parcelado Lojista,2026-01-12 16:34,2026-01-12,2026-01,Aprovada,10,2026-02-11,759959,000001005,15114097,1695.0,-40.68,1654.32,Nacional
Filial_Proview,07843328000208,72453,Visa,Crédito,Crédito Parcelado Lojista,2026-01-13 11:21,2026-01-13,2026-01,Aprovada,06,2026-02-12,615249,000001007,15114097,3600.0,-81.0,3519.0,Nacional
Filial_Proview,07843328000208,72453,Visa,Crédito,Crédito Parcelado Lojista,2026-01-13 13:19,2026-01-13,2026-01,Aprovada,02,2026-02-12,262218,000001011,15114097,1690.0,-38.03,1651.97,Nacional
Filial_Proview,07843328000208,72453,Mastercard,Crédito,Crédito Parcelado Lojista,2026-01-14 10:04,2026-01-14,2026-01,Aprovada,06,2026-02-13,R76653,000001013,15114097,650.0,-15.67,634.33,Nacional
Filial_Proview,07843328000208,72453,Visa,Crédito,Crédito Parcelado Lojista,2026-01-15 09:19,2026-01-15,2026-01,Negada,10,,000000,000001017,15114097,1550.0,0,0,N/A
Filial_Proview,07843328000208,72453,Visa,Crédito,Crédito Parcelado Lojista,2026-01-15 09:20,2026-01-15,2026-01,Aprovada,10,2026-02-18,246249,000001021,15114097,1000.0,-24.0,976.0,Nacional
Filial_Proview,07843328000208,72453,Visa,Débito,Débito,2026-01-15 10:59,2026-01-15,2026-01,Aprovada,01,2026-01-16,223137,000001023,15114097,500.0,-6.25,493.75,Nacional
Filial_Proview,07843328000208,72453,Mastercard,Crédito,Crédito Parcelado Lojista,2026-01-15 14:07,2026-01-15,2026-01,Negada,10,,000000,000001025,15114097,1700.0,0,0,N/A
Filial_Proview,07843328000208,72453,Mastercard,Débito,Débito,2026-01-15 15:39,2026-01-15,2026-01,Negada,01,,656198,000001027,15114097,5380.0,0,0,N/A
Filial_Proview,07843328000208,72453,Mastercard,Débito,Débito,2026-01-15 15:40,2026-01-15,2026-01,Negada,01,,000000,000001029,15114097,5380.0,0,0,N/A
Filial_Proview,07843328000208,72453,Mastercard,Crédito,Crédito Parcelado Lojista,2026-01-15 17:35,2026-01-15,2026-01,Aprovada,10,2026-02-18,R43514,000001031,15114097,5577.0,-146.12,5430.88,Nacional
Filial_Proview,07843328000208,72453,Mastercard,Crédito,Crédito Parcelado Lojista,2026-01-16 08:25,2026-01-16,2026-01,Aprovada,10,2026-02-18,025827,000001033,15114097,2338.0,-61.26,2276.74,Nacional
Filial_Proview,07843328000208,72453,Visa,Crédito,Crédito Parcelado Lojista,2026-01-16 14:55,2026-01-16,2026-01,Aprovada,10,2026-02-18,091738,000001037,15114097,1200.0,-28.8,1171.2,Nacional
Filial_Proview,07843328000208,72453,Visa,Crédito,Crédito Parcelado Lojista,2026-01-16 15:18,2026-01-16,2026-01,Aprovada,04,2026-02-18,184264,000001039,15114097,650.0,-14.63,635.37,Nacional
Filial_Proview,07843328000208,72453,Visa,Crédito,Crédito Parcelado Lojista,2026-01-19 17:29,2026-01-19,2026-01,Aprovada,03,2026-02-18,688090,000001041,15114097,5200.0,-117.0,5083.0,Nacional
Filial_Proview,07843328000208,72453,Visa,Crédito,Crédito Parcelado Lojista,2026-01-20 14:52,2026-01-20,2026-01,Aprovada,10,2026-02-19,524051,000001045,15114097,4740.0,-113.76,4626.24,Nacional
Filial_Proview,07843328000208,72453,Mastercard,Débito,Débito,2026-01-21 14:42,2026-01-21,2026-01,Aprovada,01,2026-01-22,407274,000001049,15114097,2890.0,-37.57,2852.43,Nacional
Filial_Proview,07843328000208,72453,Visa,Crédito,Crédito Parcelado Lojista,2026-01-22 11:57,2026-01-22,2026-01,Aprovada,10,2026-02-23,914762,000001053,15114097,3480.0,-83.52,3396.48,Nacional
Filial_Proview,07843328000208,72453,Mastercard,Crédito,Crédito Parcelado Lojista,2026-01-22 14:13,2026-01-22,2026-01,Aprovada,10,2026-02-23,084753,000001057,15114097,8000.0,-209.6,7790.4,Nacional
Filial_Proview,07843328000208,72453,Visa,Crédito,Crédito Parcelado Lojista,2026-01-22 16:13,2026-01-22,2026-01,Aprovada,10,2026-02-23,660354,000001059,15114097,4490.0,-107.76,4382.24,Nacional
Filial_Proview,07843328000208,72453,Mastercard,Débito,Débito,2026-01-23 13:14,2026-01-23,2026-01,Aprovada,01,2026-01-26,M44733,000001061,15114097,620.0,-8.06,611.94,Nacional
Filial_Proview,07843328000208,72453,Mastercard,Crédito,Crédito À Vista,2026-01-27 11:34,2026-01-27,2026-01,Aprovada,01,2026-02-26,335849,000001065,15114097,1000.0,-19.0,981.0,Nacional
Filial_Proview,07843328000208,72453,Visa,Crédito,Crédito Parcelado Lojista,2026-01-27 17:29,2026-01-27,2026-01,Aprovada,10,2026-02-26,860973,000001071,15114097,3800.0,-91.2,3708.8,Nacional
Filial_Proview,07843328000208,72453,Visa,Débito,Débito,2026-01-28 12:30,2026-01-28,2026-01,Aprovada,01,2026-01-29,M55556,000001073,15114097,550.0,-6.88,543.12,Nacional
Filial_Proview,07843328000208,72453,Mastercard,Crédito,Crédito Parcelado Lojista,2026-01-28 13:49,2026-01-28,2026-01,Aprovada,10,2026-02-27,391743,000001077,15114097,2190.0,-57.38,2132.62,Nacional
Filial_Proview,07843328000208,72453,Mastercard,Crédito,Crédito Parcelado Lojista,2026-01-28 16:58,2026-01-28,2026-01,Aprovada,10,2026-02-27,038713,000001079,15114097,1860.0,-48.73,1811.27,Nacional
Filial_Proview,07843328000208,72453,Visa,Crédito,Crédito Parcelado Lojista,2026-01-29 10:06,2026-01-29,2026-01,Aprovada,05,2026-03-02,BHRW73,000001081,15114097,1550.0,-34.88,1515.12,Nacional
Filial_Proview,07843328000208,72453,Visa,Crédito,Crédito Parcelado Lojista,2026-01-29 11:20,2026-01-29,2026-01,Aprovada,10,2026-03-02,502394,000001085,15114097,4700.0,-112.8,4587.2,Nacional
Filial_Proview,07843328000208,72453,Visa,Crédito,Crédito Parcelado Lojista,2026-01-29 11:34,2026-01-29,2026-01,Aprovada,10,2026-03-02,344073,000001087,15114097,2000.0,-48.0,1952.0,Nacional
Filial_Proview,07843328000208,72453,Visa,Crédito,Crédito Parcelado Lojista,2026-01-29 11:35,2026-01-29,2026-01,Aprovada,10,2026-03-02,654417,000001089,15114097,3150.0,-75.6,3074.4,Nacional
Filial_Proview,07843328000208,72453,Visa,Crédito,Crédito Parcelado Lojista,2026-01-29 14:50,2026-01-29,2026-01,Negada,10,,000000,000001091,15114097,4890.0,0,0,N/A
Filial_Proview,07843328000208,72453,Visa,Crédito,Crédito Parcelado Lojista,2026-01-29 14:51,2026-01-29,2026-01,Negada,10,,000000,000001093,15114097,4890.0,0,0,N/A
Filial_Proview,07843328000208,72453,Visa,Crédito,Crédito Parcelado Lojista,2026-01-29 14:53,2026-01-29,2026-01,Aprovada,10,2026-03-02,600396,000001095,15114097,4890.0,-117.36,4772.64,Nacional
Filial_Proview,07843328000208,72453,Visa,Crédito,Crédito Parcelado Lojista,2026-01-29 16:58,2026-01-29,2026-01,Aprovada,10,2026-03-02,086077,000001097,15114097,1625.0,-39.0,1586.0,Nacional
Filial_Proview,07843328000208,72453,Visa,Crédito,Crédito Parcelado Lojista,2026-01-29 16:58,2026-01-29,2026-01,Aprovada,10,2026-03-02,691340,000001099,15114097,1625.0,-39.0,1586.0,Nacional
Filial_Proview,07843328000208,72453,Mastercard,Crédito,Crédito Parcelado Lojista,2026-01-29 17:56,2026-01-29,2026-01,Aprovada,10,2026-03-02,055664,000001101,15114097,2580.0,-67.6,2512.4,Nacional
Filial_Proview,07843328000208,72453,Mastercard,Crédito,Crédito Parcelado Lojista,2026-01-30 08:11,2026-01-30,2026-01,Aprovada,04,2026-03-02,213940,000001103,15114097,590.0,-14.22,575.78,Nacional
Filial_Proview,07843328000208,72453,Visa,Crédito,Crédito Parcelado Lojista,2026-01-30 08:35,2026-01-30,2026-01,Aprovada,10,2026-03-02,064376,000001107,15114097,2550.0,-61.2,2488.8,Nacional
Filial_Proview,07843328000208,72453,Mastercard,Crédito,Crédito Parcelado Lojista,2026-01-30 11:51,2026-01-30,2026-01,Aprovada,09,2026-03-02,012777,000001109,15114097,940.0,-24.63,915.37,Nacional
Filial_Proview,07843328000208,72453,Mastercard,Débito,Débito,2026-01-30 14:13,2026-01-30,2026-01,Aprovada,01,2026-02-02,M38028,000001111,15114097,1210.0,-15.73,1194.27,Nacional
Filial_Proview,07843328000208,72453,Mastercard,Crédito,Crédito Parcelado Lojista,2026-01-30 15:29,2026-01-30,2026-01,Aprovada,10,2026-03-02,089466,000001113,15114097,11360.0,-297.63,11062.37,Nacional
Filial_Proview,07843328000208,72453,Mastercard,Crédito,Crédito Parcelado Lojista,2026-01-30 16:26,2026-01-30,2026-01,Aprovada,10,2026-03-02,259249,000001115,15114097,1300.0,-34.06,1265.94,Nacional
Filial_Proview,07843328000208,72453,Mastercard,Crédito,Crédito Parcelado Lojista,2026-01-30 16:27,2026-01-30,2026-01,Aprovada,10,2026-03-02,066412,000001117,15114097,2800.0,-73.36,2726.64,Nacional
Filial_Proview,07843328000208,72453,Mastercard,Crédito,Crédito Parcelado Lojista,2026-01-31 10:10,2026-01-31,2026-01,Aprovada,02,2026-03-02,R26202,000001119,15114097,590.0,-14.22,575.78,Nacional
Filial_Proview,07843328000208,72453,Mastercard,Débito,Débito,2026-02-03 15:13,2026-02-03,2026-02,Aprovada,01,2026-02-04,491174,000001123,15114097,2890.0,-37.57,2852.43,Nacional
Filial_Proview,07843328000208,72453,Visa,Crédito,Crédito Parcelado Lojista,2026-02-03 16:34,2026-02-03,2026-02,Aprovada,10,2026-03-05,863558,000001127,15114097,4690.0,-112.56,4577.44,Nacional
Filial_Proview,07843328000208,72453,Mastercard,Crédito,Crédito Parcelado Lojista,2026-02-03 18:37,2026-02-03,2026-02,Aprovada,10,2026-03-05,598409,000001129,15114097,2100.0,-55.02,2044.98,Nacional
Filial_Proview,07843328000208,72453,Mastercard,Débito,Débito,2026-02-03 18:38,2026-02-03,2026-02,Aprovada,01,2026-02-04,436792,000001131,15114097,3530.0,-45.89,3484.11,Nacional
Filial_Proview,07843328000208,72453,Mastercard,Crédito,Crédito Parcelado Lojista,2026-02-04 11:11,2026-02-04,2026-02,Aprovada,10,2026-03-09,356651,119090213,EC055793,1890.0,-59.54,1830.46,Nacional
Filial_Proview,07843328000208,72453,Visa,Crédito,Crédito Parcelado Lojista,2026-02-05 08:09,2026-02-05,2026-02,Negada,10,,000000,000001133,15114097,2250.0,0,0,N/A
Filial_Proview,07843328000208,72453,Visa,Débito,Débito,2026-02-05 08:11,2026-02-05,2026-02,Aprovada,01,2026-02-06,129511,000001137,15114097,1000.0,-12.5,987.5,Nacional
Filial_Proview,07843328000208,72453,Visa,Crédito,Crédito Parcelado Lojista,2026-02-05 08:12,2026-02-05,2026-02,Aprovada,05,2026-03-09,895533,000001139,15114097,1250.0,-28.13,1221.87,Nacional
Filial_Proview,07843328000208,72453,Mastercard,Crédito,Crédito Parcelado Lojista,2026-02-05 12:01,2026-02-05,2026-02,Aprovada,10,2026-03-09,048059,000001141,15114097,3900.0,-102.18,3797.82,Nacional
Filial_Proview,07843328000208,72453,Mastercard,Crédito,Crédito Parcelado Lojista,2026-02-05 13:10,2026-02-05,2026-02,Aprovada,06,2026-03-09,463363,000001143,15114097,890.0,-21.45,868.55,Nacional
Filial_Proview,07843328000208,72453,Mastercard,Crédito,Crédito Parcelado Lojista,2026-02-05 14:06,2026-02-05,2026-02,Aprovada,10,2026-03-09,750334,000001145,15114097,2200.0,-57.64,2142.36,Nacional
Filial_Proview,07843328000208,72453,Mastercard,Crédito,Crédito Parcelado Lojista,2026-02-05 16:30,2026-02-05,2026-02,Aprovada,06,2026-03-09,033908,000001147,15114097,4842.0,-116.69,4725.31,Nacional
Filial_Proview,07843328000208,72453,Visa,Crédito,Crédito Parcelado Lojista,2026-02-10 08:54,2026-02-10,2026-02,Aprovada,06,2026-03-12,LNJ8ZL,000001149,15114097,1850.0,-41.63,1808.37,Nacional
Filial_Proview,07843328000208,72453,Visa,Crédito,Crédito Parcelado Lojista,2026-02-10 15:27,2026-02-10,2026-02,Aprovada,10,2026-03-12,224002,000001155,15114097,5100.0,-122.4,4977.6,Nacional
Filial_Proview,07843328000208,72453,Elo,Crédito,Crédito À Vista,2026-02-11 15:56,2026-02-11,2026-02,Aprovada,01,2026-03-13,670538,000001157,15114097,1000.0,-19.0,981.0,Nacional
Filial_Proview,07843328000208,72453,Mastercard,Crédito,Crédito Parcelado Lojista,2026-02-11 16:26,2026-02-11,2026-02,Aprovada,10,2026-03-13,671914,000001159,15114097,5000.0,-131.0,4869.0,Nacional
Filial_Proview,07843328000208,72453,Mastercard,Crédito,Crédito Parcelado Lojista,2026-02-11 16:27,2026-02-11,2026-02,Aprovada,10,2026-03-13,019503,000001161,15114097,1500.0,-39.3,1460.7,Nacional
Filial_Proview,07843328000208,72453,Mastercard,Crédito,Crédito Parcelado Lojista,2026-02-12 08:11,2026-02-12,2026-02,Aprovada,10,2026-03-16,083862,000001163,15114097,3500.0,-91.7,3408.3,Nacional
Filial_Proview,07843328000208,72453,Mastercard,Crédito,Crédito Parcelado Lojista,2026-02-12 14:28,2026-02-12,2026-02,Aprovada,10,2026-03-16,077279,000001167,15114097,4400.0,-115.28,4284.72,Nacional
Filial_Proview,07843328000208,72453,Elo,Crédito,Crédito Parcelado Lojista,2026-02-13 16:13,2026-02-13,2026-02,Aprovada,10,2026-03-16,236739,000001169,15114097,9940.0,-238.56,9701.44,Nacional
Filial_Proview,07843328000208,72453,Mastercard,Crédito,Crédito Parcelado Lojista,2026-02-18 14:17,2026-02-18,2026-02,Aprovada,05,2026-03-20,057218,000001173,15114097,5870.0,-141.47,5728.53,Nacional
Filial_Proview,07843328000208,72453,Mastercard,Crédito,Crédito Parcelado Lojista,2026-02-20 08:16,2026-02-20,2026-02,Aprovada,10,2026-03-23,R42657,000001177,15114097,3390.0,-88.82,3301.18,Nacional
Filial_Proview,07843328000208,72453,Visa,Crédito,Crédito Parcelado Lojista,2026-02-20 08:42,2026-02-20,2026-02,Aprovada,10,2026-03-23,625165,000001181,15114097,1000.0,-24.0,976.0,Nacional
Filial_Proview,07843328000208,72453,Mastercard,Crédito,Crédito Parcelado Lojista,2026-02-20 16:13,2026-02-20,2026-02,Aprovada,10,2026-03-23,R05534,000001183,15114097,1100.0,-28.82,1071.18,Nacional
Filial_Proview,07843328000208,72453,Mastercard,Crédito,Crédito Parcelado Lojista,2026-02-24 09:30,2026-02-24,2026-02,Aprovada,10,2026-03-26,R35633,000001185,15114097,3250.0,-85.15,3164.85,Nacional
Filial_Proview,07843328000208,72453,Visa,Crédito,Crédito Parcelado Lojista,2026-02-24 14:06,2026-02-24,2026-02,Aprovada,10,2026-03-26,065960,000001189,15114097,4750.0,-114.0,4636.0,Nacional
Filial_Proview,07843328000208,72453,Amex,Crédito,Crédito À Vista,2026-02-25 12:00,2026-02-25,2026-02,Aprovada,01,2026-03-27,601389,000001191,15114097,3000.0,-84.0,2916.0,Nacional
Filial_Proview,07843328000208,72453,Mastercard,Crédito,Crédito Parcelado Lojista,2026-02-26 15:49,2026-02-26,2026-02,Aprovada,10,2026-03-30,084603,000001195,15114097,7000.0,-183.4,6816.6,Nacional
Filial_Proview,07843328000208,72453,Visa,Crédito,Crédito Parcelado Lojista,2026-02-27 14:23,2026-02-27,2026-02,Aprovada,10,2026-03-30,640977,000001199,15114097,1850.0,-44.4,1805.6,Nacional
Filial_Proview,07843328000208,72453,Visa,Débito,Débito,2026-02-28 11:05,2026-02-28,2026-02,Aprovada,01,2026-03-02,339959,000001203,15114097,3400.0,-42.5,3357.5,Nacional
Filial_Proview,07843328000208,72453,Mastercard,Crédito,Crédito Parcelado Lojista,2026-03-02 16:21,2026-03-02,2026-03,Negada,10,,000000,000001207,15114097,4856.0,0,0,N/A
Filial_Proview,07843328000208,72453,Mastercard,Crédito,Crédito Parcelado Lojista,2026-03-02 16:21,2026-03-02,2026-03,Aprovada,10,2026-04-01,XF2XSF,000001211,15114097,4856.0,-127.23,4728.77,Nacional
Filial_Proview,07843328000208,72453,Visa,Crédito,Crédito Parcelado Lojista,2026-03-03 13:05,2026-03-03,2026-03,Aprovada,10,2026-04-02,053253,000001213,15114097,2400.0,-57.6,2342.4,Nacional
Filial_Proview,07843328000208,72453,Mastercard,Crédito,Crédito Parcelado Lojista,2026-03-04 11:42,2026-03-04,2026-03,Aprovada,10,2026-04-06,R19408,000001217,15114097,2490.0,-65.24,2424.76,Nacional
Filial_Proview,07843328000208,72453,Mastercard,Crédito,Crédito Parcelado Lojista,2026-03-05 15:06,2026-03-05,2026-03,Aprovada,10,2026-04-06,061962,000001221,15114097,3500.0,-91.7,3408.3,Nacional
Filial_Proview,07843328000208,72453,Mastercard,Crédito,Crédito Parcelado Lojista,2026-03-06 11:18,2026-03-06,2026-03,Aprovada,10,2026-04-06,R00006,000001225,15114097,2590.0,-67.86,2522.14,Nacional
Filial_Proview,07843328000208,72453,Visa,Crédito,Crédito Parcelado Lojista,2026-03-09 12:41,2026-03-09,2026-03,Negada,10,,000000,000001229,15114097,2300.0,0,0,N/A
Filial_Proview,07843328000208,72453,Visa,Crédito,Crédito Parcelado Lojista,2026-03-09 12:42,2026-03-09,2026-03,Negada,10,,000000,000001233,15114097,1800.0,0,0,N/A
Filial_Proview,07843328000208,72453,Mastercard,Crédito,Crédito Parcelado Lojista,2026-03-10 08:22,2026-03-10,2026-03,Aprovada,08,2026-04-09,938126,000001235,15114097,990.0,-25.94,964.06,Nacional
Filial_Proview,07843328000208,72453,Visa,Crédito,Crédito Parcelado Lojista,2026-03-10 11:18,2026-03-10,2026-03,Aprovada,04,2026-04-09,183049,000001239,15114097,440.0,-9.9,430.1,Nacional
Filial_Proview,07843328000208,72453,Visa,Crédito,Crédito Parcelado Lojista,2026-03-10 12:31,2026-03-10,2026-03,Aprovada,10,2026-04-09,027460,000001241,15114097,4500.0,-108.0,4392.0,Nacional
Filial_Proview,07843328000208,72453,Visa,Crédito,Crédito Parcelado Lojista,2026-03-10 15:13,2026-03-10,2026-03,Aprovada,04,2026-04-09,036918,000001243,15114097,2140.0,-48.15,2091.85,Nacional
Filial_Proview,07843328000208,72453,Mastercard,Crédito,Crédito Parcelado Lojista,2026-03-11 14:01,2026-03-11,2026-03,Aprovada,04,2026-04-10,2C9JGR,000001245,15114097,650.0,-15.67,634.33,Nacional
Filial_Proview,07843328000208,72453,Mastercard,Crédito,Crédito Parcelado Lojista,2026-03-12 08:46,2026-03-12,2026-03,Aprovada,10,2026-04-13,063893,000001249,15114097,2420.0,-63.4,2356.6,Nacional
Filial_Proview,07843328000208,72453,Mastercard,Crédito,Crédito Parcelado Lojista,2026-03-12 11:57,2026-03-12,2026-03,Aprovada,10,2026-04-13,T74798,112688565,EC055793,2889.0,-91.0,2798.0,Nacional
Filial_Proview,07843328000208,72453,Visa,Crédito,Crédito À Vista,2026-03-12 17:09,2026-03-12,2026-03,Aprovada,01,2026-04-13,E56EOQ,000001253,15114097,450.0,-8.55,441.45,Nacional
Filial_Proview,07843328000208,72453,Mastercard,Crédito,Crédito Parcelado Lojista,2026-03-13 14:18,2026-03-13,2026-03,Aprovada,07,2026-04-13,383846,000001255,15114097,1000.0,-26.2,973.8,Nacional
Filial_Proview,07843328000208,72453,Mastercard,Crédito,Crédito Parcelado Lojista,2026-03-19 14:22,2026-03-19,2026-03,Aprovada,10,2026-04-20,913358,000001259,15114097,1180.0,-30.92,1149.08,Nacional
Filial_Proview,07843328000208,72453,Mastercard,Crédito,Crédito Parcelado Lojista,2026-03-19 16:56,2026-03-19,2026-03,Aprovada,08,2026-04-20,741304,000001263,15114097,2550.0,-66.81,2483.19,Nacional
Filial_Proview,07843328000208,72453,Mastercard,Crédito,Crédito Parcelado Lojista,2026-03-20 13:16,2026-03-20,2026-03,Aprovada,10,2026-04-20,028731,000001265,15114097,1850.0,-48.47,1801.53,Nacional
Filial_Proview,07843328000208,72453,Mastercard,Crédito,Crédito Parcelado Lojista,2026-03-20 15:40,2026-03-20,2026-03,Aprovada,05,2026-04-20,905189,000001269,15114097,1250.0,-30.13,1219.87,Nacional
Filial_Proview,07843328000208,72453,Mastercard,Débito,Débito,2026-03-23 11:23,2026-03-23,2026-03,Aprovada,01,2026-03-24,M60440,000001271,15114097,1000.0,-13.0,987.0,Nacional
Filial_Proview,07843328000208,72453,Mastercard,Crédito,Crédito Parcelado Lojista,2026-03-24 14:30,2026-03-24,2026-03,Aprovada,05,2026-04-23,305868,000001275,15114097,800.0,-19.28,780.72,Nacional
Filial_Proview,07843328000208,72453,Visa,Crédito,Crédito Parcelado Lojista,2026-03-25 09:51,2026-03-25,2026-03,Aprovada,10,2026-04-24,436091,000001279,15114097,1725.0,-41.4,1683.6,Nacional
Filial_Proview,07843328000208,72453,Mastercard,Crédito,Crédito Parcelado Lojista,2026-03-25 11:00,2026-03-25,2026-03,Aprovada,04,2026-04-24,004664,000001283,15114097,450.0,-10.85,439.15,Nacional
Filial_Proview,07843328000208,72453,Visa,Crédito,Crédito Parcelado Lojista,2026-03-25 13:46,2026-03-25,2026-03,Aprovada,10,2026-04-24,662471,000001285,15114097,4500.0,-108.0,4392.0,Nacional
Filial_Proview,07843328000208,72453,Mastercard,Crédito,Crédito Parcelado Lojista,2026-03-25 14:45,2026-03-25,2026-03,Aprovada,10,2026-04-24,LOC1FW,000001287,15114097,2450.0,-64.19,2385.81,Nacional
Filial_Proview,07843328000208,72453,Mastercard,Crédito,Crédito À Vista,2026-03-25 15:43,2026-03-25,2026-03,Aprovada,01,2026-04-24,RRS9DT,000001289,15114097,3400.0,-64.6,3335.4,Nacional
Filial_Proview,07843328000208,72453,Mastercard,Crédito,Crédito Parcelado Lojista,2026-03-26 09:20,2026-03-26,2026-03,Aprovada,10,2026-04-27,000046,000001291,15114097,990.0,-25.94,964.06,Nacional
Filial_Proview,07843328000208,72453,Visa,Crédito,Crédito Parcelado Lojista,2026-03-26 10:55,2026-03-26,2026-03,Aprovada,06,2026-04-27,655157,000001293,15114097,2700.0,-60.75,2639.25,Nacional
Filial_Proview,07843328000208,72453,Mastercard,Crédito,Crédito Parcelado Lojista,2026-03-26 11:09,2026-03-26,2026-03,Aprovada,06,2026-04-27,712649,000001297,15114097,870.0,-20.97,849.03,Nacional
Filial_Proview,07843328000208,72453,Visa,Crédito,Crédito Parcelado Lojista,2026-03-26 11:22,2026-03-26,2026-03,Aprovada,10,2026-04-27,PYHAOT,000001299,15114097,1400.0,-33.6,1366.4,Nacional
Filial_Proview,07843328000208,72453,Mastercard,Crédito,Crédito Parcelado Lojista,2026-03-26 11:22,2026-03-26,2026-03,Aprovada,10,2026-04-27,625794,000001301,15114097,300.0,-7.86,292.14,Nacional
Filial_Proview,07843328000208,72453,Visa,Crédito,Crédito Parcelado Lojista,2026-03-26 13:36,2026-03-26,2026-03,Aprovada,03,2026-04-27,670541,000001303,15114097,1090.0,-24.53,1065.47,Nacional
Filial_Proview,07843328000208,72453,Visa,Crédito,Crédito Parcelado Lojista,2026-03-26 14:24,2026-03-26,2026-03,Aprovada,05,2026-04-27,921897,000001305,15114097,1500.0,-33.75,1466.25,Nacional
Filial_Proview,07843328000208,72453,Visa,Crédito,Crédito Parcelado Lojista,2026-03-26 16:12,2026-03-26,2026-03,Aprovada,03,2026-04-27,246617,000001307,15114097,370.0,-8.33,361.67,Nacional
Filial_Proview,07843328000208,72453,Mastercard,Crédito,Crédito Parcelado Lojista,2026-03-26 16:45,2026-03-26,2026-03,Aprovada,10,2026-04-27,452380,000001309,15114097,7000.0,-183.4,6816.6,Nacional
Filial_Proview,07843328000208,72453,Mastercard,Crédito,Crédito Parcelado Lojista,2026-03-27 09:39,2026-03-27,2026-03,Aprovada,08,2026-04-27,222838,000001311,15114097,2590.0,-67.86,2522.14,Nacional
Filial_Proview,07843328000208,72453,Mastercard,Crédito,Crédito Parcelado Lojista,2026-03-27 09:57,2026-03-27,2026-03,Aprovada,08,2026-04-27,063489,000001315,15114097,990.0,-25.94,964.06,Nacional
Filial_Proview,07843328000208,72453,Mastercard,Crédito,Crédito Parcelado Lojista,2026-03-27 10:15,2026-03-27,2026-03,Aprovada,05,2026-04-27,036076,000001317,15114097,1900.0,-45.79,1854.21,Nacional
Filial_Proview,07843328000208,72453,Visa,Crédito,Crédito Parcelado Lojista,2026-03-27 14:36,2026-03-27,2026-03,Aprovada,06,2026-04-27,364379,000001319,15114097,1200.0,-27.0,1173.0,Nacional
Filial_Proview,07843328000208,72453,Mastercard,Crédito,Crédito Parcelado Lojista,2026-03-27 15:32,2026-03-27,2026-03,Aprovada,05,2026-04-27,990394,000001321,15114097,5100.0,-122.91,4977.09,Nacional
Filial_Proview,07843328000208,72453,Visa,Crédito,Crédito Parcelado Lojista,2026-03-30 10:53,2026-03-30,2026-03,Aprovada,03,2026-04-29,065014,000001323,15114097,800.0,-18.0,782.0,Nacional
Filial_Proview,07843328000208,72453,Elo,Débito,Débito,2026-03-30 12:07,2026-03-30,2026-03,Aprovada,01,2026-03-31,921802,000001327,15114097,1400.0,-17.5,1382.5,Nacional
Filial_Proview,07843328000208,72453,Visa,Crédito,Crédito Parcelado Lojista,2026-03-30 12:08,2026-03-30,2026-03,Aprovada,10,2026-04-29,010673,000001329,15114097,1000.0,-24.0,976.0,Nacional
Filial_Proview,07843328000208,72453,Mastercard,Débito,Débito,2026-03-31 11:02,2026-03-31,2026-03,Aprovada,01,2026-04-01,3Y5lxF,000001331,15114097,15.0,-0.2,14.8,Nacional
Filial_Proview,07843328000208,72453,Visa,Crédito,Crédito Parcelado Lojista,2026-03-31 15:47,2026-03-31,2026-03,Aprovada,05,2026-04-30,680876,000001335,15114097,2500.0,-56.25,2443.75,Nacional
Filial_Proview,07843328000208,72453,Visa,Crédito,Crédito Parcelado Lojista,2026-03-31 16:14,2026-03-31,2026-03,Aprovada,10,2026-04-30,549032,000001337,15114097,2600.0,-62.4,2537.6,Nacional
Filial_Proview,07843328000208,72453,Visa,Crédito,Crédito Parcelado Lojista,2026-04-01 10:30,2026-04-01,2026-04,Negada,10,,000000,000001339,15114097,8960.0,0,0,N/A
Filial_Proview,07843328000208,72453,Mastercard,Crédito,Crédito Parcelado Lojista,2026-04-01 10:30,2026-04-01,2026-04,Aprovada,10,2026-05-04,YL038G,000001343,15114097,8690.0,-227.68,8462.32,Nacional
Filial_Proview,07843328000208,72453,Mastercard,Crédito,Crédito Parcelado Lojista,2026-04-01 11:54,2026-04-01,2026-04,Aprovada,05,2026-05-04,551568,000001345,15114097,1080.0,-26.03,1053.97,Nacional
Filial_Proview,07843328000208,72453,Mastercard,Crédito,Crédito Parcelado Lojista,2026-04-02 15:20,2026-04-02,2026-04,Aprovada,03,2026-05-04,R68262,000001347,15114097,450.0,-10.85,439.15,Nacional
Filial_Proview,07843328000208,72453,Visa,Crédito,Crédito Parcelado Lojista,2026-04-02 15:20,2026-04-02,2026-04,Aprovada,10,2026-05-04,610200,000001351,15114097,1400.0,-33.6,1366.4,Nacional
Filial_Proview,07843328000208,72453,Visa,Débito,Débito,2026-04-06 08:24,2026-04-06,2026-04,Aprovada,01,2026-04-07,130280,000001353,15114097,610.0,-7.63,602.37,Nacional
Filial_Proview,07843328000208,72453,Mastercard,Crédito,Crédito Parcelado Lojista,2026-04-06 14:17,2026-04-06,2026-04,Aprovada,10,2026-05-06,884259,000001357,15114097,3300.0,-86.46,3213.54,Nacional
Filial_Proview,07843328000208,72453,Mastercard,Crédito,Crédito Parcelado Lojista,2026-04-07 10:54,2026-04-07,2026-04,Aprovada,04,2026-05-07,225774,000001359,15114097,560.0,-13.5,546.5,Nacional
Filial_Proview,07843328000208,72453,Visa,Crédito,Crédito Parcelado Lojista,2026-04-07 12:25,2026-04-07,2026-04,Aprovada,04,2026-05-07,330110,000001363,15114097,870.0,-19.58,850.42,Nacional
Filial_Proview,07843328000208,72453,Mastercard,Crédito,Crédito Parcelado Lojista,2026-04-07 16:48,2026-04-07,2026-04,Aprovada,10,2026-05-07,039244,000001365,15114097,3600.0,-94.32,3505.68,Nacional
Filial_Proview,07843328000208,72453,Mastercard,Crédito,Crédito Parcelado Lojista,2026-04-08 09:01,2026-04-08,2026-04,Aprovada,10,2026-05-08,985005,000001367,15114097,1750.0,-45.85,1704.15,Nacional
Filial_Proview,07843328000208,72453,Mastercard,Crédito,Crédito Parcelado Lojista,2026-04-08 11:07,2026-04-08,2026-04,Aprovada,10,2026-05-08,113586,000001371,15114097,1900.0,-49.78,1850.22,Nacional
Filial_Proview,07843328000208,72453,Visa,Crédito,Crédito Parcelado Lojista,2026-04-08 11:53,2026-04-08,2026-04,Negada,10,,000000,000001373,15114097,2300.0,0,0,N/A
Filial_Proview,07843328000208,72453,Visa,Crédito,Crédito Parcelado Lojista,2026-04-08 11:53,2026-04-08,2026-04,Negada,10,,000000,000001375,15114097,1800.0,0,0,N/A
Filial_Proview,07843328000208,72453,Mastercard,Crédito,Crédito Parcelado Lojista,2026-04-09 09:00,2026-04-09,2026-04,Aprovada,10,2026-05-11,R17989,000001377,15114097,1280.0,-33.54,1246.46,Nacional
Filial_Proview,07843328000208,72453,Visa,Crédito,Crédito Parcelado Lojista,2026-04-10 12:21,2026-04-10,2026-04,Aprovada,06,2026-05-11,859592,000001381,15114097,3450.0,-77.63,3372.37,Nacional
Filial_Proview,07843328000208,72453,Mastercard,Crédito,Crédito Parcelado Lojista,2026-04-10 15:24,2026-04-10,2026-04,Aprovada,02,2026-05-11,548886,156454611,EC055793,300.0,-9.0,291.0,Nacional
Filial_Proview,07843328000208,72453,Mastercard,Crédito,Crédito Parcelado Lojista,2026-04-16 10:57,2026-04-16,2026-04,Aprovada,10,2026-05-18,066869,000001385,15114097,18790.0,-492.3,18297.7,Nacional
Filial_Proview,07843328000208,72453,Mastercard,Crédito,Crédito Parcelado Lojista,2026-04-16 13:17,2026-04-16,2026-04,Aprovada,10,2026-05-18,HDPURO,000001389,15114097,1400.0,-36.68,1363.32,Nacional
Filial_Proview,07843328000208,72453,Visa,Crédito,Crédito Parcelado Lojista,2026-04-17 15:43,2026-04-17,2026-04,Aprovada,10,2026-05-18,IBYGWG,000001391,15114097,1500.0,-36.0,1464.0,Nacional
Filial_Proview,07843328000208,72453,Visa,Crédito,Crédito Parcelado Lojista,2026-04-22 15:17,2026-04-22,2026-04,Aprovada,10,2026-05-25,050717,156133841,EC055793,3900.0,-122.85,3777.15,Nacional
Filial_Proview,07843328000208,72453,Mastercard,Crédito,Crédito Parcelado Lojista,2026-04-22 15:51,2026-04-22,2026-04,Aprovada,10,2026-05-25,897859,152128465,EC055793,2480.0,-78.12,2401.88,Nacional
Filial_Proview,07843328000208,72453,Mastercard,Crédito,Crédito Parcelado Lojista,2026-04-22 15:55,2026-04-22,2026-04,Aprovada,10,2026-05-22,092975,000001395,15114097,1400.0,-36.68,1363.32,Nacional
Filial_Proview,07843328000208,72453,Mastercard,Crédito,Crédito Parcelado Lojista,2026-04-22 16:45,2026-04-22,2026-04,Aprovada,10,2026-05-22,840032,000001399,15114097,1100.0,-28.82,1071.18,Nacional
Filial_Proview,07843328000208,72453,Mastercard,Débito,Débito,2026-04-23 15:20,2026-04-23,2026-04,Aprovada,01,2026-04-24,M53397,000001401,15114097,2575.0,-33.48,2541.52,Nacional
Filial_Proview,07843328000208,72453,Visa,Crédito,Crédito Parcelado Lojista,2026-04-24 09:12,2026-04-24,2026-04,Aprovada,10,2026-05-25,122669,000001405,15114097,1000.0,-24.0,976.0,Nacional
Filial_Proview,07843328000208,72453,Mastercard,Crédito,Crédito Parcelado Lojista,2026-04-24 09:12,2026-04-24,2026-04,Aprovada,10,2026-05-25,130659,000001409,15114097,1000.0,-26.2,973.8,Nacional
Filial_Proview,07843328000208,72453,Visa,Crédito,Crédito Parcelado Lojista,2026-04-28 11:03,2026-04-28,2026-04,Negada,10,,000000,000001411,15114097,1900.0,0,0,N/A
Filial_Proview,07843328000208,72453,Elo,Crédito,Crédito Parcelado Lojista,2026-04-28 11:06,2026-04-28,2026-04,Aprovada,10,2026-05-28,282524,000001415,15114097,1900.0,-45.6,1854.4,Nacional
Filial_Proview,07843328000208,72453,Visa,Crédito,Crédito À Vista,2026-04-28 17:01,2026-04-28,2026-04,Aprovada,01,2026-05-28,368596,000001417,15114097,1750.0,-33.25,1716.75,Nacional
Filial_Proview,07843328000208,72453,Mastercard,Crédito,Crédito Parcelado Lojista,2026-04-29 16:17,2026-04-29,2026-04,Aprovada,07,2026-05-29,006602,000001419,15114097,1400.0,-36.68,1363.32,Nacional
Filial_Proview,07843328000208,72453,Visa,Crédito,Crédito Parcelado Lojista,2026-04-30 10:33,2026-04-30,2026-04,Negada,03,,000000,000001423,15114097,450.0,0,0,N/A
Filial_Proview,07843328000208,72453,Visa,Crédito,Crédito Parcelado Lojista,2026-04-30 10:34,2026-04-30,2026-04,Aprovada,03,2026-06-01,861771,000001427,15114097,450.0,-10.13,439.87,Nacional
Filial_Proview,07843328000208,72453,Visa,Crédito,Crédito Parcelado Lojista,2026-04-30 13:26,2026-04-30,2026-04,Aprovada,03,2026-06-01,662354,000001429,15114097,750.0,-16.88,733.12,Nacional
Filial_Proview,07843328000208,72453,Mastercard,Crédito,Crédito Parcelado Lojista,2026-04-30 13:49,2026-04-30,2026-04,Aprovada,03,2026-06-01,174850,000001431,15114097,750.0,-18.08,731.92,Nacional
Filial_Proview,07843328000208,72453,Visa,Crédito,Crédito Parcelado Lojista,2026-04-30 15:13,2026-04-30,2026-04,Aprovada,08,2026-06-01,634628,000001433,15114097,1790.0,-42.96,1747.04,Nacional
Filial_Proview,07843328000208,72453,Mastercard,Crédito,Crédito Parcelado Lojista,2026-04-30 16:48,2026-04-30,2026-04,Aprovada,04,2026-06-01,069268,000001435,15114097,6590.0,-158.82,6431.18,Nacional
Filial_Proview,07843328000208,72453,Mastercard,Crédito,Crédito Parcelado Lojista,2026-05-04 10:33,2026-05-04,2026-05,Aprovada,10,2026-06-03,031345,000001437,15114097,3290.0,-86.2,3203.8,Nacional
Filial_Proview,07843328000208,72453,Mastercard,Crédito,Crédito Parcelado Lojista,2026-05-05 11:25,2026-05-05,2026-05,Negada,10,,000000,000001441,15114097,1500.0,0,0,N/A
Filial_Proview,07843328000208,72453,Mastercard,Crédito,Crédito Parcelado Lojista,2026-05-05 11:26,2026-05-05,2026-05,Aprovada,10,2026-06-05,015188,000001445,15114097,1500.0,-39.3,1460.7,Nacional
Filial_Proview,07843328000208,72453,Visa,Crédito,Crédito Parcelado Lojista,2026-05-05 13:18,2026-05-05,2026-05,Aprovada,10,2026-06-05,736033,000001447,15114097,1240.0,-29.76,1210.24,Nacional
Filial_Proview,07843328000208,72453,Mastercard,Crédito,Crédito Parcelado Lojista,2026-05-05 16:25,2026-05-05,2026-05,Aprovada,10,2026-06-05,253454,000001449,15114097,2389.0,-62.59,2326.41,Nacional
Filial_Proview,07843328000208,72453,Mastercard,Débito,Débito,2026-05-06 14:25,2026-05-06,2026-05,Aprovada,01,2026-05-07,030725,000001451,15114097,200.0,-2.6,197.4,Nacional
Filial_Proview,07843328000208,72453,Visa,Crédito,Crédito Parcelado Lojista,2026-05-07 12:38,2026-05-07,2026-05,Aprovada,06,2026-06-08,681246,000001455,15114097,3995.0,-89.89,3905.11,Nacional
Filial_Proview,07843328000208,72453,Visa,Crédito,Crédito Parcelado Lojista,2026-05-07 14:48,2026-05-07,2026-05,Negada,04,,000000,000001459,15114097,300.0,0,0,N/A
Filial_Proview,07843328000208,72453,Visa,Crédito,Crédito Parcelado Lojista,2026-05-07 14:51,2026-05-07,2026-05,Aprovada,04,2026-06-08,735328,000001461,15114097,270.0,-6.08,263.92,Nacional
Filial_Proview,07843328000208,72453,Visa,Crédito,Crédito Parcelado Lojista,2026-05-07 16:25,2026-05-07,2026-05,Aprovada,10,2026-06-08,178530,000001463,15114097,3890.0,-93.36,3796.64,Nacional
Filial_Proview,07843328000208,72453,Elo,Crédito,Crédito Parcelado Lojista,2026-05-08 08:45,2026-05-08,2026-05,Aprovada,10,2026-06-08,475603,000001465,15114097,1790.0,-42.96,1747.04,Nacional
Filial_Proview,07843328000208,72453,Mastercard,Débito,Débito,2026-05-08 09:30,2026-05-08,2026-05,Aprovada,01,2026-05-11,M51696,000001469,15114097,3595.0,-46.74,3548.26,Nacional
Filial_Proview,07843328000208,72453,Mastercard,Crédito,Crédito Parcelado Lojista,2026-05-08 09:43,2026-05-08,2026-05,Negada,04,,000000,000001471,15114097,450.0,0,0,N/A
Filial_Proview,07843328000208,72453,Mastercard,Crédito,Crédito Parcelado Lojista,2026-05-08 09:44,2026-05-08,2026-05,Negada,04,,000000,000001473,15114097,450.0,0,0,N/A
Filial_Proview,07843328000208,72453,Mastercard,Crédito,Crédito Parcelado Lojista,2026-05-08 09:44,2026-05-08,2026-05,Negada,04,,000000,000001475,15114097,450.0,0,0,N/A
Filial_Proview,07843328000208,72453,Mastercard,Crédito,Crédito Parcelado Lojista,2026-05-08 09:45,2026-05-08,2026-05,Aprovada,04,2026-06-08,090206,000001477,15114097,450.0,-10.85,439.15,Nacional
Filial_Proview,07843328000208,72453,Visa,Crédito,Crédito Parcelado Lojista,2026-05-11 09:35,2026-05-11,2026-05,Aprovada,04,2026-06-10,328067,000001479,15114097,1900.0,-42.75,1857.25,Nacional
Filial_Proview,07843328000208,72453,Mastercard,Crédito,Crédito À Vista,2026-05-11 09:36,2026-05-11,2026-05,Aprovada,01,2026-06-10,017875,000001483,15114097,900.0,-17.1,882.9,Nacional
Filial_Proview,07843328000208,72453,Visa,Crédito,Crédito Parcelado Lojista,2026-05-13 11:14,2026-05-13,2026-05,Aprovada,08,2026-06-12,788978,000001485,15114097,1600.0,-38.4,1561.6,Nacional
Filial_Proview,07843328000208,72453,Visa,Crédito,Crédito Parcelado Lojista,2026-05-13 11:16,2026-05-13,2026-05,Aprovada,03,2026-06-12,802945,000001489,15114097,1200.0,-27.0,1173.0,Nacional
Filial_Proview,07843328000208,72453,Mastercard,Crédito,Crédito Parcelado Lojista,2026-05-13 15:29,2026-05-13,2026-05,Aprovada,08,2026-06-12,178072,000001491,15114097,1290.0,-33.8,1256.2,Nacional
Filial_Proview,07843328000208,72453,Mastercard,Crédito,Crédito Parcelado Lojista,2026-05-13 16:45,2026-05-13,2026-05,Aprovada,03,2026-06-12,286351,000001493,15114097,450.0,-10.85,439.15,Nacional
Filial_Proview,07843328000208,72453,Mastercard,Crédito,Crédito Parcelado Lojista,2026-05-14 11:21,2026-05-14,2026-05,Aprovada,02,2026-06-15,782742,000001495,15114097,450.0,-10.85,439.15,Nacional
Filial_Proview,07843328000208,72453,Visa,Crédito,Crédito Parcelado Lojista,2026-05-14 11:26,2026-05-14,2026-05,Aprovada,04,2026-06-15,AXSJ6R,000001499,15114097,1000.0,-22.5,977.5,Nacional
Filial_Proview,07843328000208,72453,Mastercard,Crédito,Crédito Parcelado Lojista,2026-05-14 14:40,2026-05-14,2026-05,Aprovada,10,2026-06-15,089296,000001501,15114097,900.0,-23.58,876.42,Nacional
Filial_Proview,07843328000208,72453,Visa,Débito,Débito,2026-05-15 10:26,2026-05-15,2026-05,Aprovada,01,2026-05-18,126091,000001503,15114097,3000.0,-37.5,2962.5,Nacional
Filial_Proview,07843328000208,72453,Mastercard,Crédito,Crédito Parcelado Lojista,2026-05-19 08:34,2026-05-19,2026-05,Aprovada,05,2026-06-18,R59687,000001507,15114097,1300.0,-31.33,1268.67,Nacional
Filial_Proview,07843328000208,72453,Mastercard,Crédito,Crédito À Vista,2026-05-19 09:09,2026-05-19,2026-05,Estornada,01,2026-06-18,079116,000001511,15114097,200.0,-3.8,196.2,Nacional
Filial_Proview,07843328000208,72453,Mastercard,Crédito,Crédito Parcelado Lojista,2026-05-19 09:12,2026-05-19,2026-05,Aprovada,10,2026-06-18,007120,000001515,15114097,1500.0,-39.3,1460.7,Nacional
Filial_Proview,07843328000208,72453,Mastercard,Débito,Débito,2026-05-19 09:13,2026-05-19,2026-05,Aprovada,01,2026-05-20,306892,000001517,15114097,200.0,-2.6,197.4,Nacional
Filial_Proview,07843328000208,72453,Mastercard,Crédito,Crédito Parcelado Lojista,2026-05-19 16:31,2026-05-19,2026-05,Aprovada,08,2026-06-18,802034,000001519,15114097,3600.0,-94.32,3505.68,Nacional
Filial_Proview,07843328000208,72453,Mastercard,Crédito,Crédito À Vista,2026-05-20 12:17,2026-05-20,2026-05,Aprovada,01,2026-06-19,041158,000001521,15114097,600.0,-11.4,588.6,Nacional
Filial_Proview,07843328000208,72453,Mastercard,Crédito,Crédito Parcelado Lojista,2026-05-20 17:39,2026-05-20,2026-05,Aprovada,06,2026-06-19,882731,000001525,15114097,850.0,-20.49,829.51,Nacional
Filial_Proview,07843328000208,72453,Visa,Crédito,Crédito Parcelado Lojista,2026-05-21 09:58,2026-05-21,2026-05,Aprovada,05,2026-06-22,039296,000001527,15114097,3450.0,-77.63,3372.37,Nacional
Filial_Proview,07843328000208,72453,Mastercard,Crédito,Crédito Parcelado Lojista,2026-05-21 12:01,2026-05-21,2026-05,Aprovada,10,2026-06-22,R79780,000001531,15114097,1950.0,-51.09,1898.91,Nacional
Filial_Proview,07843328000208,72453,Mastercard,Crédito,Crédito Parcelado Lojista,2026-05-21 14:21,2026-05-21,2026-05,Aprovada,08,2026-06-22,BASOTG,145986283,EC055793,800.0,-25.2,774.8,Nacional
Filial_Proview,07843328000208,72453,Mastercard,Crédito,Crédito Parcelado Lojista,2026-05-22 10:24,2026-05-22,2026-05,Aprovada,03,2026-06-22,R22891,000001533,15114097,1980.0,-47.72,1932.28,Nacional
Filial_Proview,07843328000208,72453,Mastercard,Crédito,Crédito Parcelado Lojista,2026-05-22 11:52,2026-05-22,2026-05,Aprovada,10,2026-06-22,R72455,000001537,15114097,2430.0,-63.67,2366.33,Nacional
Filial_Proview,07843328000208,72453,Mastercard,Crédito,Crédito Parcelado Lojista,2026-05-26 10:09,2026-05-26,2026-05,Aprovada,03,2026-06-25,465939,000001539,15114097,400.0,-9.64,390.36,Nacional
Filial_Proview,07843328000208,72453,Visa,Crédito,Crédito Parcelado Lojista,2026-05-26 17:57,2026-05-26,2026-05,Negada,10,,00000000,177289095,EC055793,4600.0,0,0,N/A
Filial_Proview,07843328000208,72453,Visa,Crédito,Crédito Parcelado Lojista,2026-05-27 10:40,2026-05-27,2026-05,Aprovada,10,2026-06-26,061823,000001543,15114097,1700.0,-40.8,1659.2,Nacional
Filial_Proview,07843328000208,72453,Visa,Débito,Débito,2026-05-27 11:05,2026-05-27,2026-05,Aprovada,01,2026-05-28,139951,000001547,15114097,2000.0,-25.0,1975.0,Nacional
Filial_Proview,07843328000208,72453,Visa,Crédito,Crédito Parcelado Lojista,2026-05-27 12:56,2026-05-27,2026-05,Negada,10,,00000000,126517691,EC055793,4600.0,0,0,N/A
Filial_Proview,07843328000208,72453,Visa,Crédito,Crédito Parcelado Lojista,2026-05-28 15:59,2026-05-28,2026-05,Aprovada,10,2026-06-29,594577,000001549,15114097,1100.0,-26.4,1073.6,Nacional
Filial_Proview,07843328000208,72453,Visa,Crédito,Crédito Parcelado Lojista,2026-05-29 09:51,2026-05-29,2026-05,Aprovada,10,2026-06-29,243626,000001553,15114097,4600.0,-110.4,4489.6,Nacional
Filial_Proview,07843328000208,72453,Visa,Crédito,Crédito Parcelado Lojista,2026-05-29 11:20,2026-05-29,2026-05,Aprovada,05,2026-06-29,758061,000001557,15114097,3400.0,-76.5,3323.5,Nacional
Filial_Proview,07843328000208,72453,Mastercard,Crédito,Crédito Parcelado Lojista,2026-05-29 11:30,2026-05-29,2026-05,Aprovada,10,2026-06-29,R77467,000001559,15114097,3300.0,-86.46,3213.54,Nacional
Filial_Proview,07843328000208,72453,Mastercard,Crédito,Crédito Parcelado Lojista,2026-05-30 10:59,2026-05-30,2026-05,Aprovada,06,2026-06-29,142913,000001561,15114097,3000.0,-72.3,2927.7,Nacional
Filial_Proview,07843328000208,72453,Visa,Crédito,Crédito Parcelado Lojista,2026-06-02 11:12,2026-06-02,2026-06,Aprovada,10,,125862,000001565,15114097,7380.0,0,0,N/A
Oticas_BH,18960845000194,147098,Visa,Crédito,Crédito Parcelado Lojista,2025-01-06 11:41,2025-01-06,2025-01,Negada,06,,000000,000001279,14490157,1000.0,0,0,N/A
Oticas_BH,18960845000194,147098,Visa,Crédito,Crédito Parcelado Lojista,2025-01-06 11:43,2025-01-06,2025-01,Aprovada,06,2025-02-06,944791,000001283,14490157,1000.0,-22.5,977.5,Nacional
Oticas_BH,18960845000194,147098,Mastercard,Crédito,Crédito À Vista,2025-01-07 08:54,2025-01-07,2025-01,Aprovada,01,2025-02-07,741258,000001285,14490157,1200.0,-22.8,1177.2,Nacional
Oticas_BH,18960845000194,147098,Mastercard,Crédito,Crédito Parcelado Lojista,2025-01-07 13:19,2025-01-07,2025-01,Aprovada,02,2025-02-07,005861,000001289,14490157,290.0,-6.96,283.04,Nacional
Oticas_BH,18960845000194,147098,Visa,Crédito,Crédito Parcelado Lojista,2025-01-07 14:02,2025-01-07,2025-01,Aprovada,10,2025-02-07,623687,000001291,14490157,1700.0,-40.8,1659.2,Nacional
Oticas_BH,18960845000194,147098,Mastercard,Débito,Débito,2025-01-07 14:29,2025-01-07,2025-01,Aprovada,01,2025-01-08,M71543,000001293,14490157,4300.0,-55.9,4244.1,Nacional
Oticas_BH,18960845000194,147098,Visa,Crédito,Crédito Parcelado Lojista,2025-01-07 15:08,2025-01-07,2025-01,Aprovada,06,2025-02-07,014778,000001295,14490157,3600.0,-81.0,3519.0,Nacional
Oticas_BH,18960845000194,147098,Visa,Crédito,Crédito Parcelado Lojista,2025-01-07 17:30,2025-01-07,2025-01,Aprovada,10,2025-02-07,032307,000001297,14490157,4850.0,-116.4,4733.6,Nacional
Oticas_BH,18960845000194,147098,Visa,Débito,Débito,2025-01-08 09:57,2025-01-08,2025-01,Aprovada,01,2025-01-09,135892,000001299,14490157,1700.0,-21.25,1678.75,Nacional
Oticas_BH,18960845000194,147098,Visa,Débito,Débito,2025-01-08 11:48,2025-01-08,2025-01,Aprovada,01,2025-01-09,8MOEZO,000001303,14490157,640.0,-8.0,632.0,Nacional pré pago
Oticas_BH,18960845000194,147098,Elo,Crédito,Crédito Parcelado Lojista,2025-01-08 14:57,2025-01-08,2025-01,Negada,10,,000000,000001305,14490157,2030.0,0,0,N/A
Oticas_BH,18960845000194,147098,Elo,Crédito,Crédito Parcelado Lojista,2025-01-08 14:58,2025-01-08,2025-01,Negada,10,,000000,000001307,14490157,2030.0,0,0,N/A
Oticas_BH,18960845000194,147098,Visa,Débito,Débito,2025-01-08 15:00,2025-01-08,2025-01,Aprovada,01,2025-01-09,275263,000001309,14490157,200.0,-2.5,197.5,Nacional
Oticas_BH,18960845000194,147098,Mastercard,Crédito,Crédito Parcelado Lojista,2025-01-08 16:56,2025-01-08,2025-01,Aprovada,06,2025-02-10,371136,000001311,14490157,980.0,-23.52,956.48,Nacional
Oticas_BH,18960845000194,147098,Visa,Débito,Débito,2025-01-09 11:41,2025-01-09,2025-01,Aprovada,01,2025-01-10,142092,000001313,14490157,600.0,-7.5,592.5,Nacional
Oticas_BH,18960845000194,147098,Elo,Crédito,Crédito Parcelado Lojista,2025-01-09 11:41,2025-01-09,2025-01,Aprovada,10,2025-02-10,538122,000001317,14490157,1790.0,-42.96,1747.04,Nacional
Oticas_BH,18960845000194,147098,Visa,Crédito,Crédito Parcelado Lojista,2025-01-09 14:15,2025-01-09,2025-01,Aprovada,06,2025-02-10,016551,000001319,14490157,2620.0,-58.95,2561.05,Nacional
Oticas_BH,18960845000194,147098,Mastercard,Crédito,Crédito Parcelado Lojista,2025-01-10 08:17,2025-01-10,2025-01,Aprovada,04,2025-02-10,R86953,000001321,14490157,790.0,-18.96,771.04,Nacional
Oticas_BH,18960845000194,147098,Visa,Crédito,Crédito À Vista,2025-01-10 09:31,2025-01-10,2025-01,Aprovada,01,2025-02-10,615582,000001325,14490157,600.0,-11.4,588.6,Nacional
Oticas_BH,18960845000194,147098,Mastercard,Crédito,Crédito Parcelado Lojista,2025-01-10 11:18,2025-01-10,2025-01,Aprovada,06,2025-02-10,R06967,000001327,14490157,550.0,-13.2,536.8,Nacional
Oticas_BH,18960845000194,147098,Visa,Crédito,Crédito Parcelado Lojista,2025-01-10 15:12,2025-01-10,2025-01,Aprovada,10,2025-02-10,131463,000001329,14490157,3650.0,-87.6,3562.4,Nacional
Oticas_BH,18960845000194,147098,Mastercard,Crédito,Crédito Parcelado Lojista,2025-01-10 15:32,2025-01-10,2025-01,Aprovada,10,2025-02-10,072547,000001331,14490157,3300.0,-86.13,3213.87,Nacional
Oticas_BH,18960845000194,147098,Mastercard,Crédito,Crédito Parcelado Lojista,2025-01-10 17:09,2025-01-10,2025-01,Negada,10,,000000,000001333,14490157,1720.0,0,0,N/A
Oticas_BH,18960845000194,147098,Mastercard,Crédito,Crédito Parcelado Lojista,2025-01-10 17:10,2025-01-10,2025-01,Aprovada,10,2025-02-10,560650,000001335,14490157,1720.0,-44.89,1675.11,Nacional
Oticas_BH,18960845000194,147098,Mastercard,Crédito,Crédito Parcelado Lojista,2025-01-10 17:19,2025-01-10,2025-01,Aprovada,05,2025-02-10,R02794,000001337,14490157,1790.0,-42.96,1747.04,Nacional
Oticas_BH,18960845000194,147098,Mastercard,Crédito,Crédito Parcelado Lojista,2025-01-14 08:44,2025-01-14,2025-01,Aprovada,06,2025-02-14,955831,000001339,14490157,1600.0,-38.4,1561.6,Nacional
Oticas_BH,18960845000194,147098,Mastercard,Crédito,Crédito Parcelado Lojista,2025-01-14 11:56,2025-01-14,2025-01,Aprovada,10,2025-02-14,034197,000001343,14490157,2000.0,-52.2,1947.8,Nacional
Oticas_BH,18960845000194,147098,Elo,Débito,Débito,2025-01-14 11:57,2025-01-14,2025-01,Aprovada,01,2025-01-15,937816,000001345,14490157,900.0,-11.25,888.75,Nacional
Oticas_BH,18960845000194,147098,Mastercard,Débito,Débito,2025-01-15 11:46,2025-01-15,2025-01,Aprovada,01,2025-01-16,M59908,000001347,14490157,175.0,-2.28,172.72,Nacional
Oticas_BH,18960845000194,147098,Visa,Crédito,Crédito Parcelado Lojista,2025-01-16 10:09,2025-01-16,2025-01,Aprovada,03,2025-02-17,693844,000001351,14490157,440.0,-9.9,430.1,Nacional
Oticas_BH,18960845000194,147098,Mastercard,Crédito,Crédito Parcelado Lojista,2025-01-16 10:36,2025-01-16,2025-01,Aprovada,03,2025-02-17,001409,000001355,14490157,900.0,-21.6,878.4,Nacional
Oticas_BH,18960845000194,147098,Visa,Crédito,Crédito Parcelado Lojista,2025-01-16 14:47,2025-01-16,2025-01,Aprovada,04,2025-02-17,673816,000001357,14490157,700.0,-15.75,684.25,Nacional
Oticas_BH,18960845000194,147098,Mastercard,Crédito,Crédito Parcelado Lojista,2025-01-17 14:22,2025-01-17,2025-01,Aprovada,10,2025-02-17,074302,000001359,14490157,1220.0,-31.84,1188.16,Nacional
Oticas_BH,18960845000194,147098,Visa,Crédito,Crédito Parcelado Lojista,2025-01-20 14:27,2025-01-20,2025-01,Aprovada,06,2025-02-20,674499,000001363,14490157,1090.0,-24.53,1065.47,Nacional
Oticas_BH,18960845000194,147098,Mastercard,Crédito,Crédito Parcelado Lojista,2025-01-21 09:05,2025-01-21,2025-01,Aprovada,10,2025-02-21,522303,000001367,14490157,2090.0,-54.55,2035.45,Nacional
Oticas_BH,18960845000194,147098,Visa,Débito,Débito,2025-01-21 09:57,2025-01-21,2025-01,Aprovada,01,2025-01-22,821783,000001371,14490157,200.0,-2.5,197.5,Nacional
Oticas_BH,18960845000194,147098,Mastercard,Crédito,Crédito Parcelado Lojista,2025-01-21 10:25,2025-01-21,2025-01,Negada,10,,00000000,104488090,EG551985,2580.0,0,0,N/A
Oticas_BH,18960845000194,147098,Visa,Crédito,Crédito Parcelado Lojista,2025-01-21 10:49,2025-01-21,2025-01,Aprovada,10,2025-02-21,062665,000001373,14490157,1980.0,-47.52,1932.48,Nacional
Oticas_BH,18960845000194,147098,Visa,Crédito,Crédito Parcelado Lojista,2025-01-21 11:02,2025-01-21,2025-01,Aprovada,08,2025-02-21,040353,000001375,14490157,940.0,-22.56,917.44,Nacional
Oticas_BH,18960845000194,147098,Visa,Crédito,Crédito Parcelado Lojista,2025-01-21 15:33,2025-01-21,2025-01,Aprovada,08,2025-02-21,643631,000001377,14490157,1620.0,-38.88,1581.12,Nacional
Oticas_BH,18960845000194,147098,Mastercard,Crédito,Crédito Parcelado Lojista,2025-01-21 16:19,2025-01-21,2025-01,Negada,10,,000000,000001379,14490157,2350.0,0,0,N/A
Oticas_BH,18960845000194,147098,Mastercard,Crédito,Crédito Parcelado Lojista,2025-01-21 16:20,2025-01-21,2025-01,Aprovada,10,2025-02-21,R07142,000001381,14490157,2350.0,-61.34,2288.66,Nacional
Oticas_BH,18960845000194,147098,Mastercard,Crédito,Crédito Parcelado Lojista,2025-01-23 08:58,2025-01-23,2025-01,Aprovada,03,2025-02-24,068137,000001383,14490157,1380.0,-33.12,1346.88,Nacional
Oticas_BH,18960845000194,147098,Mastercard,Crédito,Crédito Parcelado Lojista,2025-01-23 09:41,2025-01-23,2025-01,Aprovada,05,2025-02-24,036919,000001387,14490157,800.0,-19.2,780.8,Nacional
Oticas_BH,18960845000194,147098,Visa,Débito,Débito,2025-01-23 09:47,2025-01-23,2025-01,Aprovada,01,2025-01-24,474469,000001389,14490157,440.0,-5.5,434.5,Nacional
Oticas_BH,18960845000194,147098,Visa,Crédito,Crédito Parcelado Lojista,2025-01-23 10:38,2025-01-23,2025-01,Aprovada,10,2025-02-24,065903,000001391,14490157,3650.0,-87.6,3562.4,Nacional
Oticas_BH,18960845000194,147098,Mastercard,Crédito,Crédito Parcelado Lojista,2025-01-23 11:17,2025-01-23,2025-01,Aprovada,10,2025-02-24,947260,000001393,14490157,2190.0,-57.16,2132.84,Nacional
Oticas_BH,18960845000194,147098,Visa,Débito,Débito,2025-01-23 13:45,2025-01-23,2025-01,Aprovada,01,2025-01-24,870973,000001395,14490157,70.0,-0.88,69.12,Nacional
Oticas_BH,18960845000194,147098,Mastercard,Débito,Débito,2025-01-23 15:23,2025-01-23,2025-01,Aprovada,01,2025-01-24,241163,000001397,14490157,50.0,-0.65,49.35,Nacional
Oticas_BH,18960845000194,147098,Visa,Crédito,Crédito À Vista,2025-01-23 17:15,2025-01-23,2025-01,Aprovada,01,2025-02-24,660441,000001399,14490157,20.0,-0.38,19.62,Nacional
Oticas_BH,18960845000194,147098,Visa,Crédito,Crédito Parcelado Lojista,2025-01-24 09:42,2025-01-24,2025-01,Aprovada,10,2025-02-24,065915,000001401,14490157,855.0,-20.52,834.48,Nacional
Oticas_BH,18960845000194,147098,Elo,Crédito,Crédito Parcelado Lojista,2025-01-24 11:09,2025-01-24,2025-01,Aprovada,10,2025-02-24,601474,000001405,14490157,3400.0,-81.6,3318.4,Nacional
Oticas_BH,18960845000194,147098,Visa,Crédito,Crédito Parcelado Lojista,2025-01-24 12:45,2025-01-24,2025-01,Aprovada,05,2025-02-24,353376,000001407,14490157,1400.0,-31.5,1368.5,Nacional
Oticas_BH,18960845000194,147098,Visa,Crédito,Crédito Parcelado Lojista,2025-01-24 16:17,2025-01-24,2025-01,Aprovada,10,2025-02-24,354986,000001409,14490157,2100.0,-50.4,2049.6,Nacional
Oticas_BH,18960845000194,147098,Visa,Débito,Débito,2025-01-24 16:28,2025-01-24,2025-01,Aprovada,01,2025-01-27,806482,000001411,14490157,4980.0,-62.25,4917.75,Nacional
Oticas_BH,18960845000194,147098,Visa,Crédito,Crédito Parcelado Lojista,2025-01-24 18:16,2025-01-24,2025-01,Aprovada,04,2025-02-24,079951,000001413,14490157,1590.0,-35.78,1554.22,Nacional
Oticas_BH,18960845000194,147098,Visa,Débito,Débito,2025-01-28 09:27,2025-01-28,2025-01,Aprovada,01,2025-01-29,754177,000001415,14490157,2400.0,-30.0,2370.0,Nacional
Oticas_BH,18960845000194,147098,Mastercard,Crédito,Crédito Parcelado Lojista,2025-01-28 10:05,2025-01-28,2025-01,Aprovada,03,2025-02-28,888106,000001419,14490157,790.0,-18.96,771.04,Nacional
Oticas_BH,18960845000194,147098,Mastercard,Crédito,Crédito Parcelado Lojista,2025-01-28 10:36,2025-01-28,2025-01,Aprovada,08,2025-02-28,837417,000001421,14490157,918.0,-23.96,894.04,Nacional
Oticas_BH,18960845000194,147098,Mastercard,Crédito,Crédito Parcelado Lojista,2025-01-28 10:43,2025-01-28,2025-01,Negada,04,,000000,000001423,14490157,2100.0,0,0,N/A
Oticas_BH,18960845000194,147098,Visa,Crédito,Crédito Parcelado Lojista,2025-01-28 10:44,2025-01-28,2025-01,Aprovada,04,2025-02-28,156284,000001425,14490157,2100.0,-47.25,2052.75,Nacional
Oticas_BH,18960845000194,147098,Mastercard,Crédito,Crédito Parcelado Lojista,2025-01-28 10:45,2025-01-28,2025-01,Aprovada,03,2025-02-28,454666,000001427,14490157,2100.0,-50.4,2049.6,Nacional
Oticas_BH,18960845000194,147098,Visa,Crédito,Crédito Parcelado Lojista,2025-01-28 11:51,2025-01-28,2025-01,Aprovada,10,2025-02-28,057324,000001429,14490157,2050.0,-49.2,2000.8,Nacional
Oticas_BH,18960845000194,147098,Visa,Crédito,Crédito Parcelado Lojista,2025-01-28 13:10,2025-01-28,2025-01,Aprovada,03,2025-02-28,029932,000001431,14490157,790.0,-17.78,772.22,Nacional
Oticas_BH,18960845000194,147098,Mastercard,Crédito,Crédito Parcelado Lojista,2025-01-28 14:55,2025-01-28,2025-01,Aprovada,10,2025-02-28,093810,000001433,14490157,2580.0,-67.34,2512.66,Nacional
Oticas_BH,18960845000194,147098,Mastercard,Crédito,Crédito Parcelado Lojista,2025-01-28 15:54,2025-01-28,2025-01,Aprovada,06,2025-02-28,092963,000001435,14490157,690.0,-16.56,673.44,Nacional
Oticas_BH,18960845000194,147098,Mastercard,Crédito,Crédito Parcelado Lojista,2025-01-29 08:30,2025-01-29,2025-01,Aprovada,10,2025-03-05,312549,000001437,14490157,1830.0,-47.76,1782.24,Nacional
Oticas_BH,18960845000194,147098,Visa,Crédito,Crédito Parcelado Lojista,2025-01-29 09:18,2025-01-29,2025-01,Aprovada,10,2025-03-05,740349,000001441,14490157,1890.0,-45.36,1844.64,Nacional
Oticas_BH,18960845000194,147098,Mastercard,Crédito,Crédito Parcelado Lojista,2025-01-29 09:52,2025-01-29,2025-01,Aprovada,10,2025-03-05,093396,000001443,14490157,1550.0,-40.46,1509.54,Nacional
Oticas_BH,18960845000194,147098,Elo,Débito,Débito,2025-01-29 10:39,2025-01-29,2025-01,Aprovada,01,2025-01-30,114423,000001445,14490157,2700.0,-33.75,2666.25,Nacional
Oticas_BH,18960845000194,147098,Elo,Crédito,Crédito Parcelado Lojista,2025-01-29 10:40,2025-01-29,2025-01,Aprovada,10,2025-03-05,126460,000001447,14490157,3975.0,-95.4,3879.6,Nacional
Oticas_BH,18960845000194,147098,Mastercard,Crédito,Crédito Parcelado Lojista,2025-01-29 11:11,2025-01-29,2025-01,Aprovada,10,2025-03-05,094511,000001449,14490157,3300.0,-86.13,3213.87,Nacional
Oticas_BH,18960845000194,147098,Visa,Crédito,Crédito Parcelado Lojista,2025-01-29 11:16,2025-01-29,2025-01,Aprovada,10,2025-03-05,261721,000001451,14490157,1950.0,-46.8,1903.2,Nacional
Oticas_BH,18960845000194,147098,Mastercard,Crédito,Crédito Parcelado Lojista,2025-01-29 13:44,2025-01-29,2025-01,Aprovada,06,2025-03-05,047267,000001453,14490157,2100.0,-50.4,2049.6,Nacional
Oticas_BH,18960845000194,147098,Mastercard,Crédito,Crédito Parcelado Lojista,2025-01-29 13:48,2025-01-29,2025-01,Aprovada,06,2025-03-05,410510,000001455,14490157,850.0,-20.4,829.6,Nacional
Oticas_BH,18960845000194,147098,Mastercard,Crédito,Crédito Parcelado Lojista,2025-01-29 17:11,2025-01-29,2025-01,Aprovada,04,2025-03-05,099650,000001457,14490157,500.0,-12.0,488.0,Nacional
Oticas_BH,18960845000194,147098,Visa,Crédito,Crédito Parcelado Lojista,2025-01-30 09:29,2025-01-30,2025-01,Negada,10,,000000,000001459,14490157,2600.0,0,0,N/A
Oticas_BH,18960845000194,147098,Mastercard,Crédito,Crédito Parcelado Lojista,2025-01-30 09:37,2025-01-30,2025-01,Aprovada,10,2025-03-05,373164,000001463,14490157,2600.0,-67.86,2532.14,Nacional
Oticas_BH,18960845000194,147098,Mastercard,Crédito,Crédito Parcelado Lojista,2025-01-30 10:09,2025-01-30,2025-01,Aprovada,10,2025-03-05,094252,000001465,14490157,2900.0,-75.69,2824.31,Nacional
Oticas_BH,18960845000194,147098,Mastercard,Crédito,Crédito Parcelado Lojista,2025-01-30 11:05,2025-01-30,2025-01,Aprovada,04,2025-03-05,084423,000001467,14490157,480.0,-11.52,468.48,Nacional
Oticas_BH,18960845000194,147098,Visa,Crédito,Crédito Parcelado Lojista,2025-01-30 11:49,2025-01-30,2025-01,Aprovada,10,2025-03-05,494264,000001469,14490157,3290.0,-78.96,3211.04,Nacional
Oticas_BH,18960845000194,147098,Mastercard,Débito,Débito,2025-01-30 16:22,2025-01-30,2025-01,Aprovada,01,2025-01-31,M64657,000001471,14490157,200.0,-2.6,197.4,Nacional
Oticas_BH,18960845000194,147098,Mastercard,Crédito,Crédito Parcelado Lojista,2025-01-30 16:46,2025-01-30,2025-01,Aprovada,06,2025-03-05,996992,000001473,14490157,2090.0,-50.16,2039.84,Nacional
Oticas_BH,18960845000194,147098,Mastercard,Crédito,Crédito Parcelado Lojista,2025-02-01 11:13,2025-02-01,2025-02,Aprovada,03,2025-03-05,R10188,000001475,14490157,490.0,-11.76,478.24,Nacional
Oticas_BH,18960845000194,147098,Elo,Débito,Débito,2025-02-03 13:15,2025-02-03,2025-02,Aprovada,01,2025-02-04,930938,000001479,14490157,1000.0,-12.5,987.5,Nacional
Oticas_BH,18960845000194,147098,Mastercard,Débito,Débito,2025-02-03 14:57,2025-02-03,2025-02,Negada,01,,548631,000001483,14490157,100.0,0,0,N/A
Oticas_BH,18960845000194,147098,Mastercard,Crédito,Crédito À Vista,2025-02-03 14:58,2025-02-03,2025-02,Aprovada,01,2025-03-06,891830,000001485,14490157,100.0,-1.9,98.1,Nacional
Oticas_BH,18960845000194,147098,Mastercard,Crédito,Crédito À Vista,2025-02-04 09:01,2025-02-04,2025-02,Aprovada,01,2025-03-07,328700,000001487,14490157,500.0,-9.5,490.5,Nacional
Oticas_BH,18960845000194,147098,Mastercard,Crédito,Crédito Parcelado Lojista,2025-02-04 15:14,2025-02-04,2025-02,Aprovada,10,2025-03-07,830186,000001491,14490157,3140.0,-81.95,3058.05,Nacional
Oticas_BH,18960845000194,147098,Visa,Crédito,Crédito Parcelado Lojista,2025-02-05 11:49,2025-02-05,2025-02,Aprovada,10,2025-03-10,018013,000001493,14490157,2190.0,-52.56,2137.44,Nacional
Oticas_BH,18960845000194,147098,Visa,Crédito,Crédito Parcelado Lojista,2025-02-05 12:17,2025-02-05,2025-02,Aprovada,10,2025-03-10,922690,000001497,14490157,2000.0,-48.0,1952.0,Nacional
Oticas_BH,18960845000194,147098,Mastercard,Crédito,Crédito Parcelado Lojista,2025-02-06 10:51,2025-02-06,2025-02,Aprovada,05,2025-03-10,003924,000001499,14490157,650.0,-15.6,634.4,Nacional
Oticas_BH,18960845000194,147098,Visa,Débito,Débito,2025-02-06 12:01,2025-02-06,2025-02,Aprovada,01,2025-02-07,014770,000001503,14490157,108.0,-1.35,106.65,Nacional
Oticas_BH,18960845000194,147098,Mastercard,Crédito,Crédito Parcelado Lojista,2025-02-06 15:58,2025-02-06,2025-02,Negada,10,,000000,000001505,14490157,2240.0,0,0,N/A
Oticas_BH,18960845000194,147098,Mastercard,Crédito,Crédito Parcelado Lojista,2025-02-06 16:01,2025-02-06,2025-02,Aprovada,10,2025-03-10,023860,000001507,14490157,2240.0,-58.46,2181.54,Nacional
Oticas_BH,18960845000194,147098,Mastercard,Crédito,Crédito Parcelado Lojista,2025-02-06 16:35,2025-02-06,2025-02,Aprovada,04,2025-03-10,754806,000001509,14490157,800.0,-19.2,780.8,Nacional
Oticas_BH,18960845000194,147098,Mastercard,Crédito,Crédito Parcelado Lojista,2025-02-06 17:06,2025-02-06,2025-02,Aprovada,10,2025-03-10,R07260,000001511,14490157,2600.0,-67.86,2532.14,Nacional
Oticas_BH,18960845000194,147098,Visa,Crédito,Crédito Parcelado Lojista,2025-02-06 17:48,2025-02-06,2025-02,Aprovada,10,2025-03-10,241939,172545882,EG551985,3950.0,-124.43,3825.57,Nacional
Oticas_BH,18960845000194,147098,Mastercard,Crédito,Crédito Parcelado Lojista,2025-02-07 09:28,2025-02-07,2025-02,Aprovada,10,2025-03-10,889313,000001513,14490157,880.0,-22.97,857.03,Nacional
Oticas_BH,18960845000194,147098,Mastercard,Crédito,Crédito Parcelado Lojista,2025-02-07 10:46,2025-02-07,2025-02,Aprovada,04,2025-03-10,062651,000001517,14490157,335.0,-8.04,326.96,Nacional
Oticas_BH,18960845000194,147098,Mastercard,Débito,Débito,2025-02-10 13:59,2025-02-10,2025-02,Aprovada,01,2025-02-11,M02409,000001519,14490157,940.0,-12.22,927.78,Nacional
Oticas_BH,18960845000194,147098,Elo,Crédito,Crédito Parcelado Lojista,2025-02-11 08:46,2025-02-11,2025-02,Aprovada,06,2025-03-14,884832,000001523,14490157,3300.0,-74.25,3225.75,Nacional
Oticas_BH,18960845000194,147098,Mastercard,Crédito,Crédito Parcelado Lojista,2025-02-11 09:47,2025-02-11,2025-02,Aprovada,10,2025-03-14,045256,000001527,14490157,3240.0,-84.56,3155.44,Nacional
Oticas_BH,18960845000194,147098,Mastercard,Crédito,Crédito Parcelado Lojista,2025-02-11 11:44,2025-02-11,2025-02,Aprovada,03,2025-03-14,084521,000001529,14490157,350.0,-8.4,341.6,Nacional
Oticas_BH,18960845000194,147098,Mastercard,Crédito,Crédito Parcelado Lojista,2025-02-11 15:33,2025-02-11,2025-02,Aprovada,03,2025-03-14,370935,000001531,14490157,750.0,-18.0,732.0,Nacional
Oticas_BH,18960845000194,147098,Visa,Crédito,Crédito Parcelado Lojista,2025-02-11 15:52,2025-02-11,2025-02,Aprovada,06,2025-03-14,015014,000001533,14490157,1400.0,-31.5,1368.5,Nacional
Oticas_BH,18960845000194,147098,Mastercard,Crédito,Crédito Parcelado Lojista,2025-02-12 09:43,2025-02-12,2025-02,Aprovada,10,2025-03-17,151743,000001535,14490157,1350.0,-35.24,1314.76,Nacional
Oticas_BH,18960845000194,147098,Mastercard,Crédito,Crédito Parcelado Lojista,2025-02-12 10:51,2025-02-12,2025-02,Aprovada,05,2025-03-17,457393,000001539,14490157,990.0,-23.76,966.24,Nacional
Oticas_BH,18960845000194,147098,Mastercard,Crédito,Crédito Parcelado Lojista,2025-02-12 13:46,2025-02-12,2025-02,Aprovada,10,2025-03-17,036539,000001541,14490157,1780.0,-46.46,1733.54,Nacional
Oticas_BH,18960845000194,147098,Mastercard,Crédito,Crédito Parcelado Lojista,2025-02-12 17:06,2025-02-12,2025-02,Aprovada,10,2025-03-17,069357,000001543,14490157,3000.0,-78.3,2921.7,Nacional
Oticas_BH,18960845000194,147098,Visa,Débito,Débito,2025-02-13 11:46,2025-02-13,2025-02,Aprovada,01,2025-02-14,142416,000001545,14490157,500.0,-6.25,493.75,Nacional
Oticas_BH,18960845000194,147098,Visa,Crédito,Crédito À Vista,2025-02-13 14:08,2025-02-13,2025-02,Aprovada,01,2025-03-17,022491,000001549,14490157,50.0,-0.95,49.05,Nacional
Oticas_BH,18960845000194,147098,Mastercard,Crédito,Crédito Parcelado Lojista,2025-02-13 14:24,2025-02-13,2025-02,Aprovada,06,2025-03-17,081665,000001551,14490157,650.0,-15.6,634.4,Nacional
Oticas_BH,18960845000194,147098,Mastercard,Crédito,Crédito Parcelado Lojista,2025-02-13 15:47,2025-02-13,2025-02,Aprovada,10,2025-03-17,058611,000001553,14490157,2000.0,-52.2,1947.8,Nacional
Oticas_BH,18960845000194,147098,Visa,Crédito,Crédito Parcelado Lojista,2025-02-14 10:37,2025-02-14,2025-02,Aprovada,10,2025-03-17,373784,000001555,14490157,2280.0,-54.72,2225.28,Nacional
Oticas_BH,18960845000194,147098,Elo,Débito,Débito,2025-02-14 11:17,2025-02-14,2025-02,Aprovada,01,2025-02-17,462279,000001559,14490157,4800.0,-60.0,4740.0,Nacional
Oticas_BH,18960845000194,147098,Mastercard,Crédito,Crédito Parcelado Lojista,2025-02-14 13:30,2025-02-14,2025-02,Aprovada,10,2025-03-17,088693,000001561,14490157,1719.0,-44.87,1674.13,Nacional
Oticas_BH,18960845000194,147098,Elo,Crédito,Crédito Parcelado Lojista,2025-02-17 08:27,2025-02-17,2025-02,Aprovada,05,2025-03-20,450410,000001563,14490157,3600.0,-81.0,3519.0,Nacional
Oticas_BH,18960845000194,147098,Visa,Crédito,Crédito Parcelado Lojista,2025-02-17 10:12,2025-02-17,2025-02,Aprovada,07,2025-03-20,048265,000001567,14490157,900.0,-21.6,878.4,Nacional
Oticas_BH,18960845000194,147098,Mastercard,Crédito,Crédito Parcelado Lojista,2025-02-17 14:10,2025-02-17,2025-02,Aprovada,03,2025-03-20,051073,000001569,14490157,350.0,-8.4,341.6,Nacional
Oticas_BH,18960845000194,147098,Elo,Crédito,Crédito À Vista,2025-02-18 09:09,2025-02-18,2025-02,Aprovada,01,2025-03-21,081028,000001571,14490157,1120.0,-21.28,1098.72,Nacional
Oticas_BH,18960845000194,147098,Elo,Crédito,Crédito Parcelado Lojista,2025-02-18 11:15,2025-02-18,2025-02,Aprovada,03,2025-03-21,322399,000001575,14490157,1035.0,-23.29,1011.71,Nacional
Oticas_BH,18960845000194,147098,Mastercard,Crédito,Crédito Parcelado Lojista,2025-02-18 11:56,2025-02-18,2025-02,Aprovada,08,2025-03-21,AJKOK9,000001577,14490157,1100.0,-28.71,1071.29,Nacional
Oticas_BH,18960845000194,147098,Mastercard,Crédito,Crédito Parcelado Lojista,2025-02-18 12:55,2025-02-18,2025-02,Aprovada,10,2025-03-21,554366,000001579,14490157,5430.0,-141.72,5288.28,Nacional
Oticas_BH,18960845000194,147098,Mastercard,Crédito,Crédito Parcelado Lojista,2025-02-18 13:12,2025-02-18,2025-02,Aprovada,03,2025-03-21,097947,000001581,14490157,340.0,-8.16,331.84,Nacional
Oticas_BH,18960845000194,147098,Mastercard,Crédito,Crédito Parcelado Lojista,2025-02-18 14:58,2025-02-18,2025-02,Aprovada,10,2025-03-21,096636,000001583,14490157,1560.0,-40.72,1519.28,Nacional
Oticas_BH,18960845000194,147098,Visa,Crédito,Crédito Parcelado Lojista,2025-02-20 08:13,2025-02-20,2025-02,Aprovada,06,2025-03-24,998222,000001585,14490157,890.0,-20.03,869.97,Nacional
Oticas_BH,18960845000194,147098,Visa,Débito,Débito,2025-02-20 11:19,2025-02-20,2025-02,Aprovada,01,2025-02-21,140776,000001589,14490157,1000.0,-12.5,987.5,Nacional
Oticas_BH,18960845000194,147098,Visa,Crédito,Crédito Parcelado Lojista,2025-02-20 11:20,2025-02-20,2025-02,Aprovada,08,2025-03-24,065009,000001591,14490157,850.0,-20.4,829.6,Nacional
Oticas_BH,18960845000194,147098,Visa,Débito,Débito,2025-02-20 13:06,2025-02-20,2025-02,Aprovada,01,2025-02-21,931829,000001593,14490157,300.0,-3.75,296.25,Nacional
Oticas_BH,18960845000194,147098,Mastercard,Crédito,Crédito À Vista,2025-02-20 15:22,2025-02-20,2025-02,Negada,01,,000000,000001595,14490157,690.0,0,0,N/A
Oticas_BH,18960845000194,147098,Mastercard,Crédito,Crédito À Vista,2025-02-20 15:23,2025-02-20,2025-02,Aprovada,01,2025-03-24,823330,000001597,14490157,690.0,-13.11,676.89,Nacional
Oticas_BH,18960845000194,147098,Mastercard,Crédito,Crédito Parcelado Lojista,2025-02-21 07:57,2025-02-21,2025-02,Aprovada,07,2025-03-24,674595,000001599,14490157,1470.0,-38.37,1431.63,Nacional
Oticas_BH,18960845000194,147098,Mastercard,Crédito,Crédito Parcelado Lojista,2025-02-21 07:58,2025-02-21,2025-02,Negada,09,,000000,000001603,14490157,1800.0,0,0,N/A
Oticas_BH,18960845000194,147098,Visa,Crédito,Crédito Parcelado Lojista,2025-02-21 09:44,2025-02-21,2025-02,Aprovada,10,2025-03-24,532340,000001605,14490157,1000.0,-24.0,976.0,Nacional
Oticas_BH,18960845000194,147098,Mastercard,Crédito,Crédito Parcelado Lojista,2025-02-21 09:44,2025-02-21,2025-02,Aprovada,02,2025-03-24,980991,000001607,14490157,100.0,-2.4,97.6,Nacional
Oticas_BH,18960845000194,147098,Mastercard,Crédito,Crédito Parcelado Lojista,2025-02-21 10:43,2025-02-21,2025-02,Aprovada,10,2025-03-24,015478,000001609,14490157,7450.0,-194.45,7255.55,Nacional
Oticas_BH,18960845000194,147098,Visa,Crédito,Crédito Parcelado Lojista,2025-02-21 11:17,2025-02-21,2025-02,Aprovada,10,2025-03-24,017017,000001611,14490157,1900.0,-45.6,1854.4,Nacional
Oticas_BH,18960845000194,147098,Visa,Crédito,Crédito Parcelado Lojista,2025-02-21 11:19,2025-02-21,2025-02,Aprovada,10,2025-03-24,693505,000001613,14490157,3700.0,-88.8,3611.2,Nacional
Oticas_BH,18960845000194,147098,Mastercard,Crédito,Crédito Parcelado Lojista,2025-02-21 11:45,2025-02-21,2025-02,Aprovada,10,2025-03-24,089086,000001615,14490157,3100.0,-80.91,3019.09,Nacional
Oticas_BH,18960845000194,147098,Visa,Débito,Débito,2025-02-21 14:25,2025-02-21,2025-02,Aprovada,01,2025-02-24,311663,000001617,14490157,2260.0,-28.25,2231.75,Nacional
Oticas_BH,18960845000194,147098,Visa,Crédito,Crédito Parcelado Lojista,2025-02-25 12:04,2025-02-25,2025-02,Negada,10,,000000,000001619,14490157,1500.0,0,0,N/A
Oticas_BH,18960845000194,147098,Visa,Crédito,Crédito Parcelado Lojista,2025-02-25 12:06,2025-02-25,2025-02,Aprovada,10,2025-03-28,061699,000001623,14490157,1200.0,-28.8,1171.2,Nacional
Oticas_BH,18960845000194,147098,Mastercard,Crédito,Crédito Parcelado Lojista,2025-02-25 12:08,2025-02-25,2025-02,Aprovada,04,2025-03-28,885466,000001625,14490157,300.0,-7.2,292.8,Nacional
Oticas_BH,18960845000194,147098,Visa,Crédito,Crédito Parcelado Lojista,2025-02-25 12:20,2025-02-25,2025-02,Aprovada,05,2025-03-28,162544,000001627,14490157,1450.0,-32.63,1417.37,Nacional
Oticas_BH,18960845000194,147098,Mastercard,Crédito,Crédito Parcelado Lojista,2025-02-25 15:04,2025-02-25,2025-02,Aprovada,06,2025-03-28,663532,000001629,14490157,850.0,-20.4,829.6,Nacional
Oticas_BH,18960845000194,147098,Elo,Crédito,Crédito Parcelado Lojista,2025-02-25 15:44,2025-02-25,2025-02,Aprovada,02,2025-03-28,651411,000001631,14490157,500.0,-11.25,488.75,Nacional
Oticas_BH,18960845000194,147098,Visa,Débito,Débito,2025-02-25 16:03,2025-02-25,2025-02,Aprovada,01,2025-02-26,157819,000001633,14490157,500.0,-6.25,493.75,Nacional
Oticas_BH,18960845000194,147098,Visa,Débito,Débito,2025-02-25 16:09,2025-02-25,2025-02,Aprovada,01,2025-02-26,158179,000001635,14490157,2200.0,-27.5,2172.5,Nacional
Oticas_BH,18960845000194,147098,Mastercard,Crédito,Crédito Parcelado Lojista,2025-02-25 16:09,2025-02-25,2025-02,Aprovada,10,2025-03-28,707815,000001637,14490157,1500.0,-39.15,1460.85,Nacional
Oticas_BH,18960845000194,147098,Mastercard,Crédito,Crédito Parcelado Lojista,2025-02-25 17:17,2025-02-25,2025-02,Aprovada,10,2025-03-28,002146,000001639,14490157,5600.0,-146.16,5453.84,Nacional
Oticas_BH,18960845000194,147098,Visa,Crédito,Crédito Parcelado Lojista,2025-02-25 17:18,2025-02-25,2025-02,Aprovada,10,2025-03-28,LTDNN2,000001641,14490157,1980.0,-47.52,1932.48,Nacional
Oticas_BH,18960845000194,147098,Mastercard,Débito,Débito,2025-02-26 11:59,2025-02-26,2025-02,Aprovada,01,2025-02-27,M43654,000001643,14490157,108.0,-1.4,106.6,Nacional
Oticas_BH,18960845000194,147098,Mastercard,Crédito,Crédito Parcelado Lojista,2025-02-26 15:27,2025-02-26,2025-02,Aprovada,10,2025-03-31,R04286,000001647,14490157,2900.0,-75.69,2824.31,Nacional
Oticas_BH,18960845000194,147098,Visa,Débito,Débito,2025-02-27 13:38,2025-02-27,2025-02,Aprovada,01,2025-02-28,206658,000001649,14490157,4000.0,-50.0,3950.0,Nacional
Oticas_BH,18960845000194,147098,Visa,Crédito,Crédito Parcelado Lojista,2025-02-27 15:21,2025-02-27,2025-02,Aprovada,02,2025-03-31,214474,000001653,14490157,490.0,-11.03,478.97,Nacional
Oticas_BH,18960845000194,147098,Mastercard,Crédito,Crédito Parcelado Lojista,2025-02-27 15:49,2025-02-27,2025-02,Aprovada,07,2025-03-31,015658,000001655,14490157,1350.0,-35.24,1314.76,Nacional
Oticas_BH,18960845000194,147098,Mastercard,Crédito,Crédito À Vista,2025-02-27 15:51,2025-02-27,2025-02,Aprovada,01,2025-03-31,129522,000001657,14490157,2000.0,-38.0,1962.0,Nacional
Oticas_BH,18960845000194,147098,Elo,Crédito,Crédito Parcelado Lojista,2025-02-27 16:27,2025-02-27,2025-02,Aprovada,06,2025-03-31,675871,000001659,14490157,1750.0,-39.38,1710.62,Nacional
Oticas_BH,18960845000194,147098,Visa,Débito,Débito,2025-03-06 12:16,2025-03-06,2025-03,Aprovada,01,2025-03-07,144220,000001661,14490157,1600.0,-20.0,1580.0,Nacional
Oticas_BH,18960845000194,147098,Visa,Débito,Débito,2025-03-07 11:08,2025-03-07,2025-03,Aprovada,01,2025-03-10,081664,000001665,14490157,100.0,-1.25,98.75,Nacional
Oticas_BH,18960845000194,147098,Visa,Crédito,Crédito Parcelado Lojista,2025-03-07 13:32,2025-03-07,2025-03,Aprovada,10,2025-04-07,330177,000001669,14490157,2350.0,-56.4,2293.6,Nacional
Oticas_BH,18960845000194,147098,Visa,Crédito,Crédito Parcelado Lojista,2025-03-07 14:00,2025-03-07,2025-03,Aprovada,06,2025-04-07,011649,000001671,14490157,1850.0,-41.63,1808.37,Nacional
Oticas_BH,18960845000194,147098,Visa,Crédito,Crédito Parcelado Lojista,2025-03-08 10:59,2025-03-08,2025-03,Aprovada,04,2025-04-08,693542,000001673,14490157,3400.0,-76.5,3323.5,Nacional
Oticas_BH,18960845000194,147098,Elo,Débito,Débito,2025-03-10 08:34,2025-03-10,2025-03,Aprovada,01,2025-03-11,723736,000001677,14490157,290.0,-3.63,286.37,Nacional
Oticas_BH,18960845000194,147098,Elo,Crédito,Crédito À Vista,2025-03-10 10:44,2025-03-10,2025-03,Aprovada,01,2025-04-10,514248,000001681,14490157,1260.0,-23.94,1236.06,Nacional
Oticas_BH,18960845000194,147098,Mastercard,Crédito,Crédito Parcelado Lojista,2025-03-10 15:26,2025-03-10,2025-03,Aprovada,03,2025-04-10,264571,000001683,14490157,690.0,-16.56,673.44,Nacional
Oticas_BH,18960845000194,147098,Visa,Débito,Débito,2025-03-11 07:47,2025-03-11,2025-03,Aprovada,01,2025-03-12,128058,000001685,14490157,900.0,-11.25,888.75,Nacional
Oticas_BH,18960845000194,147098,Visa,Crédito,Crédito Parcelado Lojista,2025-03-11 08:25,2025-03-11,2025-03,Aprovada,02,2025-04-11,654760,000001689,14490157,150.0,-3.38,146.62,Nacional
Oticas_BH,18960845000194,147098,Visa,Crédito,Crédito Parcelado Lojista,2025-03-11 16:12,2025-03-11,2025-03,Aprovada,06,2025-04-11,632823,000001691,14490157,788.0,-17.73,770.27,Nacional
Oticas_BH,18960845000194,147098,Mastercard,Crédito,Crédito Parcelado Lojista,2025-03-11 16:18,2025-03-11,2025-03,Aprovada,10,2025-04-11,194184,000001693,14490157,1705.0,-44.5,1660.5,Nacional
Oticas_BH,18960845000194,147098,Mastercard,Crédito,Crédito Parcelado Lojista,2025-03-12 09:37,2025-03-12,2025-03,Aprovada,02,2025-04-14,099283,000001695,14490157,490.0,-11.76,478.24,Nacional
Oticas_BH,18960845000194,147098,Visa,Crédito,Crédito Parcelado Lojista,2025-03-12 09:48,2025-03-12,2025-03,Aprovada,10,2025-04-14,590440,000001699,14490157,5190.0,-124.56,5065.44,Nacional
Oticas_BH,18960845000194,147098,Mastercard,Crédito,Crédito Parcelado Lojista,2025-03-12 11:04,2025-03-12,2025-03,Aprovada,10,2025-04-14,R02780,000001701,14490157,3420.0,-89.26,3330.74,Nacional
Oticas_BH,18960845000194,147098,Mastercard,Crédito,Crédito Parcelado Lojista,2025-03-13 09:47,2025-03-13,2025-03,Aprovada,07,2025-04-14,041480,000001703,14490157,3519.0,-91.85,3427.15,Nacional
Oticas_BH,18960845000194,147098,Mastercard,Débito,Débito,2025-03-13 12:24,2025-03-13,2025-03,Aprovada,01,2025-03-14,M59864,000001707,14490157,1200.0,-15.6,1184.4,Nacional
Oticas_BH,18960845000194,147098,Visa,Crédito,Crédito Parcelado Lojista,2025-03-13 14:51,2025-03-13,2025-03,Aprovada,04,2025-04-14,513465,000001709,14490157,1650.0,-37.13,1612.87,Nacional
Oticas_BH,18960845000194,147098,Visa,Crédito,Crédito Parcelado Lojista,2025-03-13 15:25,2025-03-13,2025-03,Aprovada,08,2025-04-14,255766,000001711,14490157,810.0,-19.44,790.56,Nacional
Oticas_BH,18960845000194,147098,Visa,Crédito,Crédito Parcelado Lojista,2025-03-13 15:52,2025-03-13,2025-03,Aprovada,06,2025-04-14,098881,152201081,EG551985,700.0,-21.0,679.0,Nacional
Oticas_BH,18960845000194,147098,Mastercard,Crédito,Crédito Parcelado Lojista,2025-03-13 16:52,2025-03-13,2025-03,Aprovada,10,2025-04-14,098772,000001713,14490157,1900.0,-49.59,1850.41,Nacional
Oticas_BH,18960845000194,147098,Visa,Crédito,Crédito Parcelado Lojista,2025-03-14 11:23,2025-03-14,2025-03,Aprovada,06,2025-04-14,633047,000001715,14490157,850.0,-19.13,830.87,Nacional
Oticas_BH,18960845000194,147098,Visa,Débito,Débito,2025-03-14 11:56,2025-03-14,2025-03,Cancelada,01,2025-03-17,143025,000001719,14490157,210.0,-2.63,207.37,Nacional
Oticas_BH,18960845000194,147098,Visa,Débito,Débito,2025-03-15 09:25,2025-03-15,2025-03,Aprovada,01,2025-03-17,222076,000001721,14490157,1600.0,-20.0,1580.0,Nacional
Oticas_BH,18960845000194,147098,Mastercard,Crédito,Crédito Parcelado Lojista,2025-03-15 10:59,2025-03-15,2025-03,Aprovada,05,2025-04-15,575548,000001725,14490157,600.0,-14.4,585.6,Nacional
Oticas_BH,18960845000194,147098,Mastercard,Crédito,Crédito Parcelado Lojista,2025-03-15 11:10,2025-03-15,2025-03,Aprovada,10,2025-04-15,026114,000001727,14490157,1600.0,-41.76,1558.24,Nacional
Oticas_BH,18960845000194,147098,Mastercard,Crédito,Crédito Parcelado Lojista,2025-03-15 11:17,2025-03-15,2025-03,Aprovada,10,2025-04-15,466589,000001729,14490157,1200.0,-31.32,1168.68,Nacional
Oticas_BH,18960845000194,147098,Mastercard,Crédito,Crédito Parcelado Lojista,2025-03-15 11:23,2025-03-15,2025-03,Aprovada,02,2025-04-15,191797,000001731,14490157,300.0,-7.2,292.8,Nacional
Oticas_BH,18960845000194,147098,Visa,Crédito,Crédito Parcelado Lojista,2025-03-17 09:47,2025-03-17,2025-03,Negada,10,,00000000,092757791,EG551985,780.0,0,0,N/A
Oticas_BH,18960845000194,147098,Visa,Crédito,Crédito Parcelado Lojista,2025-03-17 09:49,2025-03-17,2025-03,Negada,08,,00000000,095831917,EG551985,780.0,0,0,N/A
Oticas_BH,18960845000194,147098,Mastercard,Crédito,Crédito Parcelado Lojista,2025-03-17 11:02,2025-03-17,2025-03,Aprovada,02,2025-04-17,058273,000001733,14490157,550.0,-13.2,536.8,Nacional
Oticas_BH,18960845000194,147098,Mastercard,Crédito,Crédito Parcelado Lojista,2025-03-17 16:52,2025-03-17,2025-03,Aprovada,02,2025-04-17,R00953,000001737,14490157,675.0,-16.2,658.8,Nacional
Oticas_BH,18960845000194,147098,Visa,Crédito,Crédito Parcelado Lojista,2025-03-18 09:05,2025-03-18,2025-03,Aprovada,02,2025-04-22,052975,000001739,14490157,1380.0,-31.05,1348.95,Nacional
Oticas_BH,18960845000194,147098,Mastercard,Crédito,Crédito Parcelado Lojista,2025-03-18 09:39,2025-03-18,2025-03,Negada,10,,000000,000001743,14490157,925.0,0,0,N/A
Oticas_BH,18960845000194,147098,Mastercard,Crédito,Crédito Parcelado Lojista,2025-03-18 09:41,2025-03-18,2025-03,Aprovada,10,2025-04-22,420059,000001745,14490157,900.0,-23.49,876.51,Nacional
Oticas_BH,18960845000194,147098,Visa,Crédito,Crédito Parcelado Lojista,2025-03-18 09:42,2025-03-18,2025-03,Aprovada,10,2025-04-22,424569,000001747,14490157,950.0,-22.8,927.2,Nacional
Oticas_BH,18960845000194,147098,Elo,Débito,Débito,2025-03-18 10:31,2025-03-18,2025-03,Aprovada,01,2025-03-19,265579,000001749,14490157,2605.0,-32.56,2572.44,Nacional
Oticas_BH,18960845000194,147098,Visa,Crédito,Crédito Parcelado Lojista,2025-03-18 11:12,2025-03-18,2025-03,Aprovada,10,2025-04-22,622642,000001751,14490157,900.0,-21.6,878.4,Nacional
Oticas_BH,18960845000194,147098,Visa,Crédito,Crédito Parcelado Lojista,2025-03-18 13:56,2025-03-18,2025-03,Aprovada,03,2025-04-22,074097,000001753,14490157,380.0,-8.55,371.45,Nacional
Oticas_BH,18960845000194,147098,Mastercard,Crédito,Crédito Parcelado Lojista,2025-03-18 15:15,2025-03-18,2025-03,Aprovada,04,2025-04-22,160558,000001755,14490157,550.0,-13.2,536.8,Nacional
Oticas_BH,18960845000194,147098,Visa,Crédito,Crédito Parcelado Lojista,2025-03-18 16:19,2025-03-18,2025-03,Aprovada,06,2025-04-22,970740,000001757,14490157,4180.0,-94.05,4085.95,Nacional
Oticas_BH,18960845000194,147098,Visa,Crédito,Crédito Parcelado Lojista,2025-03-18 16:38,2025-03-18,2025-03,Aprovada,10,2025-04-22,005175,000001759,14490157,900.0,-21.6,878.4,Nacional
Oticas_BH,18960845000194,147098,Mastercard,Crédito,Crédito Parcelado Lojista,2025-03-19 11:21,2025-03-19,2025-03,Aprovada,10,2025-04-22,079889,000001761,14490157,3200.0,-83.52,3116.48,Nacional
Oticas_BH,18960845000194,147098,Visa,Crédito,Crédito Parcelado Lojista,2025-03-19 11:23,2025-03-19,2025-03,Aprovada,10,2025-04-22,037610,000001765,14490157,1990.0,-47.76,1942.24,Nacional
Oticas_BH,18960845000194,147098,Visa,Crédito,Crédito Parcelado Lojista,2025-03-19 11:43,2025-03-19,2025-03,Aprovada,02,2025-04-22,030524,000001767,14490157,3800.0,-85.5,3714.5,Nacional
Oticas_BH,18960845000194,147098,Visa,Crédito,Crédito À Vista,2025-03-19 13:13,2025-03-19,2025-03,Aprovada,01,2025-04-22,691124,000001769,14490157,130.0,-2.47,127.53,Nacional
Oticas_BH,18960845000194,147098,Mastercard,Crédito,Crédito Parcelado Lojista,2025-03-19 14:40,2025-03-19,2025-03,Aprovada,06,2025-04-22,083161,000001771,14490157,4600.0,-110.4,4489.6,Nacional
Oticas_BH,18960845000194,147098,Mastercard,Crédito,Crédito Parcelado Lojista,2025-03-20 08:17,2025-03-20,2025-03,Negada,05,,000000,000001773,14490157,530.0,0,0,N/A
Oticas_BH,18960845000194,147098,Mastercard,Crédito,Crédito Parcelado Lojista,2025-03-20 08:17,2025-03-20,2025-03,Aprovada,05,2025-04-22,R02192,000001777,14490157,530.0,-12.72,517.28,Nacional
Oticas_BH,18960845000194,147098,Mastercard,Crédito,Crédito Parcelado Lojista,2025-03-20 09:49,2025-03-20,2025-03,Aprovada,10,2025-04-22,640487,000001779,14490157,2200.0,-57.42,2142.58,Nacional
Oticas_BH,18960845000194,147098,Visa,Crédito,Crédito Parcelado Lojista,2025-03-20 10:17,2025-03-20,2025-03,Aprovada,10,2025-04-22,673019,000001781,14490157,2196.0,-52.7,2143.3,Nacional
Oticas_BH,18960845000194,147098,Elo,Débito,Débito,2025-03-20 15:23,2025-03-20,2025-03,Aprovada,01,2025-03-21,297705,000001783,14490157,425.0,-5.31,419.69,Nacional
Oticas_BH,18960845000194,147098,Mastercard,Débito,Débito,2025-03-21 10:46,2025-03-21,2025-03,Aprovada,01,2025-03-24,M29217,000001785,14490157,280.0,-3.64,276.36,Nacional
Oticas_BH,18960845000194,147098,Visa,Crédito,Crédito Parcelado Lojista,2025-03-21 11:33,2025-03-21,2025-03,Aprovada,10,2025-04-22,424783,000001789,14490157,7969.0,-191.26,7777.74,Nacional
Oticas_BH,18960845000194,147098,Mastercard,Débito,Débito,2025-03-21 12:49,2025-03-21,2025-03,Aprovada,01,2025-03-24,437656,000001791,14490157,15.0,-0.2,14.8,Nacional
Oticas_BH,18960845000194,147098,Mastercard,Crédito,Crédito Parcelado Lojista,2025-03-21 14:00,2025-03-21,2025-03,Aprovada,10,2025-04-22,380591,000001793,14490157,2100.0,-54.81,2045.19,Nacional
Oticas_BH,18960845000194,147098,Visa,Crédito,Crédito Parcelado Lojista,2025-03-21 15:41,2025-03-21,2025-03,Aprovada,07,2025-04-22,663421,000001795,14490157,1980.0,-47.52,1932.48,Nacional
Oticas_BH,18960845000194,147098,Mastercard,Crédito,Crédito Parcelado Lojista,2025-03-21 15:44,2025-03-21,2025-03,Negada,10,,000000,000001797,14490157,5300.0,0,0,N/A
Oticas_BH,18960845000194,147098,Mastercard,Crédito,Crédito Parcelado Lojista,2025-03-21 15:45,2025-03-21,2025-03,Negada,10,,000000,000001799,14490157,5300.0,0,0,N/A
Oticas_BH,18960845000194,147098,Mastercard,Crédito,Crédito Parcelado Lojista,2025-03-21 15:46,2025-03-21,2025-03,Negada,10,,000000,000001801,14490157,5300.0,0,0,N/A
Oticas_BH,18960845000194,147098,Visa,Crédito,Crédito Parcelado Lojista,2025-03-21 15:47,2025-03-21,2025-03,Aprovada,10,2025-04-22,481560,000001803,14490157,5300.0,-127.2,5172.8,Nacional
Oticas_BH,18960845000194,147098,Visa,Débito,Débito,2025-03-21 16:40,2025-03-21,2025-03,Aprovada,01,2025-03-24,599317,000001805,14490157,490.0,-6.13,483.87,Nacional
Oticas_BH,18960845000194,147098,Visa,Crédito,Crédito Parcelado Lojista,2025-03-21 16:55,2025-03-21,2025-03,Aprovada,10,2025-04-22,048104,000001807,14490157,3480.0,-83.52,3396.48,Nacional
Oticas_BH,18960845000194,147098,Mastercard,Crédito,Crédito À Vista,2025-03-24 15:08,2025-03-24,2025-03,Aprovada,01,2025-04-24,571207,000001809,14490157,200.0,-3.8,196.2,Nacional
Oticas_BH,18960845000194,147098,Visa,Crédito,Crédito À Vista,2025-03-25 08:18,2025-03-25,2025-03,Aprovada,01,2025-04-25,089202,000001813,14490157,690.0,-13.11,676.89,Nacional
Oticas_BH,18960845000194,147098,Visa,Crédito,Crédito Parcelado Lojista,2025-03-25 08:56,2025-03-25,2025-03,Aprovada,08,2025-04-25,362913,000001817,14490157,840.0,-20.16,819.84,Nacional
Oticas_BH,18960845000194,147098,Visa,Crédito,Crédito Parcelado Lojista,2025-03-25 11:03,2025-03-25,2025-03,Aprovada,08,2025-04-25,051441,000001819,14490157,2200.0,-52.8,2147.2,Nacional
Oticas_BH,18960845000194,147098,Mastercard,Crédito,Crédito À Vista,2025-03-25 14:41,2025-03-25,2025-03,Aprovada,01,2025-04-25,034546,000001821,14490157,900.0,-17.1,882.9,Nacional
Oticas_BH,18960845000194,147098,Visa,Crédito,Crédito Parcelado Lojista,2025-03-25 16:06,2025-03-25,2025-03,Aprovada,10,2025-04-25,342770,000001823,14490157,980.0,-23.52,956.48,Nacional
Oticas_BH,18960845000194,147098,Visa,Crédito,Crédito Parcelado Lojista,2025-03-25 16:45,2025-03-25,2025-03,Aprovada,05,2025-04-25,653299,000001825,14490157,1100.0,-24.75,1075.25,Nacional
Oticas_BH,18960845000194,147098,Mastercard,Crédito,Crédito Parcelado Lojista,2025-03-26 10:35,2025-03-26,2025-03,Aprovada,06,2025-04-28,017875,000001827,14490157,1440.0,-34.56,1405.44,Nacional
Oticas_BH,18960845000194,147098,Elo,Débito,Débito,2025-03-26 11:29,2025-03-26,2025-03,Aprovada,01,2025-03-27,237179,000001831,14490157,300.0,-3.75,296.25,Nacional
Oticas_BH,18960845000194,147098,Mastercard,Crédito,Crédito Parcelado Lojista,2025-03-26 14:06,2025-03-26,2025-03,Aprovada,06,2025-04-28,817453,000001833,14490157,1800.0,-43.2,1756.8,Nacional
Oticas_BH,18960845000194,147098,Mastercard,Crédito,Crédito Parcelado Lojista,2025-03-26 15:07,2025-03-26,2025-03,Aprovada,06,2025-04-28,906405,000001835,14490157,670.0,-16.08,653.92,Nacional
Oticas_BH,18960845000194,147098,Mastercard,Crédito,Crédito Parcelado Lojista,2025-03-26 15:34,2025-03-26,2025-03,Aprovada,07,2025-04-28,013899,000001837,14490157,2100.0,-54.81,2045.19,Nacional
Oticas_BH,18960845000194,147098,Visa,Crédito,Crédito Parcelado Lojista,2025-03-27 09:20,2025-03-27,2025-03,Aprovada,06,2025-04-28,089459,098695983,EG551985,750.0,-22.5,727.5,Nacional
Oticas_BH,18960845000194,147098,Mastercard,Débito,Débito,2025-03-27 11:06,2025-03-27,2025-03,Aprovada,01,2025-03-28,M97883,000001839,14490157,450.0,-5.85,444.15,Nacional
Oticas_BH,18960845000194,147098,Visa,Crédito,Crédito Parcelado Lojista,2025-03-27 11:25,2025-03-27,2025-03,Aprovada,06,2025-04-28,901407,000001843,14490157,2000.0,-45.0,1955.0,Nacional
Oticas_BH,18960845000194,147098,Visa,Crédito,Crédito Parcelado Lojista,2025-03-27 12:53,2025-03-27,2025-03,Aprovada,04,2025-04-28,004145,000001845,14490157,1400.0,-31.5,1368.5,Nacional
Oticas_BH,18960845000194,147098,Elo,Débito,Débito,2025-03-27 15:51,2025-03-27,2025-03,Aprovada,01,2025-03-28,398764,000001847,14490157,200.0,-2.5,197.5,Nacional
Oticas_BH,18960845000194,147098,Elo,Crédito,Crédito Parcelado Lojista,2025-03-27 15:52,2025-03-27,2025-03,Aprovada,02,2025-04-28,622597,000001849,14490157,360.0,-8.1,351.9,Nacional
Oticas_BH,18960845000194,147098,Visa,Débito,Débito,2025-03-27 16:09,2025-03-27,2025-03,Aprovada,01,2025-03-28,158227,000001851,14490157,1600.0,-20.0,1580.0,Nacional
Oticas_BH,18960845000194,147098,Visa,Crédito,Crédito Parcelado Lojista,2025-03-28 12:37,2025-03-28,2025-03,Aprovada,10,2025-04-28,380068,000001853,14490157,1000.0,-24.0,976.0,Nacional
Oticas_BH,18960845000194,147098,Mastercard,Crédito,Crédito Parcelado Lojista,2025-03-28 13:27,2025-03-28,2025-03,Cancelada,09,2025-04-28,138485,000001857,14490157,972.0,-25.37,946.63,Nacional
Oticas_BH,18960845000194,147098,Elo,Crédito,Crédito À Vista,2025-03-28 15:41,2025-03-28,2025-03,Aprovada,01,2025-04-28,811279,000001859,14490157,300.0,-5.7,294.3,Nacional
Oticas_BH,18960845000194,147098,Visa,Crédito,Crédito Parcelado Lojista,2025-03-28 16:25,2025-03-28,2025-03,Aprovada,10,2025-04-28,625915,000001861,14490157,1980.0,-47.52,1932.48,Nacional
Oticas_BH,18960845000194,147098,Visa,Débito,Débito,2025-03-31 11:33,2025-03-31,2025-03,Aprovada,01,2025-04-01,454001,000001863,14490157,30.0,-0.38,29.62,Nacional
Oticas_BH,18960845000194,147098,Mastercard,Crédito,Crédito Parcelado Lojista,2025-04-01 09:07,2025-04-01,2025-04,Aprovada,10,2025-05-02,022507,000001867,14490157,1340.0,-34.97,1305.03,Nacional
Oticas_BH,18960845000194,147098,Mastercard,Crédito,Crédito Parcelado Lojista,2025-04-01 11:05,2025-04-01,2025-04,Aprovada,10,2025-05-02,074754,000001871,14490157,1035.0,-27.01,1007.99,Nacional
Oticas_BH,18960845000194,147098,Mastercard,Crédito,Crédito Parcelado Lojista,2025-04-01 16:36,2025-04-01,2025-04,Aprovada,03,2025-05-02,663617,000001873,14490157,1590.0,-38.16,1551.84,Nacional
Oticas_BH,18960845000194,147098,Mastercard,Crédito,Crédito Parcelado Lojista,2025-04-02 10:11,2025-04-02,2025-04,Aprovada,10,2025-05-05,373892,000001875,14490157,1200.0,-31.32,1168.68,Nacional
Oticas_BH,18960845000194,147098,Mastercard,Crédito,Crédito Parcelado Lojista,2025-04-02 13:41,2025-04-02,2025-04,Aprovada,03,2025-05-05,026141,000001879,14490157,490.0,-11.76,478.24,Nacional
Oticas_BH,18960845000194,147098,Mastercard,Crédito,Crédito Parcelado Lojista,2025-04-02 15:15,2025-04-02,2025-04,Aprovada,04,2025-05-05,635031,000001881,14490157,740.0,-17.76,722.24,Nacional
Oticas_BH,18960845000194,147098,Mastercard,Crédito,Crédito Parcelado Lojista,2025-04-02 15:40,2025-04-02,2025-04,Aprovada,03,2025-05-05,410963,000001883,14490157,1100.0,-26.4,1073.6,Nacional
Oticas_BH,18960845000194,147098,Mastercard,Crédito,Crédito Parcelado Lojista,2025-04-02 15:47,2025-04-02,2025-04,Aprovada,06,2025-05-05,309654,000001885,14490157,3480.0,-83.52,3396.48,Nacional
Oticas_BH,18960845000194,147098,Mastercard,Crédito,Crédito Parcelado Lojista,2025-04-03 11:27,2025-04-03,2025-04,Aprovada,10,2025-05-05,720399,000001887,14490157,2380.0,-62.12,2317.88,Nacional
Oticas_BH,18960845000194,147098,Visa,Crédito,Crédito Parcelado Lojista,2025-04-03 13:49,2025-04-03,2025-04,Aprovada,05,2025-05-05,600393,000001889,14490157,3990.0,-89.78,3900.22,Nacional
Oticas_BH,18960845000194,147098,Visa,Crédito,Crédito Parcelado Lojista,2025-04-03 13:50,2025-04-03,2025-04,Aprovada,06,2025-05-05,130414,000001893,14490157,1472.0,-33.12,1438.88,Nacional
Oticas_BH,18960845000194,147098,Visa,Crédito,Crédito Parcelado Lojista,2025-04-03 16:14,2025-04-03,2025-04,Aprovada,10,2025-05-05,076300,000001895,14490157,2310.0,-55.44,2254.56,Nacional
Oticas_BH,18960845000194,147098,Visa,Crédito,Crédito Parcelado Lojista,2025-04-03 16:35,2025-04-03,2025-04,Aprovada,08,2025-05-05,089925,000001897,14490157,800.0,-19.2,780.8,Nacional
Oticas_BH,18960845000194,147098,Mastercard,Crédito,Crédito Parcelado Lojista,2025-04-04 09:39,2025-04-04,2025-04,Negada,03,,000000,000001899,14490157,590.0,0,0,N/A
Oticas_BH,18960845000194,147098,Mastercard,Crédito,Crédito Parcelado Lojista,2025-04-04 09:40,2025-04-04,2025-04,Aprovada,03,2025-05-05,R04753,000001903,14490157,590.0,-14.16,575.84,Nacional
Oticas_BH,18960845000194,147098,Elo,Débito,Débito,2025-04-04 14:28,2025-04-04,2025-04,Aprovada,01,2025-04-07,066619,000001905,14490157,425.0,-5.31,419.69,Nacional
Oticas_BH,18960845000194,147098,Mastercard,Crédito,Crédito Parcelado Lojista,2025-04-04 14:32,2025-04-04,2025-04,Aprovada,10,2025-05-05,420572,000001907,14490157,1740.0,-45.41,1694.59,Nacional
Oticas_BH,18960845000194,147098,Mastercard,Crédito,Crédito Parcelado Lojista,2025-04-04 14:57,2025-04-04,2025-04,Aprovada,10,2025-05-05,655352,000001909,14490157,1680.0,-43.85,1636.15,Nacional
Oticas_BH,18960845000194,147098,Visa,Crédito,Crédito Parcelado Lojista,2025-04-04 16:39,2025-04-04,2025-04,Aprovada,10,2025-05-05,991741,000001911,14490157,490.0,-11.76,478.24,Nacional
Oticas_BH,18960845000194,147098,Visa,Crédito,Crédito Parcelado Lojista,2025-04-04 16:44,2025-04-04,2025-04,Aprovada,10,2025-05-05,018364,000001913,14490157,2550.0,-61.2,2488.8,Nacional
Oticas_BH,18960845000194,147098,Mastercard,Crédito,Crédito Parcelado Lojista,2025-04-04 16:55,2025-04-04,2025-04,Aprovada,10,2025-05-05,673478,000001915,14490157,980.0,-25.58,954.42,Nacional
Oticas_BH,18960845000194,147098,Mastercard,Crédito,Crédito Parcelado Lojista,2025-04-05 09:30,2025-04-05,2025-04,Aprovada,10,2025-05-06,952232,000001917,14490157,1480.0,-38.63,1441.37,Nacional
Oticas_BH,18960845000194,147098,Visa,Crédito,Crédito Parcelado Lojista,2025-04-07 09:58,2025-04-07,2025-04,Negada,10,,000000,000001921,14490157,1700.0,0,0,N/A
Oticas_BH,18960845000194,147098,Visa,Crédito,Crédito Parcelado Lojista,2025-04-07 09:59,2025-04-07,2025-04,Aprovada,10,2025-05-08,150445,000001925,14490157,1700.0,-40.8,1659.2,Nacional
Oticas_BH,18960845000194,147098,Visa,Crédito,Crédito Parcelado Lojista,2025-04-07 10:13,2025-04-07,2025-04,Aprovada,03,2025-05-08,632584,000001927,14490157,531.0,-11.95,519.05,Nacional
Oticas_BH,18960845000194,147098,Visa,Débito,Débito,2025-04-07 12:05,2025-04-07,2025-04,Aprovada,01,2025-04-08,053070,000001929,14490157,108.0,-1.35,106.65,Nacional
Oticas_BH,18960845000194,147098,Mastercard,Crédito,Crédito Parcelado Lojista,2025-04-08 08:42,2025-04-08,2025-04,Aprovada,04,2025-05-09,R35496,000001931,14490157,4650.0,-111.6,4538.4,Nacional
Oticas_BH,18960845000194,147098,Visa,Crédito,Crédito Parcelado Lojista,2025-04-08 13:51,2025-04-08,2025-04,Aprovada,10,2025-05-09,951267,000001935,14490157,2450.0,-58.8,2391.2,Nacional
Oticas_BH,18960845000194,147098,Visa,Crédito,Crédito Parcelado Lojista,2025-04-08 14:02,2025-04-08,2025-04,Aprovada,10,2025-05-09,995541,000001937,14490157,2400.0,-57.6,2342.4,Nacional
Oticas_BH,18960845000194,147098,Mastercard,Crédito,Crédito Parcelado Lojista,2025-04-09 09:50,2025-04-09,2025-04,Aprovada,10,2025-05-12,512582,000001939,14490157,2300.0,-60.03,2239.97,Nacional
Oticas_BH,18960845000194,147098,Mastercard,Crédito,Crédito Parcelado Lojista,2025-04-09 10:05,2025-04-09,2025-04,Aprovada,10,2025-05-12,964358,000001943,14490157,1980.0,-51.68,1928.32,Nacional
Oticas_BH,18960845000194,147098,Visa,Crédito,Crédito Parcelado Lojista,2025-04-09 10:08,2025-04-09,2025-04,Aprovada,02,2025-05-12,774732,000001945,14490157,560.0,-12.6,547.4,Nacional
Oticas_BH,18960845000194,147098,Visa,Crédito,Crédito Parcelado Lojista,2025-04-09 10:33,2025-04-09,2025-04,Aprovada,06,2025-05-12,635254,000001947,14490157,1150.0,-25.88,1124.12,Nacional
Oticas_BH,18960845000194,147098,Elo,Crédito,Crédito Parcelado Lojista,2025-04-09 14:25,2025-04-09,2025-04,Aprovada,02,2025-05-12,037906,000001949,14490157,80.0,-1.8,78.2,Nacional
Oticas_BH,18960845000194,147098,Mastercard,Débito,Débito,2025-04-09 15:15,2025-04-09,2025-04,Aprovada,01,2025-04-10,M80137,000001951,14490157,350.0,-4.55,345.45,Nacional
Oticas_BH,18960845000194,147098,Mastercard,Crédito,Crédito À Vista,2025-04-09 15:15,2025-04-09,2025-04,Aprovada,01,2025-05-12,R01334,000001953,14490157,200.0,-3.8,196.2,Nacional
Oticas_BH,18960845000194,147098,Mastercard,Crédito,Crédito Parcelado Lojista,2025-04-09 16:05,2025-04-09,2025-04,Aprovada,10,2025-05-12,131368,000001955,14490157,3585.0,-93.57,3491.43,Nacional
Oticas_BH,18960845000194,147098,Mastercard,Crédito,Crédito Parcelado Lojista,2025-04-10 10:39,2025-04-10,2025-04,Negada,03,,000000,000001957,14490157,3239.0,0,0,N/A
Oticas_BH,18960845000194,147098,Mastercard,Crédito,Crédito Parcelado Lojista,2025-04-10 10:40,2025-04-10,2025-04,Negada,03,,000000,000001961,14490157,3239.0,0,0,N/A
Oticas_BH,18960845000194,147098,Mastercard,Crédito,Crédito Parcelado Lojista,2025-04-10 10:40,2025-04-10,2025-04,Negada,03,,000000,000001963,14490157,3239.0,0,0,N/A
Oticas_BH,18960845000194,147098,Mastercard,Crédito,Crédito Parcelado Lojista,2025-04-10 10:43,2025-04-10,2025-04,Aprovada,03,2025-05-12,016316,000001965,14490157,3239.0,-77.74,3161.26,Nacional
Oticas_BH,18960845000194,147098,Visa,Crédito,Crédito Parcelado Lojista,2025-04-10 13:38,2025-04-10,2025-04,Aprovada,06,2025-05-12,918595,000001967,14490157,3290.0,-74.03,3215.97,Nacional
Oticas_BH,18960845000194,147098,Mastercard,Crédito,Crédito Parcelado Lojista,2025-04-10 15:03,2025-04-10,2025-04,Aprovada,06,2025-05-12,032665,000001969,14490157,530.0,-12.72,517.28,Nacional
Oticas_BH,18960845000194,147098,Mastercard,Crédito,Crédito Parcelado Lojista,2025-04-10 16:14,2025-04-10,2025-04,Negada,04,,000000,000001971,14490157,750.0,0,0,N/A
Oticas_BH,18960845000194,147098,Mastercard,Crédito,Crédito Parcelado Lojista,2025-04-10 16:19,2025-04-10,2025-04,Negada,04,,000000,000001973,14490157,750.0,0,0,N/A
Oticas_BH,18960845000194,147098,Visa,Crédito,Crédito Parcelado Lojista,2025-04-11 10:08,2025-04-11,2025-04,Aprovada,10,2025-05-12,082962,000001975,14490157,1350.0,-32.4,1317.6,Nacional
Oticas_BH,18960845000194,147098,Mastercard,Crédito,Crédito Parcelado Lojista,2025-04-11 11:19,2025-04-11,2025-04,Aprovada,06,2025-05-12,011403,000001979,14490157,1350.0,-32.4,1317.6,Nacional
Oticas_BH,18960845000194,147098,Mastercard,Crédito,Crédito Parcelado Lojista,2025-04-11 12:02,2025-04-11,2025-04,Aprovada,04,2025-05-12,588487,000001981,14490157,750.0,-18.0,732.0,Nacional
Oticas_BH,18960845000194,147098,Visa,Crédito,Crédito Parcelado Lojista,2025-04-11 13:55,2025-04-11,2025-04,Negada,06,,000000,000001983,14490157,1080.0,0,0,N/A
Oticas_BH,18960845000194,147098,Visa,Crédito,Crédito Parcelado Lojista,2025-04-11 14:01,2025-04-11,2025-04,Aprovada,06,2025-05-12,893745,000001985,14490157,1080.0,-24.3,1055.7,Nacional
Oticas_BH,18960845000194,147098,Elo,Crédito,Crédito Parcelado Lojista,2025-04-11 15:10,2025-04-11,2025-04,Aprovada,04,2025-05-12,990981,000001987,14490157,690.0,-15.53,674.47,Nacional
Oticas_BH,18960845000194,147098,Visa,Crédito,Crédito Parcelado Lojista,2025-04-11 16:36,2025-04-11,2025-04,Aprovada,08,2025-05-12,023098,000001989,14490157,1720.0,-41.28,1678.72,Nacional
Oticas_BH,18960845000194,147098,Mastercard,Crédito,Crédito Parcelado Lojista,2025-04-11 16:50,2025-04-11,2025-04,Negada,10,,000000,000001991,14490157,2500.0,0,0,N/A
Oticas_BH,18960845000194,147098,Visa,Crédito,Crédito Parcelado Lojista,2025-04-11 16:51,2025-04-11,2025-04,Negada,10,,000000,000001993,14490157,2500.0,0,0,N/A
Oticas_BH,18960845000194,147098,Visa,Crédito,Crédito Parcelado Lojista,2025-04-12 10:44,2025-04-12,2025-04,Negada,06,,000000,000001995,14490157,3000.0,0,0,N/A
Oticas_BH,18960845000194,147098,Visa,Crédito,Crédito Parcelado Lojista,2025-04-12 10:50,2025-04-12,2025-04,Aprovada,06,2025-05-13,209549,000001999,14490157,2800.0,-63.0,2737.0,Nacional
Oticas_BH,18960845000194,147098,Visa,Débito,Débito,2025-04-12 10:56,2025-04-12,2025-04,Aprovada,01,2025-04-14,139387,000002001,14490157,200.0,-2.5,197.5,Nacional
Oticas_BH,18960845000194,147098,Elo,Crédito,Crédito Parcelado Lojista,2025-04-12 11:58,2025-04-12,2025-04,Aprovada,10,2025-05-13,227540,000002003,14490157,2950.0,-70.8,2879.2,Nacional
Oticas_BH,18960845000194,147098,Visa,Crédito,Crédito Parcelado Lojista,2025-04-14 12:30,2025-04-14,2025-04,Aprovada,05,2025-05-15,28LBDT,000002005,14490157,2000.0,-45.0,1955.0,Nacional
Oticas_BH,18960845000194,147098,Mastercard,Crédito,Crédito Parcelado Lojista,2025-04-15 10:06,2025-04-15,2025-04,Aprovada,03,2025-05-16,088455,000002009,14490157,1320.0,-31.68,1288.32,Nacional
Oticas_BH,18960845000194,147098,Mastercard,Crédito,Crédito Parcelado Lojista,2025-04-15 11:00,2025-04-15,2025-04,Aprovada,03,2025-05-16,083533,000002013,14490157,1490.0,-35.76,1454.24,Nacional
Oticas_BH,18960845000194,147098,Mastercard,Débito,Débito,2025-04-15 11:16,2025-04-15,2025-04,Aprovada,01,2025-04-16,M76030,000002015,14490157,100.0,-1.3,98.7,Nacional
Oticas_BH,18960845000194,147098,Mastercard,Crédito,Crédito Parcelado Lojista,2025-04-15 12:40,2025-04-15,2025-04,Aprovada,05,2025-05-16,035758,000002017,14490157,1980.0,-47.52,1932.48,Nacional
Oticas_BH,18960845000194,147098,Visa,Crédito,Crédito Parcelado Lojista,2025-04-15 15:23,2025-04-15,2025-04,Aprovada,05,2025-05-16,699967,000002019,14490157,1150.0,-25.88,1124.12,Nacional
Oticas_BH,18960845000194,147098,Mastercard,Débito,Débito,2025-04-15 15:34,2025-04-15,2025-04,Aprovada,01,2025-04-16,M81705,000002021,14490157,1000.0,-13.0,987.0,Nacional
Oticas_BH,18960845000194,147098,Visa,Crédito,Crédito Parcelado Lojista,2025-04-15 16:08,2025-04-15,2025-04,Aprovada,10,2025-05-16,026002,000002023,14490157,2650.0,-63.6,2586.4,Nacional
Oticas_BH,18960845000194,147098,Mastercard,Crédito,Crédito Parcelado Lojista,2025-04-15 16:37,2025-04-15,2025-04,Aprovada,08,2025-05-16,R08874,000002025,14490157,2000.0,-52.2,1947.8,Nacional
Oticas_BH,18960845000194,147098,Visa,Crédito,Crédito Parcelado Lojista,2025-04-16 11:01,2025-04-16,2025-04,Aprovada,08,2025-05-19,612897,000002027,14490157,2300.0,-55.2,2244.8,Nacional
Oticas_BH,18960845000194,147098,Visa,Crédito,Crédito Parcelado Lojista,2025-04-16 13:19,2025-04-16,2025-04,Aprovada,10,2025-05-19,602011,000002031,14490157,1850.0,-44.4,1805.6,Nacional
Oticas_BH,18960845000194,147098,Visa,Crédito,Crédito Parcelado Lojista,2025-04-16 14:03,2025-04-16,2025-04,Aprovada,10,2025-05-19,676751,000002033,14490157,1560.0,-37.44,1522.56,Nacional
Oticas_BH,18960845000194,147098,Mastercard,Crédito,Crédito Parcelado Lojista,2025-04-16 15:32,2025-04-16,2025-04,Aprovada,08,2025-05-19,958157,000002035,14490157,1000.0,-26.1,973.9,Nacional
Oticas_BH,18960845000194,147098,Mastercard,Crédito,Crédito Parcelado Lojista,2025-04-16 16:32,2025-04-16,2025-04,Aprovada,04,2025-05-19,080998,000002037,14490157,1300.0,-31.2,1268.8,Nacional
Oticas_BH,18960845000194,147098,Mastercard,Crédito,Crédito Parcelado Lojista,2025-04-17 09:45,2025-04-17,2025-04,Aprovada,10,2025-05-19,090238,000002039,14490157,1500.0,-39.15,1460.85,Nacional
Oticas_BH,18960845000194,147098,Visa,Crédito,Crédito Parcelado Lojista,2025-04-17 10:44,2025-04-17,2025-04,Aprovada,10,2025-05-19,642002,000002043,14490157,2290.0,-54.96,2235.04,Nacional
Oticas_BH,18960845000194,147098,Visa,Crédito,Crédito Parcelado Lojista,2025-04-17 11:14,2025-04-17,2025-04,Aprovada,03,2025-05-19,057669,000002045,14490157,1980.0,-44.55,1935.45,Nacional
Oticas_BH,18960845000194,147098,Visa,Crédito,Crédito Parcelado Lojista,2025-04-17 12:56,2025-04-17,2025-04,Aprovada,10,2025-05-19,099547,000002047,14490157,1050.0,-25.2,1024.8,Nacional
Oticas_BH,18960845000194,147098,Visa,Crédito,Crédito Parcelado Lojista,2025-04-22 09:46,2025-04-22,2025-04,Aprovada,02,2025-05-23,711818,000002049,14490157,3345.0,-75.26,3269.74,Nacional
Oticas_BH,18960845000194,147098,Mastercard,Débito,Débito,2025-04-22 13:31,2025-04-22,2025-04,Aprovada,01,2025-04-23,420830,000002053,14490157,1850.0,-24.05,1825.95,Nacional
Oticas_BH,18960845000194,147098,Mastercard,Débito,Débito,2025-04-22 14:49,2025-04-22,2025-04,Aprovada,01,2025-04-23,M56740,000002055,14490157,2000.0,-26.0,1974.0,Nacional
Oticas_BH,18960845000194,147098,Mastercard,Crédito,Crédito Parcelado Lojista,2025-04-22 14:52,2025-04-22,2025-04,Aprovada,10,2025-05-23,038152,000002057,14490157,3070.0,-80.13,2989.87,Nacional
Oticas_BH,18960845000194,147098,Mastercard,Crédito,Crédito Parcelado Lojista,2025-04-22 14:54,2025-04-22,2025-04,Aprovada,10,2025-05-23,099709,000002059,14490157,1975.0,-51.55,1923.45,Nacional
Oticas_BH,18960845000194,147098,Mastercard,Crédito,Crédito Parcelado Lojista,2025-04-22 15:47,2025-04-22,2025-04,Aprovada,05,2025-05-23,R04983,000002061,14490157,1330.0,-31.92,1298.08,Nacional
Oticas_BH,18960845000194,147098,Visa,Crédito,Crédito Parcelado Lojista,2025-04-22 16:02,2025-04-22,2025-04,Aprovada,05,2025-05-23,059902,000002063,14490157,680.0,-15.3,664.7,Nacional
Oticas_BH,18960845000194,147098,Visa,Crédito,Crédito Parcelado Lojista,2025-04-22 17:19,2025-04-22,2025-04,Aprovada,04,2025-05-23,761444,000002065,14490157,590.0,-13.28,576.72,Nacional
Oticas_BH,18960845000194,147098,Mastercard,Crédito,Crédito Parcelado Lojista,2025-04-23 09:35,2025-04-23,2025-04,Aprovada,04,2025-05-26,352459,000002067,14490157,590.0,-14.16,575.84,Nacional
Oticas_BH,18960845000194,147098,Visa,Crédito,Crédito Parcelado Lojista,2025-04-23 10:26,2025-04-23,2025-04,Aprovada,10,2025-05-26,001575,000002071,14490157,1000.0,-24.0,976.0,Nacional
Oticas_BH,18960845000194,147098,Mastercard,Crédito,Crédito Parcelado Lojista,2025-04-23 10:27,2025-04-23,2025-04,Aprovada,10,2025-05-26,075097,000002073,14490157,1500.0,-39.15,1460.85,Nacional
Oticas_BH,18960845000194,147098,Visa,Crédito,Crédito Parcelado Lojista,2025-04-23 11:20,2025-04-23,2025-04,Aprovada,06,2025-05-26,986548,000002075,14490157,1550.0,-34.88,1515.12,Nacional
Oticas_BH,18960845000194,147098,Visa,Crédito,Crédito Parcelado Lojista,2025-04-23 14:48,2025-04-23,2025-04,Aprovada,10,2025-05-26,484758,000002077,14490157,1850.0,-44.4,1805.6,Nacional
Oticas_BH,18960845000194,147098,Visa,Débito,Débito,2025-04-24 11:50,2025-04-24,2025-04,Aprovada,01,2025-04-25,248176,000002079,14490157,1880.0,-23.5,1856.5,Nacional
Oticas_BH,18960845000194,147098,Mastercard,Crédito,Crédito Parcelado Lojista,2025-04-24 14:34,2025-04-24,2025-04,Negada,10,,000000,000002083,14490157,2800.0,0,0,N/A
Oticas_BH,18960845000194,147098,Mastercard,Crédito,Crédito Parcelado Lojista,2025-04-24 14:37,2025-04-24,2025-04,Negada,10,,000000,000002085,14490157,2800.0,0,0,N/A
Oticas_BH,18960845000194,147098,Mastercard,Crédito,Crédito Parcelado Lojista,2025-04-24 14:39,2025-04-24,2025-04,Aprovada,10,2025-05-26,061085,000002087,14490157,2800.0,-73.08,2726.92,Nacional
Oticas_BH,18960845000194,147098,Mastercard,Crédito,Crédito Parcelado Lojista,2025-04-25 10:29,2025-04-25,2025-04,Aprovada,05,2025-05-26,043715,000002089,14490157,950.0,-22.8,927.2,Nacional
Oticas_BH,18960845000194,147098,Mastercard,Crédito,Crédito Parcelado Lojista,2025-04-25 13:33,2025-04-25,2025-04,Aprovada,05,2025-05-26,012601,000002093,14490157,2450.0,-58.8,2391.2,Nacional
Oticas_BH,18960845000194,147098,Visa,Crédito,Crédito Parcelado Lojista,2025-04-25 14:40,2025-04-25,2025-04,Aprovada,10,2025-05-26,402153,000002095,14490157,2800.0,-67.2,2732.8,Nacional
Oticas_BH,18960845000194,147098,Elo,Crédito,Crédito Parcelado Lojista,2025-04-25 14:54,2025-04-25,2025-04,Negada,05,,000000,000002097,14490157,7550.0,0,0,N/A
Oticas_BH,18960845000194,147098,Elo,Crédito,Crédito Parcelado Lojista,2025-04-25 14:55,2025-04-25,2025-04,Negada,05,,000000,000002099,14490157,7550.0,0,0,N/A
Oticas_BH,18960845000194,147098,Elo,Crédito,Crédito Parcelado Lojista,2025-04-25 15:11,2025-04-25,2025-04,Negada,05,,000000,000002101,14490157,7550.0,0,0,N/A
Oticas_BH,18960845000194,147098,Elo,Crédito,Crédito Parcelado Lojista,2025-04-25 15:12,2025-04-25,2025-04,Negada,05,,000000,000002103,14490157,7550.0,0,0,N/A
Oticas_BH,18960845000194,147098,Elo,Crédito,Crédito Parcelado Lojista,2025-04-25 15:13,2025-04-25,2025-04,Negada,05,,000000,000002105,14490157,7550.0,0,0,N/A
Oticas_BH,18960845000194,147098,Visa,Crédito,Crédito Parcelado Lojista,2025-04-25 15:15,2025-04-25,2025-04,Aprovada,10,2025-05-26,263205,000002107,14490157,2320.0,-55.68,2264.32,Nacional
Oticas_BH,18960845000194,147098,Elo,Crédito,Crédito À Vista,2025-04-25 15:31,2025-04-25,2025-04,Aprovada,01,2025-04-29,310735,000002109,14490157,7550.0,-143.45,7406.55,Nacional pré pago
Oticas_BH,18960845000194,147098,Visa,Crédito,Crédito Parcelado Lojista,2025-04-25 17:30,2025-04-25,2025-04,Aprovada,10,2025-05-26,977960,000002111,14490157,1100.0,-26.4,1073.6,Nacional
Oticas_BH,18960845000194,147098,Visa,Crédito,Crédito Parcelado Lojista,2025-04-28 12:05,2025-04-28,2025-04,Aprovada,10,2025-05-29,091114,000002113,14490157,6130.0,-147.12,5982.88,Nacional
Oticas_BH,18960845000194,147098,Mastercard,Crédito,Crédito Parcelado Lojista,2025-04-28 17:41,2025-04-28,2025-04,Aprovada,10,2025-05-29,001867,000002117,14490157,1250.0,-32.63,1217.37,Nacional
Oticas_BH,18960845000194,147098,Mastercard,Crédito,Crédito Parcelado Lojista,2025-04-29 11:37,2025-04-29,2025-04,Aprovada,02,2025-05-30,987887,000002119,14490157,780.0,-18.72,761.28,Nacional
Oticas_BH,18960845000194,147098,Mastercard,Crédito,Crédito Parcelado Lojista,2025-04-29 12:24,2025-04-29,2025-04,Aprovada,10,2025-05-30,039550,000002123,14490157,2100.0,-54.81,2045.19,Nacional
Oticas_BH,18960845000194,147098,Visa,Crédito,Crédito Parcelado Lojista,2025-04-29 13:01,2025-04-29,2025-04,Aprovada,02,2025-05-30,612707,000002125,14490157,590.0,-13.28,576.72,Nacional
Oticas_BH,18960845000194,147098,Visa,Crédito,Crédito Parcelado Lojista,2025-04-29 16:35,2025-04-29,2025-04,Aprovada,10,2025-05-30,863235,000002127,14490157,3600.0,-86.4,3513.6,Nacional
Oticas_BH,18960845000194,147098,Mastercard,Crédito,Crédito Parcelado Lojista,2025-04-30 10:07,2025-04-30,2025-04,Aprovada,10,2025-06-02,617324,000002129,14490157,2449.0,-63.92,2385.08,Nacional
Oticas_BH,18960845000194,147098,Mastercard,Crédito,Crédito Parcelado Lojista,2025-04-30 10:34,2025-04-30,2025-04,Aprovada,03,2025-06-02,097453,000002133,14490157,1920.0,-46.08,1873.92,Nacional
Oticas_BH,18960845000194,147098,Visa,Crédito,Crédito Parcelado Lojista,2025-04-30 10:57,2025-04-30,2025-04,Aprovada,10,2025-06-02,571263,000002135,14490157,1380.0,-33.12,1346.88,Nacional
Oticas_BH,18960845000194,147098,Mastercard,Crédito,Crédito Parcelado Lojista,2025-04-30 11:24,2025-04-30,2025-04,Aprovada,08,2025-06-02,291382,000002137,14490157,1440.0,-37.58,1402.42,Nacional
Oticas_BH,18960845000194,147098,Visa,Crédito,Crédito Parcelado Lojista,2025-04-30 12:03,2025-04-30,2025-04,Aprovada,06,2025-06-02,010163,000002139,14490157,900.0,-20.25,879.75,Nacional
Oticas_BH,18960845000194,147098,Visa,Crédito,Crédito Parcelado Lojista,2025-05-02 14:07,2025-05-02,2025-05,Aprovada,04,2025-06-02,050878,000002141,14490157,1000.0,-22.5,977.5,Nacional
Oticas_BH,18960845000194,147098,Mastercard,Crédito,Crédito À Vista,2025-05-02 17:03,2025-05-02,2025-05,Aprovada,01,2025-06-02,223328,000002145,14490157,50.0,-0.95,49.05,Nacional
Oticas_BH,18960845000194,147098,Visa,Crédito,Crédito Parcelado Lojista,2025-05-03 09:39,2025-05-03,2025-05,Aprovada,10,2025-06-03,022470,000002147,14490157,3580.0,-85.92,3494.08,Nacional
Oticas_BH,18960845000194,147098,Visa,Crédito,Crédito Parcelado Lojista,2025-05-05 12:38,2025-05-05,2025-05,Aprovada,08,2025-06-05,055431,000002151,14490157,400.0,-9.6,390.4,Nacional
Oticas_BH,18960845000194,147098,Mastercard,Débito,Débito,2025-05-05 16:29,2025-05-05,2025-05,Aprovada,01,2025-05-06,Y4hKNd,000002155,14490157,100.0,-1.3,98.7,Nacional
Oticas_BH,18960845000194,147098,Visa,Crédito,Crédito Parcelado Lojista,2025-05-06 08:29,2025-05-06,2025-05,Aprovada,06,2025-06-06,013226,000002157,14490157,1890.0,-42.53,1847.47,Nacional
Oticas_BH,18960845000194,147098,Mastercard,Crédito,Crédito Parcelado Lojista,2025-05-06 12:33,2025-05-06,2025-05,Aprovada,06,2025-06-06,065068,000002161,14490157,550.0,-13.2,536.8,Nacional
Oticas_BH,18960845000194,147098,Visa,Crédito,Crédito Parcelado Lojista,2025-05-06 14:39,2025-05-06,2025-05,Aprovada,07,2025-06-06,553162,000002163,14490157,2600.0,-62.4,2537.6,Nacional
Oticas_BH,18960845000194,147098,Visa,Crédito,Crédito Parcelado Lojista,2025-05-06 14:51,2025-05-06,2025-05,Aprovada,06,2025-06-06,327658,000002165,14490157,2167.0,-48.76,2118.24,Nacional
Oticas_BH,18960845000194,147098,Mastercard,Crédito,Crédito Parcelado Lojista,2025-05-06 14:56,2025-05-06,2025-05,Aprovada,10,2025-06-06,078355,000002167,14490157,1700.0,-44.37,1655.63,Nacional
Oticas_BH,18960845000194,147098,Mastercard,Crédito,Crédito Parcelado Lojista,2025-05-06 15:30,2025-05-06,2025-05,Aprovada,05,2025-06-06,424338,000002169,14490157,590.0,-14.16,575.84,Nacional
Oticas_BH,18960845000194,147098,Visa,Crédito,Crédito Parcelado Lojista,2025-05-06 15:57,2025-05-06,2025-05,Aprovada,02,2025-06-06,125308,000002171,14490157,180.0,-4.05,175.95,Nacional
Oticas_BH,18960845000194,147098,Mastercard,Crédito,Crédito Parcelado Lojista,2025-05-06 17:29,2025-05-06,2025-05,Aprovada,06,2025-06-06,256972,000002173,14490157,890.0,-21.36,868.64,Nacional
Oticas_BH,18960845000194,147098,Visa,Crédito,Crédito Parcelado Lojista,2025-05-07 10:19,2025-05-07,2025-05,Aprovada,10,2025-06-09,076378,000002175,14490157,4830.0,-115.92,4714.08,Nacional
Oticas_BH,18960845000194,147098,Mastercard,Crédito,Crédito Parcelado Lojista,2025-05-07 10:50,2025-05-07,2025-05,Aprovada,06,2025-06-09,502064,000002179,14490157,590.0,-14.16,575.84,Nacional
Oticas_BH,18960845000194,147098,Mastercard,Crédito,Crédito Parcelado Lojista,2025-05-07 11:11,2025-05-07,2025-05,Aprovada,06,2025-06-09,896499,000002181,14490157,540.0,-12.96,527.04,Nacional
Oticas_BH,18960845000194,147098,Mastercard,Crédito,Crédito Parcelado Lojista,2025-05-07 11:50,2025-05-07,2025-05,Aprovada,10,2025-06-09,187762,000002183,14490157,2400.0,-62.64,2337.36,Nacional
Oticas_BH,18960845000194,147098,Visa,Crédito,Crédito Parcelado Lojista,2025-05-07 13:51,2025-05-07,2025-05,Aprovada,10,2025-06-09,043615,000002185,14490157,2400.0,-57.6,2342.4,Nacional
Oticas_BH,18960845000194,147098,Visa,Crédito,Crédito Parcelado Lojista,2025-05-07 14:53,2025-05-07,2025-05,Aprovada,06,2025-06-09,300906,000002187,14490157,2180.0,-49.05,2130.95,Nacional
Oticas_BH,18960845000194,147098,Mastercard,Crédito,Crédito Parcelado Lojista,2025-05-08 09:10,2025-05-08,2025-05,Aprovada,10,2025-06-09,014867,000002189,14490157,6400.0,-167.04,6232.96,Nacional
Oticas_BH,18960845000194,147098,Visa,Crédito,Crédito Parcelado Lojista,2025-05-08 09:43,2025-05-08,2025-05,Aprovada,10,2025-06-09,090587,000002193,14490157,2150.0,-51.6,2098.4,Nacional
Oticas_BH,18960845000194,147098,Mastercard,Débito,Débito,2025-05-08 12:13,2025-05-08,2025-05,Aprovada,01,2025-05-09,M07024,000002195,14490157,108.0,-1.4,106.6,Nacional
Oticas_BH,18960845000194,147098,Mastercard,Crédito,Crédito Parcelado Lojista,2025-05-08 14:06,2025-05-08,2025-05,Aprovada,02,2025-06-09,031421,000002197,14490157,800.0,-19.2,780.8,Nacional
Oticas_BH,18960845000194,147098,Mastercard,Débito,Débito,2025-05-08 14:06,2025-05-08,2025-05,Aprovada,01,2025-05-09,M94316,000002199,14490157,440.0,-5.72,434.28,Nacional
Oticas_BH,18960845000194,147098,Visa,Débito,Débito,2025-05-08 15:35,2025-05-08,2025-05,Aprovada,01,2025-05-09,256147,000002201,14490157,560.0,-7.0,553.0,Nacional
Oticas_BH,18960845000194,147098,Mastercard,Débito,Débito,2025-05-09 07:48,2025-05-09,2025-05,Aprovada,01,2025-05-12,M18695,000002203,14490157,500.0,-6.5,493.5,Nacional
Oticas_BH,18960845000194,147098,Visa,Crédito,Crédito Parcelado Lojista,2025-05-09 11:25,2025-05-09,2025-05,Aprovada,10,2025-06-09,571100,000002207,14490157,1480.0,-35.52,1444.48,Nacional
Oticas_BH,18960845000194,147098,Visa,Crédito,Crédito Parcelado Lojista,2025-05-09 13:46,2025-05-09,2025-05,Aprovada,10,2025-06-09,371900,000002209,14490157,12000.0,-288.0,11712.0,Nacional
Oticas_BH,18960845000194,147098,Mastercard,Crédito,Crédito Parcelado Lojista,2025-05-09 15:31,2025-05-09,2025-05,Aprovada,04,2025-06-09,352392,000002211,14490157,560.0,-13.44,546.56,Nacional
Oticas_BH,18960845000194,147098,Mastercard,Crédito,Crédito Parcelado Lojista,2025-05-09 17:04,2025-05-09,2025-05,Aprovada,06,2025-06-09,073062,000002213,14490157,900.0,-21.6,878.4,Nacional
Oticas_BH,18960845000194,147098,Mastercard,Crédito,Crédito Parcelado Lojista,2025-05-10 11:29,2025-05-10,2025-05,Aprovada,06,2025-06-10,030346,000002215,14490157,890.0,-21.36,868.64,Nacional
Oticas_BH,18960845000194,147098,Mastercard,Crédito,Crédito Parcelado Lojista,2025-05-12 15:43,2025-05-12,2025-05,Aprovada,06,2025-06-12,R08084,000002219,14490157,2290.0,-54.96,2235.04,Nacional
Oticas_BH,18960845000194,147098,Visa,Débito,Débito,2025-05-13 10:26,2025-05-13,2025-05,Aprovada,01,2025-05-14,037979,000002223,14490157,800.0,-10.0,790.0,Nacional
Oticas_BH,18960845000194,147098,Mastercard,Crédito,Crédito Parcelado Lojista,2025-05-13 11:43,2025-05-13,2025-05,Aprovada,10,2025-06-13,746072,000002227,14490157,2675.0,-69.82,2605.18,Nacional
Oticas_BH,18960845000194,147098,Visa,Crédito,Crédito Parcelado Lojista,2025-05-13 12:14,2025-05-13,2025-05,Aprovada,04,2025-06-13,645554,000002229,14490157,500.0,-11.25,488.75,Nacional
Oticas_BH,18960845000194,147098,Mastercard,Crédito,Crédito Parcelado Lojista,2025-05-13 15:49,2025-05-13,2025-05,Aprovada,05,2025-06-13,074815,000002231,14490157,800.0,-19.2,780.8,Nacional
Oticas_BH,18960845000194,147098,Visa,Crédito,Crédito Parcelado Lojista,2025-05-13 16:24,2025-05-13,2025-05,Aprovada,10,2025-06-13,062744,000002233,14490157,1640.0,-39.36,1600.64,Nacional
Oticas_BH,18960845000194,147098,Visa,Crédito,Crédito Parcelado Lojista,2025-05-13 17:57,2025-05-13,2025-05,Aprovada,08,2025-06-13,029928,000002235,14490157,800.0,-19.2,780.8,Nacional
Oticas_BH,18960845000194,147098,Visa,Crédito,Crédito Parcelado Lojista,2025-05-14 10:17,2025-05-14,2025-05,Aprovada,03,2025-06-16,312092,000002237,14490157,550.0,-12.38,537.62,Nacional
Oticas_BH,18960845000194,147098,Visa,Crédito,Crédito Parcelado Lojista,2025-05-14 12:05,2025-05-14,2025-05,Aprovada,02,2025-06-16,023141,000002241,14490157,1080.0,-24.3,1055.7,Nacional
Oticas_BH,18960845000194,147098,Visa,Crédito,Crédito Parcelado Lojista,2025-05-14 14:46,2025-05-14,2025-05,Aprovada,06,2025-06-16,722609,000002243,14490157,1000.0,-22.5,977.5,Nacional
Oticas_BH,18960845000194,147098,Mastercard,Crédito,Crédito Parcelado Lojista,2025-05-14 14:47,2025-05-14,2025-05,Aprovada,10,2025-06-16,006934,000002245,14490157,1050.0,-27.41,1022.59,Nacional
Oticas_BH,18960845000194,147098,Mastercard,Crédito,Crédito Parcelado Lojista,2025-05-14 15:10,2025-05-14,2025-05,Aprovada,03,2025-06-16,111556,000002247,14490157,300.0,-7.2,292.8,Nacional
Oticas_BH,18960845000194,147098,Mastercard,Crédito,Crédito Parcelado Lojista,2025-05-14 15:58,2025-05-14,2025-05,Aprovada,05,2025-06-16,766113,000002249,14490157,1700.0,-40.8,1659.2,Nacional
Oticas_BH,18960845000194,147098,Visa,Crédito,Crédito Parcelado Lojista,2025-05-14 16:15,2025-05-14,2025-05,Aprovada,06,2025-06-16,831735,000002251,14490157,900.0,-20.25,879.75,Nacional
Oticas_BH,18960845000194,147098,Mastercard,Crédito,Crédito Parcelado Lojista,2025-05-14 16:16,2025-05-14,2025-05,Aprovada,06,2025-06-16,498830,000002253,14490157,600.0,-14.4,585.6,Nacional
Oticas_BH,18960845000194,147098,Visa,Crédito,Crédito Parcelado Lojista,2025-05-14 17:22,2025-05-14,2025-05,Aprovada,10,2025-06-16,324048,000002255,14490157,2150.0,-51.6,2098.4,Nacional
Oticas_BH,18960845000194,147098,Mastercard,Crédito,Crédito Parcelado Lojista,2025-05-15 10:42,2025-05-15,2025-05,Aprovada,06,2025-06-16,657637,000002257,14490157,630.0,-15.12,614.88,Nacional
Oticas_BH,18960845000194,147098,Visa,Débito,Débito,2025-05-15 10:43,2025-05-15,2025-05,Aprovada,01,2025-05-16,494168,000002261,14490157,630.0,-7.88,622.12,Nacional
Oticas_BH,18960845000194,147098,Visa,Crédito,Crédito À Vista,2025-05-15 13:09,2025-05-15,2025-05,Aprovada,01,2025-06-16,039728,000002263,14490157,120.0,-2.28,117.72,Nacional
Oticas_BH,18960845000194,147098,Visa,Crédito,Crédito Parcelado Lojista,2025-05-15 14:53,2025-05-15,2025-05,Aprovada,03,2025-06-16,533043,000002265,14490157,490.0,-11.03,478.97,Nacional
Oticas_BH,18960845000194,147098,Mastercard,Crédito,Crédito Parcelado Lojista,2025-05-15 15:23,2025-05-15,2025-05,Aprovada,03,2025-06-16,098837,000002267,14490157,480.0,-11.52,468.48,Nacional
Oticas_BH,18960845000194,147098,Visa,Crédito,Crédito Parcelado Lojista,2025-05-16 10:20,2025-05-16,2025-05,Aprovada,06,2025-06-16,431053,000002269,14490157,2360.0,-53.1,2306.9,Nacional
Oticas_BH,18960845000194,147098,Visa,Crédito,Crédito Parcelado Lojista,2025-05-16 15:56,2025-05-16,2025-05,Aprovada,06,2025-06-16,562351,000002273,14490157,2550.0,-57.38,2492.62,Nacional
Oticas_BH,18960845000194,147098,Visa,Crédito,Crédito Parcelado Lojista,2025-05-17 09:28,2025-05-17,2025-05,Aprovada,04,2025-06-17,009095,000002275,14490157,1300.0,-29.25,1270.75,Nacional
Oticas_BH,18960845000194,147098,Visa,Crédito,Crédito Parcelado Lojista,2025-05-17 10:04,2025-05-17,2025-05,Aprovada,02,2025-06-17,644152,000002279,14490157,800.0,-18.0,782.0,Nacional
Oticas_BH,18960845000194,147098,Visa,Crédito,Crédito Parcelado Lojista,2025-05-19 11:29,2025-05-19,2025-05,Aprovada,05,2025-06-20,991146,000002281,14490157,1000.0,-22.5,977.5,Nacional
Oticas_BH,18960845000194,147098,Mastercard,Crédito,Crédito Parcelado Lojista,2025-05-19 13:17,2025-05-19,2025-05,Aprovada,10,2025-06-20,068462,000002285,14490157,3621.0,-94.51,3526.49,Nacional
Oticas_BH,18960845000194,147098,Visa,Débito,Débito,2025-05-20 14:01,2025-05-20,2025-05,Aprovada,01,2025-05-21,126323,000002287,14490157,1500.0,-18.75,1481.25,Nacional
Oticas_BH,18960845000194,147098,Visa,Débito,Débito,2025-05-20 14:01,2025-05-20,2025-05,Aprovada,01,2025-05-21,135143,000002291,14490157,1390.0,-17.38,1372.62,Nacional
Oticas_BH,18960845000194,147098,Mastercard,Crédito,Crédito Parcelado Lojista,2025-05-20 14:58,2025-05-20,2025-05,Aprovada,10,2025-06-20,115766,000002293,14490157,3300.0,-86.13,3213.87,Nacional
Oticas_BH,18960845000194,147098,Visa,Crédito,Crédito Parcelado Lojista,2025-05-20 15:02,2025-05-20,2025-05,Aprovada,06,2025-06-20,024057,000002295,14490157,600.0,-13.5,586.5,Nacional
Oticas_BH,18960845000194,147098,Mastercard,Crédito,Crédito Parcelado Lojista,2025-05-20 15:31,2025-05-20,2025-05,Aprovada,10,2025-06-20,097132,158940245,EG551985,1200.0,-37.8,1162.2,Nacional
Oticas_BH,18960845000194,147098,Mastercard,Crédito,Crédito Parcelado Lojista,2025-05-20 16:03,2025-05-20,2025-05,Aprovada,04,2025-06-20,R05703,000002297,14490157,1590.0,-38.16,1551.84,Nacional
Oticas_BH,18960845000194,147098,Visa,Crédito,Crédito Parcelado Lojista,2025-05-20 16:10,2025-05-20,2025-05,Aprovada,03,2025-06-20,601499,000002299,14490157,600.0,-13.5,586.5,Nacional
Oticas_BH,18960845000194,147098,Visa,Crédito,Crédito À Vista,2025-05-20 16:49,2025-05-20,2025-05,Aprovada,01,2025-06-20,549339,000002301,14490157,1730.0,-32.87,1697.13,Nacional
Oticas_BH,18960845000194,147098,Elo,Débito,Débito,2025-05-21 10:14,2025-05-21,2025-05,Aprovada,01,2025-05-22,309290,000002303,14490157,100.0,-1.25,98.75,Nacional
Oticas_BH,18960845000194,147098,Mastercard,Crédito,Crédito Parcelado Lojista,2025-05-21 11:17,2025-05-21,2025-05,Aprovada,06,2025-06-23,058541,000002307,14490157,1090.0,-26.16,1063.84,Nacional
Oticas_BH,18960845000194,147098,Visa,Crédito,Crédito Parcelado Lojista,2025-05-21 12:49,2025-05-21,2025-05,Aprovada,10,2025-06-23,002408,000002309,14490157,1650.0,-39.6,1610.4,Nacional
Oticas_BH,18960845000194,147098,Mastercard,Crédito,Crédito Parcelado Lojista,2025-05-21 14:46,2025-05-21,2025-05,Aprovada,04,2025-06-23,713222,140603991,EG551985,500.0,-15.0,485.0,Nacional
Oticas_BH,18960845000194,147098,Mastercard,Crédito,Crédito Parcelado Lojista,2025-05-21 15:15,2025-05-21,2025-05,Aprovada,03,2025-06-23,502737,000002311,14490157,2100.0,-50.4,2049.6,Nacional
Oticas_BH,18960845000194,147098,Mastercard,Crédito,Crédito Parcelado Lojista,2025-05-21 15:16,2025-05-21,2025-05,Aprovada,10,2025-06-23,YQYFNW,000002313,14490157,1290.0,-33.67,1256.33,Nacional
Oticas_BH,18960845000194,147098,Visa,Crédito,Crédito Parcelado Lojista,2025-05-22 10:15,2025-05-22,2025-05,Aprovada,03,2025-06-23,654820,000002315,14490157,1690.0,-38.03,1651.97,Nacional
Oticas_BH,18960845000194,147098,Visa,Crédito,Crédito Parcelado Lojista,2025-05-22 14:32,2025-05-22,2025-05,Aprovada,10,2025-06-23,914773,000002319,14490157,1040.0,-24.96,1015.04,Nacional
Oticas_BH,18960845000194,147098,Visa,Crédito,Crédito Parcelado Lojista,2025-05-22 16:47,2025-05-22,2025-05,Aprovada,10,2025-06-23,522015,000002321,14490157,1400.0,-33.6,1366.4,Nacional
Oticas_BH,18960845000194,147098,Amex,Crédito,Crédito Parcelado Lojista,2025-05-23 08:56,2025-05-23,2025-05,Aprovada,10,2025-06-23,671516,000002323,14490157,6440.0,-215.74,6224.26,Nacional
Oticas_BH,18960845000194,147098,Mastercard,Crédito,Crédito Parcelado Lojista,2025-05-23 10:36,2025-05-23,2025-05,Aprovada,06,2025-06-23,371557,000002327,14490157,1450.0,-34.8,1415.2,Nacional
Oticas_BH,18960845000194,147098,Mastercard,Crédito,Crédito Parcelado Lojista,2025-05-23 10:42,2025-05-23,2025-05,Negada,08,,000000,000002329,14490157,1790.0,0,0,N/A
Oticas_BH,18960845000194,147098,Mastercard,Crédito,Crédito Parcelado Lojista,2025-05-23 10:45,2025-05-23,2025-05,Aprovada,03,2025-06-23,037183,000002331,14490157,360.0,-8.64,351.36,Nacional
Oticas_BH,18960845000194,147098,Visa,Crédito,Crédito Parcelado Lojista,2025-05-23 13:48,2025-05-23,2025-05,Aprovada,10,2025-06-23,045224,000002333,14490157,760.0,-18.24,741.76,Nacional
Oticas_BH,18960845000194,147098,Mastercard,Crédito,Crédito Parcelado Lojista,2025-05-23 14:25,2025-05-23,2025-05,Aprovada,03,2025-06-23,075284,000002335,14490157,2060.0,-49.44,2010.56,Nacional
Oticas_BH,18960845000194,147098,Visa,Crédito,Crédito Parcelado Lojista,2025-05-23 14:40,2025-05-23,2025-05,Aprovada,08,2025-06-23,068818,000002337,14490157,2590.0,-62.16,2527.84,Nacional
Oticas_BH,18960845000194,147098,Mastercard,Crédito,Crédito Parcelado Lojista,2025-05-23 15:38,2025-05-23,2025-05,Aprovada,10,2025-06-23,953122,000002339,14490157,4300.0,-112.23,4187.77,Nacional
Oticas_BH,18960845000194,147098,Mastercard,Crédito,Crédito Parcelado Lojista,2025-05-27 09:35,2025-05-27,2025-05,Aprovada,06,2025-06-27,531561,000002341,14490157,590.0,-14.16,575.84,Nacional
Oticas_BH,18960845000194,147098,Mastercard,Crédito,Crédito Parcelado Lojista,2025-05-27 14:03,2025-05-27,2025-05,Negada,06,,000000,000002345,14490157,3100.0,0,0,N/A
Oticas_BH,18960845000194,147098,Mastercard,Crédito,Crédito Parcelado Lojista,2025-05-27 14:04,2025-05-27,2025-05,Aprovada,02,2025-06-27,164002,000002347,14490157,1000.0,-24.0,976.0,Nacional
Oticas_BH,18960845000194,147098,Visa,Crédito,Crédito Parcelado Lojista,2025-05-28 09:39,2025-05-28,2025-05,Aprovada,06,2025-06-30,600015,000002349,14490157,2080.0,-46.8,2033.2,Nacional
Oticas_BH,18960845000194,147098,Visa,Crédito,Crédito Parcelado Lojista,2025-05-28 12:12,2025-05-28,2025-05,Aprovada,02,2025-06-30,123165,000002353,14490157,250.0,-5.63,244.37,Nacional
Oticas_BH,18960845000194,147098,Mastercard,Crédito,Crédito À Vista,2025-05-30 09:56,2025-05-30,2025-05,Aprovada,01,2025-06-30,668002,000002355,14490157,1150.0,-21.85,1128.15,Nacional
Oticas_BH,18960845000194,147098,Mastercard,Crédito,Crédito Parcelado Lojista,2025-05-30 10:27,2025-05-30,2025-05,Aprovada,03,2025-06-30,055570,000002359,14490157,430.0,-10.32,419.68,Nacional
Oticas_BH,18960845000194,147098,Mastercard,Crédito,Crédito Parcelado Lojista,2025-06-03 08:27,2025-06-03,2025-06,Aprovada,06,2025-07-04,593372,000002361,14490157,990.0,-23.76,966.24,Nacional
Oticas_BH,18960845000194,147098,Visa,Crédito,Crédito Parcelado Lojista,2025-06-03 16:00,2025-06-03,2025-06,Aprovada,05,2025-07-04,043306,000002365,14490157,590.0,-13.28,576.72,Nacional
Oticas_BH,18960845000194,147098,Mastercard,Débito,Débito,2025-06-03 16:20,2025-06-03,2025-06,Aprovada,01,2025-06-04,264045,000002367,14490157,700.0,-9.1,690.9,Nacional
Oticas_BH,18960845000194,147098,Mastercard,Crédito,Crédito Parcelado Lojista,2025-06-03 16:49,2025-06-03,2025-06,Aprovada,10,2025-07-04,693568,000002369,14490157,1980.0,-51.68,1928.32,Nacional
Oticas_BH,18960845000194,147098,Mastercard,Crédito,Crédito Parcelado Lojista,2025-06-04 10:55,2025-06-04,2025-06,Aprovada,10,2025-07-07,016279,000002371,14490157,3020.0,-78.82,2941.18,Nacional
Oticas_BH,18960845000194,147098,Mastercard,Crédito,Crédito Parcelado Lojista,2025-06-04 13:21,2025-06-04,2025-06,Aprovada,08,2025-07-07,946312,000002375,14490157,855.0,-22.32,832.68,Nacional
Oticas_BH,18960845000194,147098,Visa,Crédito,Crédito Parcelado Lojista,2025-06-04 16:25,2025-06-04,2025-06,Aprovada,08,2025-07-07,652359,000002377,14490157,950.0,-22.8,927.2,Nacional
Oticas_BH,18960845000194,147098,Mastercard,Débito,Débito,2025-06-05 10:25,2025-06-05,2025-06,Aprovada,01,2025-06-06,M38362,000002379,14490157,3200.0,-41.6,3158.4,Nacional
Oticas_BH,18960845000194,147098,Mastercard,Crédito,Crédito Parcelado Lojista,2025-06-05 14:58,2025-06-05,2025-06,Aprovada,10,2025-07-07,064500,000002383,14490157,1400.0,-36.54,1363.46,Nacional
Oticas_BH,18960845000194,147098,Visa,Débito,Débito,2025-06-05 15:10,2025-06-05,2025-06,Aprovada,01,2025-06-06,082027,000002385,14490157,1400.0,-17.5,1382.5,Nacional
Oticas_BH,18960845000194,147098,Visa,Crédito,Crédito Parcelado Lojista,2025-06-05 15:17,2025-06-05,2025-06,Aprovada,10,2025-07-07,171370,000002387,14490157,1900.0,-45.6,1854.4,Nacional
Oticas_BH,18960845000194,147098,Visa,Crédito,Crédito Parcelado Lojista,2025-06-05 16:28,2025-06-05,2025-06,Aprovada,04,2025-07-07,066486,000002389,14490157,1150.0,-25.88,1124.12,Nacional
Oticas_BH,18960845000194,147098,Mastercard,Débito,Débito,2025-06-05 16:29,2025-06-05,2025-06,Aprovada,01,2025-06-06,M90415,000002391,14490157,3990.0,-51.87,3938.13,Nacional
Oticas_BH,18960845000194,147098,Visa,Crédito,Crédito Parcelado Lojista,2025-06-05 16:34,2025-06-05,2025-06,Aprovada,03,2025-07-07,923829,000002393,14490157,1000.0,-22.5,977.5,Nacional
Oticas_BH,18960845000194,147098,Mastercard,Crédito,Crédito Parcelado Lojista,2025-06-05 16:35,2025-06-05,2025-06,Negada,03,,000000,000002395,14490157,1000.0,0,0,N/A
Oticas_BH,18960845000194,147098,Visa,Crédito,Crédito Parcelado Lojista,2025-06-05 16:35,2025-06-05,2025-06,Negada,03,,000000,000002397,14490157,1000.0,0,0,N/A
Oticas_BH,18960845000194,147098,Visa,Crédito,Crédito Parcelado Lojista,2025-06-05 16:36,2025-06-05,2025-06,Aprovada,03,2025-07-07,486380,000002399,14490157,900.0,-20.25,879.75,Nacional
Oticas_BH,18960845000194,147098,Mastercard,Crédito,Crédito À Vista,2025-06-05 16:37,2025-06-05,2025-06,Aprovada,01,2025-07-07,017477,000002401,14490157,100.0,-1.9,98.1,Nacional
Oticas_BH,18960845000194,147098,Mastercard,Crédito,Crédito Parcelado Lojista,2025-06-06 09:42,2025-06-06,2025-06,Aprovada,08,2025-07-07,046418,000002403,14490157,1850.0,-48.29,1801.71,Nacional
Oticas_BH,18960845000194,147098,Mastercard,Crédito,Crédito Parcelado Lojista,2025-06-06 11:04,2025-06-06,2025-06,Aprovada,05,2025-07-07,094044,000002407,14490157,590.0,-14.16,575.84,Nacional
Oticas_BH,18960845000194,147098,Elo,Débito,Débito,2025-06-06 11:17,2025-06-06,2025-06,Aprovada,01,2025-06-09,093231,000002409,14490157,150.0,-1.88,148.12,Nacional
Oticas_BH,18960845000194,147098,Visa,Crédito,Crédito Parcelado Lojista,2025-06-06 11:18,2025-06-06,2025-06,Aprovada,10,2025-07-07,059860,000002411,14490157,1750.0,-42.0,1708.0,Nacional
Oticas_BH,18960845000194,147098,Mastercard,Crédito,Crédito Parcelado Lojista,2025-06-06 11:32,2025-06-06,2025-06,Aprovada,10,2025-07-07,633469,000002413,14490157,1800.0,-46.98,1753.02,Nacional
Oticas_BH,18960845000194,147098,Mastercard,Crédito,Crédito Parcelado Lojista,2025-06-06 11:34,2025-06-06,2025-06,Aprovada,10,2025-07-07,HWFPPV,000002415,14490157,990.0,-25.84,964.16,Nacional
Oticas_BH,18960845000194,147098,Mastercard,Débito,Débito,2025-06-06 11:50,2025-06-06,2025-06,Aprovada,01,2025-06-09,M40350,000002417,14490157,108.0,-1.4,106.6,Nacional
Oticas_BH,18960845000194,147098,Mastercard,Crédito,Crédito Parcelado Lojista,2025-06-06 12:11,2025-06-06,2025-06,Aprovada,10,2025-07-07,011226,000002419,14490157,5640.0,-147.2,5492.8,Nacional
Oticas_BH,18960845000194,147098,Mastercard,Crédito,Crédito Parcelado Lojista,2025-06-09 09:57,2025-06-09,2025-06,Negada,10,,000000,000002421,14490157,1140.0,0,0,N/A
Oticas_BH,18960845000194,147098,Mastercard,Crédito,Crédito Parcelado Lojista,2025-06-09 13:15,2025-06-09,2025-06,Aprovada,10,2025-07-10,N6XNLD,000002425,14490157,1480.0,-38.63,1441.37,Nacional
Oticas_BH,18960845000194,147098,Mastercard,Crédito,Crédito Parcelado Lojista,2025-06-09 13:37,2025-06-09,2025-06,Negada,10,,000000,000002427,14490157,1140.0,0,0,N/A
Oticas_BH,18960845000194,147098,Mastercard,Crédito,Crédito Parcelado Lojista,2025-06-09 13:37,2025-06-09,2025-06,Aprovada,10,2025-07-10,261491,000002429,14490157,1140.0,-29.75,1110.25,Nacional
Oticas_BH,18960845000194,147098,Visa,Crédito,Crédito Parcelado Lojista,2025-06-10 10:46,2025-06-10,2025-06,Aprovada,10,2025-07-11,470548,000002431,14490157,3750.0,-90.0,3660.0,Nacional
Oticas_BH,18960845000194,147098,Visa,Débito,Débito,2025-06-10 10:55,2025-06-10,2025-06,Aprovada,01,2025-06-11,151267,000002435,14490157,1560.0,-19.5,1540.5,Nacional
Oticas_BH,18960845000194,147098,Elo,Débito,Débito,2025-06-10 14:07,2025-06-10,2025-06,Aprovada,01,2025-06-11,345213,000002437,14490157,500.0,-6.25,493.75,Nacional
Oticas_BH,18960845000194,147098,Mastercard,Crédito,Crédito Parcelado Lojista,2025-06-10 17:01,2025-06-10,2025-06,Aprovada,10,2025-07-11,R0MJOZ,000002439,14490157,3160.0,-82.48,3077.52,Nacional
Oticas_BH,18960845000194,147098,Mastercard,Débito,Débito,2025-06-11 10:15,2025-06-11,2025-06,Aprovada,01,2025-06-12,M21373,000002441,14490157,100.0,-1.3,98.7,Nacional
Oticas_BH,18960845000194,147098,Visa,Crédito,Crédito Parcelado Lojista,2025-06-11 10:54,2025-06-11,2025-06,Aprovada,06,2025-07-14,097706,000002445,14490157,2000.0,-45.0,1955.0,Nacional
Oticas_BH,18960845000194,147098,Visa,Crédito,Crédito Parcelado Lojista,2025-06-11 11:07,2025-06-11,2025-06,Aprovada,06,2025-07-14,033547,000002447,14490157,2000.0,-45.0,1955.0,Nacional
Oticas_BH,18960845000194,147098,Mastercard,Débito,Débito,2025-06-11 13:52,2025-06-11,2025-06,Aprovada,01,2025-06-12,M37095,000002449,14490157,760.0,-9.88,750.12,Nacional
Oticas_BH,18960845000194,147098,Mastercard,Débito,Débito,2025-06-11 15:58,2025-06-11,2025-06,Aprovada,01,2025-06-12,M32576,000002451,14490157,800.0,-10.4,789.6,Nacional
Oticas_BH,18960845000194,147098,Mastercard,Crédito,Crédito Parcelado Lojista,2025-06-12 09:42,2025-06-12,2025-06,Aprovada,10,2025-07-14,053952,000002453,14490157,2370.0,-61.86,2308.14,Nacional
Oticas_BH,18960845000194,147098,Elo,Débito,Débito,2025-06-12 10:00,2025-06-12,2025-06,Aprovada,01,2025-06-13,040504,000002457,14490157,2350.0,-29.38,2320.62,Nacional
Oticas_BH,18960845000194,147098,Mastercard,Crédito,Crédito Parcelado Lojista,2025-06-12 10:04,2025-06-12,2025-06,Negada,03,,000000,000002459,14490157,2100.0,0,0,N/A
Oticas_BH,18960845000194,147098,Mastercard,Crédito,Crédito Parcelado Lojista,2025-06-12 10:05,2025-06-12,2025-06,Negada,03,,000000,000002461,14490157,2100.0,0,0,N/A
Oticas_BH,18960845000194,147098,Mastercard,Crédito,Crédito Parcelado Lojista,2025-06-12 10:06,2025-06-12,2025-06,Negada,03,,000000,000002463,14490157,900.0,0,0,N/A
Oticas_BH,18960845000194,147098,Elo,Débito,Débito,2025-06-12 10:07,2025-06-12,2025-06,Aprovada,01,2025-06-13,138450,000002465,14490157,900.0,-11.25,888.75,Nacional
Oticas_BH,18960845000194,147098,Visa,Crédito,Crédito Parcelado Lojista,2025-06-12 10:44,2025-06-12,2025-06,Aprovada,10,2025-07-14,467544,000002467,14490157,1250.0,-30.0,1220.0,Nacional
Oticas_BH,18960845000194,147098,Elo,Crédito,Crédito Parcelado Lojista,2025-06-12 14:58,2025-06-12,2025-06,Aprovada,02,2025-07-14,961504,000002469,14490157,200.0,-4.5,195.5,Nacional
Oticas_BH,18960845000194,147098,Visa,Crédito,Crédito Parcelado Lojista,2025-06-12 15:39,2025-06-12,2025-06,Aprovada,10,2025-07-14,007558,000002471,14490157,2200.0,-52.8,2147.2,Nacional
Oticas_BH,18960845000194,147098,Visa,Crédito,Crédito Parcelado Lojista,2025-06-13 10:32,2025-06-13,2025-06,Aprovada,10,2025-07-14,077550,000002473,14490157,4600.0,-110.4,4489.6,Nacional
Oticas_BH,18960845000194,147098,Mastercard,Crédito,Crédito Parcelado Lojista,2025-06-13 13:40,2025-06-13,2025-06,Aprovada,10,2025-07-14,084987,000002477,14490157,2000.0,-52.2,1947.8,Nacional
Oticas_BH,18960845000194,147098,Mastercard,Crédito,Crédito Parcelado Lojista,2025-06-13 16:16,2025-06-13,2025-06,Aprovada,04,2025-07-14,060533,000002479,14490157,2080.0,-49.92,2030.08,Nacional
Oticas_BH,18960845000194,147098,Visa,Crédito,Crédito Parcelado Lojista,2025-06-16 09:59,2025-06-16,2025-06,Aprovada,10,2025-07-17,039219,000002481,14490157,2100.0,-50.4,2049.6,Nacional
Oticas_BH,18960845000194,147098,Visa,Débito,Débito,2025-06-17 09:45,2025-06-17,2025-06,Aprovada,01,2025-06-18,654078,000002485,14490157,100.0,-1.25,98.75,Nacional
Oticas_BH,18960845000194,147098,Visa,Crédito,Crédito À Vista,2025-06-17 10:35,2025-06-17,2025-06,Aprovada,01,2025-07-18,016076,000002489,14490157,120.0,-2.28,117.72,Nacional
Oticas_BH,18960845000194,147098,Mastercard,Crédito,Crédito Parcelado Lojista,2025-06-17 11:11,2025-06-17,2025-06,Aprovada,03,2025-07-18,466816,000002491,14490157,500.0,-12.0,488.0,Nacional
Oticas_BH,18960845000194,147098,Visa,Crédito,Crédito Parcelado Lojista,2025-06-17 14:59,2025-06-17,2025-06,Aprovada,10,2025-07-18,067842,000002493,14490157,1780.0,-42.72,1737.28,Nacional
Oticas_BH,18960845000194,147098,Mastercard,Crédito,Crédito Parcelado Lojista,2025-06-18 10:02,2025-06-18,2025-06,Negada,06,,000000,000002495,14490157,750.0,0,0,N/A
Oticas_BH,18960845000194,147098,Mastercard,Crédito,Crédito Parcelado Lojista,2025-06-18 10:02,2025-06-18,2025-06,Negada,06,,000000,000002499,14490157,750.0,0,0,N/A
Oticas_BH,18960845000194,147098,Mastercard,Crédito,Crédito Parcelado Lojista,2025-06-18 10:04,2025-06-18,2025-06,Aprovada,06,2025-07-21,026882,000002501,14490157,750.0,-18.0,732.0,Nacional
Oticas_BH,18960845000194,147098,Mastercard,Crédito,Crédito Parcelado Lojista,2025-06-18 11:26,2025-06-18,2025-06,Aprovada,10,2025-07-21,999881,000002503,14490157,1240.0,-32.36,1207.64,Nacional
Oticas_BH,18960845000194,147098,Mastercard,Crédito,Crédito Parcelado Lojista,2025-06-18 13:05,2025-06-18,2025-06,Desfeita,02,,139221,000002505,14490157,300.0,0,0,N/A
Oticas_BH,18960845000194,147098,Mastercard,Crédito,Crédito Parcelado Lojista,2025-06-18 13:06,2025-06-18,2025-06,Aprovada,02,2025-07-21,361406,000002507,14490157,300.0,-7.2,292.8,Nacional
Oticas_BH,18960845000194,147098,Mastercard,Débito,Débito,2025-06-18 13:06,2025-06-18,2025-06,Aprovada,01,2025-06-20,970569,000002509,14490157,300.0,-3.9,296.1,Nacional
Oticas_BH,18960845000194,147098,Mastercard,Crédito,Crédito Parcelado Lojista,2025-06-20 10:38,2025-06-20,2025-06,Aprovada,08,2025-07-21,R00666,000002511,14490157,890.0,-23.23,866.77,Nacional
Oticas_BH,18960845000194,147098,Mastercard,Crédito,Crédito À Vista,2025-06-20 11:17,2025-06-20,2025-06,Aprovada,01,2025-07-21,R02343,000002515,14490157,250.0,-4.75,245.25,Nacional
Oticas_BH,18960845000194,147098,Visa,Crédito,Crédito Parcelado Lojista,2025-06-20 11:31,2025-06-20,2025-06,Aprovada,10,2025-07-21,622698,000002517,14490157,1240.0,-29.76,1210.24,Nacional
Oticas_BH,18960845000194,147098,Visa,Crédito,Crédito Parcelado Lojista,2025-06-20 14:32,2025-06-20,2025-06,Aprovada,06,2025-07-21,426216,000002519,14490157,1990.0,-44.78,1945.22,Nacional
Oticas_BH,18960845000194,147098,Visa,Crédito,Crédito Parcelado Lojista,2025-06-21 10:26,2025-06-21,2025-06,Negada,10,,000000,000002521,14490157,2930.0,0,0,N/A
Oticas_BH,18960845000194,147098,Visa,Crédito,Crédito Parcelado Lojista,2025-06-21 10:29,2025-06-21,2025-06,Aprovada,10,2025-07-22,046666,000002525,14490157,2930.0,-70.32,2859.68,Nacional
Oticas_BH,18960845000194,147098,Mastercard,Débito,Débito,2025-06-23 10:37,2025-06-23,2025-06,Aprovada,01,2025-06-24,270045,000002527,14490157,500.0,-6.5,493.5,Nacional
Oticas_BH,18960845000194,147098,Visa,Crédito,Crédito Parcelado Lojista,2025-06-24 10:51,2025-06-24,2025-06,Aprovada,06,2025-07-25,485727,000002531,14490157,1450.0,-32.63,1417.37,Nacional
Oticas_BH,18960845000194,147098,Mastercard,Crédito,Crédito Parcelado Lojista,2025-06-24 16:17,2025-06-24,2025-06,Aprovada,08,2025-07-25,290757,000002535,14490157,1590.0,-41.5,1548.5,Nacional
Oticas_BH,18960845000194,147098,Mastercard,Crédito,Crédito Parcelado Lojista,2025-06-24 16:27,2025-06-24,2025-06,Aprovada,06,2025-07-25,392199,000002537,14490157,1000.0,-24.0,976.0,Nacional
Oticas_BH,18960845000194,147098,Visa,Crédito,Crédito Parcelado Lojista,2025-06-25 08:41,2025-06-25,2025-06,Aprovada,06,2025-07-28,422151,000002539,14490157,1300.0,-29.25,1270.75,Nacional
Oticas_BH,18960845000194,147098,Visa,Crédito,Crédito Parcelado Lojista,2025-06-25 11:54,2025-06-25,2025-06,Aprovada,04,2025-07-28,552370,000002543,14490157,1140.0,-25.65,1114.35,Nacional
Oticas_BH,18960845000194,147098,Visa,Crédito,Crédito Parcelado Lojista,2025-06-26 08:42,2025-06-26,2025-06,Aprovada,08,2025-07-28,630266,000002545,14490157,3000.0,-72.0,2928.0,Nacional
Oticas_BH,18960845000194,147098,Elo,Crédito,Crédito Parcelado Lojista,2025-06-26 13:50,2025-06-26,2025-06,Aprovada,10,2025-07-28,609383,000002549,14490157,1000.0,-24.0,976.0,Nacional
Oticas_BH,18960845000194,147098,Visa,Crédito,Crédito Parcelado Lojista,2025-06-26 16:37,2025-06-26,2025-06,Aprovada,10,2025-07-28,043466,000002551,14490157,7129.0,-171.1,6957.9,Nacional
Oticas_BH,18960845000194,147098,Mastercard,Crédito,Crédito Parcelado Lojista,2025-06-27 10:48,2025-06-27,2025-06,Aprovada,03,2025-07-28,491660,000002557,14490157,450.0,-10.8,439.2,Nacional
Oticas_BH,18960845000194,147098,Visa,Crédito,Crédito Parcelado Lojista,2025-06-27 13:20,2025-06-27,2025-06,Aprovada,02,2025-07-28,615389,000002559,14490157,1350.0,-30.38,1319.62,Nacional
Oticas_BH,18960845000194,147098,Mastercard,Crédito,Crédito Parcelado Lojista,2025-06-27 14:30,2025-06-27,2025-06,Aprovada,10,2025-07-28,700492,000002561,14490157,1850.0,-48.29,1801.71,Nacional
Oticas_BH,18960845000194,147098,Mastercard,Crédito,Crédito Parcelado Lojista,2025-06-27 15:27,2025-06-27,2025-06,Aprovada,08,2025-07-28,985630,000002563,14490157,2600.0,-67.86,2532.14,Nacional
Oticas_BH,18960845000194,147098,Visa,Crédito,Crédito Parcelado Lojista,2025-06-30 10:37,2025-06-30,2025-06,Aprovada,08,2025-07-31,207503,000002565,14490157,2600.0,-62.4,2537.6,Nacional
Oticas_BH,18960845000194,147098,Visa,Débito,Débito,2025-06-30 14:14,2025-06-30,2025-06,Aprovada,01,2025-07-01,777415,000002569,14490157,1300.0,-16.25,1283.75,Nacional
Oticas_BH,18960845000194,147098,Mastercard,Débito,Débito,2025-07-01 11:08,2025-07-01,2025-07,Aprovada,01,2025-07-02,858124,000002571,14490157,2100.0,-27.3,2072.7,Nacional
Oticas_BH,18960845000194,147098,Visa,Crédito,Crédito Parcelado Lojista,2025-07-01 12:14,2025-07-01,2025-07,Aprovada,02,2025-08-01,618809,000002575,14490157,390.0,-8.78,381.22,Nacional
Oticas_BH,18960845000194,147098,Mastercard,Débito,Débito,2025-07-01 14:19,2025-07-01,2025-07,Aprovada,01,2025-07-02,192765,000002577,14490157,160.0,-2.08,157.92,Nacional
Oticas_BH,18960845000194,147098,Elo,Crédito,Crédito Parcelado Lojista,2025-07-01 14:19,2025-07-01,2025-07,Aprovada,04,2025-08-01,822553,000002579,14490157,400.0,-9.0,391.0,Nacional
Oticas_BH,18960845000194,147098,Mastercard,Crédito,Crédito Parcelado Lojista,2025-07-01 15:13,2025-07-01,2025-07,Aprovada,06,2025-08-01,978274,000002581,14490157,800.0,-19.2,780.8,Nacional
Oticas_BH,18960845000194,147098,Mastercard,Crédito,Crédito À Vista,2025-07-01 15:28,2025-07-01,2025-07,Negada,01,,000000,000002583,14490157,1600.0,0,0,N/A
Oticas_BH,18960845000194,147098,Mastercard,Crédito,Crédito À Vista,2025-07-01 15:29,2025-07-01,2025-07,Negada,01,,000000,000002585,14490157,1600.0,0,0,N/A
Oticas_BH,18960845000194,147098,Visa,Crédito,Crédito Parcelado Lojista,2025-07-01 16:09,2025-07-01,2025-07,Aprovada,10,2025-08-01,743313,000002587,14490157,2130.0,-51.12,2078.88,Nacional
Oticas_BH,18960845000194,147098,Visa,Débito,Débito,2025-07-02 13:48,2025-07-02,2025-07,Aprovada,01,2025-07-03,149721,000002589,14490157,2500.0,-31.25,2468.75,Nacional
Oticas_BH,18960845000194,147098,Visa,Débito,Débito,2025-07-02 13:49,2025-07-02,2025-07,Aprovada,01,2025-07-03,196535,000002593,14490157,2500.0,-31.25,2468.75,Nacional
Oticas_BH,18960845000194,147098,Visa,Crédito,Crédito Parcelado Lojista,2025-07-02 14:20,2025-07-02,2025-07,Negada,05,,000000,000002595,14490157,6310.0,0,0,N/A
Oticas_BH,18960845000194,147098,Visa,Crédito,Crédito Parcelado Lojista,2025-07-02 14:21,2025-07-02,2025-07,Aprovada,05,2025-08-04,258824,000002597,14490157,6310.0,-141.98,6168.02,Nacional
Oticas_BH,18960845000194,147098,Visa,Crédito,Crédito Parcelado Lojista,2025-07-03 08:05,2025-07-03,2025-07,Aprovada,10,2025-08-04,006856,000002599,14490157,2140.0,-51.36,2088.64,Nacional
Oticas_BH,18960845000194,147098,Mastercard,Crédito,Crédito Parcelado Lojista,2025-07-03 09:34,2025-07-03,2025-07,Aprovada,10,2025-08-04,PNLCXN,000002603,14490157,2350.0,-61.34,2288.66,Nacional
Oticas_BH,18960845000194,147098,Visa,Crédito,Crédito Parcelado Lojista,2025-07-03 15:30,2025-07-03,2025-07,Aprovada,07,2025-08-04,625965,000002605,14490157,3000.0,-72.0,2928.0,Nacional
Oticas_BH,18960845000194,147098,Visa,Crédito,Crédito Parcelado Lojista,2025-07-03 16:25,2025-07-03,2025-07,Aprovada,04,2025-08-04,655096,000002607,14490157,1870.0,-42.08,1827.92,Nacional
Oticas_BH,18960845000194,147098,Visa,Crédito,Crédito Parcelado Lojista,2025-07-03 16:40,2025-07-03,2025-07,Aprovada,10,2025-08-04,978652,000002609,14490157,3550.0,-85.2,3464.8,Nacional
Oticas_BH,18960845000194,147098,Elo,Crédito,Crédito Parcelado Lojista,2025-07-03 16:56,2025-07-03,2025-07,Aprovada,10,2025-08-04,268769,000002611,14490157,1850.0,-44.4,1805.6,Nacional
Oticas_BH,18960845000194,147098,Mastercard,Crédito,Crédito Parcelado Lojista,2025-07-04 08:20,2025-07-04,2025-07,Aprovada,08,2025-08-04,486836,000002613,14490157,1300.0,-33.93,1266.07,Nacional
Oticas_BH,18960845000194,147098,Visa,Crédito,Crédito Parcelado Lojista,2025-07-04 11:03,2025-07-04,2025-07,Aprovada,05,2025-08-04,486080,000002617,14490157,1300.0,-29.25,1270.75,Nacional
Oticas_BH,18960845000194,147098,Visa,Débito,Débito,2025-07-04 14:15,2025-07-04,2025-07,Aprovada,01,2025-07-07,IS7JIO,000002619,14490157,1400.0,-17.5,1382.5,Nacional pré pago
Oticas_BH,18960845000194,147098,Visa,Crédito,Crédito Parcelado Lojista,2025-07-04 14:16,2025-07-04,2025-07,Aprovada,02,2025-08-04,ZPPH1I,000002621,14490157,420.0,-9.45,410.55,Nacional
Oticas_BH,18960845000194,147098,Visa,Crédito,Crédito Parcelado Lojista,2025-07-04 15:32,2025-07-04,2025-07,Aprovada,06,2025-08-04,944026,000002623,14490157,1680.0,-37.8,1642.2,Nacional
Oticas_BH,18960845000194,147098,Visa,Débito,Débito,2025-07-05 11:07,2025-07-05,2025-07,Aprovada,01,2025-07-07,962225,000002625,14490157,1050.0,-13.13,1036.87,Nacional
Oticas_BH,18960845000194,147098,Visa,Crédito,Crédito Parcelado Lojista,2025-07-07 12:58,2025-07-07,2025-07,Aprovada,10,2025-08-07,259536,000002629,14490157,2840.0,-68.16,2771.84,Nacional
Oticas_BH,18960845000194,147098,Mastercard,Débito,Débito,2025-07-07 13:48,2025-07-07,2025-07,Aprovada,01,2025-07-08,M76156,000002633,14490157,700.0,-9.1,690.9,Nacional
Oticas_BH,18960845000194,147098,Visa,Crédito,Crédito Parcelado Lojista,2025-07-07 13:49,2025-07-07,2025-07,Aprovada,04,2025-08-07,HXYBA9,000002635,14490157,600.0,-13.5,586.5,Nacional
Oticas_BH,18960845000194,147098,Mastercard,Crédito,Crédito Parcelado Lojista,2025-07-08 13:13,2025-07-08,2025-07,Aprovada,10,2025-08-08,JJBGSU,000002637,14490157,1920.0,-50.11,1869.89,Nacional
Oticas_BH,18960845000194,147098,Mastercard,Crédito,Crédito Parcelado Lojista,2025-07-08 16:14,2025-07-08,2025-07,Aprovada,04,2025-08-08,339050,000002641,14490157,1241.0,-29.78,1211.22,Nacional
Oticas_BH,18960845000194,147098,Visa,Débito,Débito,2025-07-08 16:29,2025-07-08,2025-07,Aprovada,01,2025-07-09,696447,000002643,14490157,155.0,-1.94,153.06,Nacional
Oticas_BH,18960845000194,147098,Mastercard,Crédito,Crédito Parcelado Lojista,2025-07-08 18:06,2025-07-08,2025-07,Aprovada,10,2025-08-08,R20824,000002645,14490157,2250.0,-58.73,2191.27,Nacional
Oticas_BH,18960845000194,147098,Mastercard,Crédito,Crédito Parcelado Lojista,2025-07-09 09:53,2025-07-09,2025-07,Aprovada,10,2025-08-11,543448,000002647,14490157,1900.0,-49.59,1850.41,Nacional
Oticas_BH,18960845000194,147098,Mastercard,Crédito,Crédito Parcelado Lojista,2025-07-09 11:46,2025-07-09,2025-07,Aprovada,10,2025-08-11,031958,000002651,14490157,1450.0,-37.85,1412.15,Nacional
Oticas_BH,18960845000194,147098,Mastercard,Crédito,Crédito Parcelado Lojista,2025-07-09 13:58,2025-07-09,2025-07,Negada,10,,000000,000002653,14490157,3600.0,0,0,N/A
Oticas_BH,18960845000194,147098,Mastercard,Crédito,Crédito Parcelado Lojista,2025-07-09 13:59,2025-07-09,2025-07,Aprovada,10,2025-08-11,003066,000002655,14490157,1600.0,-41.76,1558.24,Nacional
Oticas_BH,18960845000194,147098,Visa,Débito,Débito,2025-07-09 14:01,2025-07-09,2025-07,Aprovada,01,2025-07-10,932904,000002657,14490157,2000.0,-25.0,1975.0,Nacional
Oticas_BH,18960845000194,147098,Visa,Crédito,Crédito Parcelado Lojista,2025-07-09 15:44,2025-07-09,2025-07,Aprovada,05,2025-08-11,048040,000002659,14490157,1740.0,-39.15,1700.85,Nacional
Oticas_BH,18960845000194,147098,Mastercard,Crédito,Crédito Parcelado Lojista,2025-07-09 16:04,2025-07-09,2025-07,Aprovada,10,2025-08-11,067405,000002661,14490157,3500.0,-91.35,3408.65,Nacional
Oticas_BH,18960845000194,147098,Mastercard,Crédito,Crédito Parcelado Lojista,2025-07-09 17:09,2025-07-09,2025-07,Aprovada,06,2025-08-11,R08325,000002663,14490157,970.0,-23.28,946.72,Nacional
Oticas_BH,18960845000194,147098,Mastercard,Débito,Débito,2025-07-10 10:10,2025-07-10,2025-07,Aprovada,01,2025-07-11,472BQE,000002665,14490157,980.0,-12.74,967.26,Nacional
Oticas_BH,18960845000194,147098,Mastercard,Crédito,Crédito Parcelado Lojista,2025-07-10 16:29,2025-07-10,2025-07,Aprovada,02,2025-08-11,391152,161562943,EG551985,360.0,-10.8,349.2,Nacional
Oticas_BH,18960845000194,147098,Mastercard,Crédito,Crédito Parcelado Lojista,2025-07-11 08:51,2025-07-11,2025-07,Aprovada,04,2025-08-11,491688,000002669,14490157,2950.0,-70.8,2879.2,Nacional
Oticas_BH,18960845000194,147098,Mastercard,Crédito,Crédito À Vista,2025-07-11 11:00,2025-07-11,2025-07,Negada,01,,000000,000002673,14490157,800.0,0,0,N/A
Oticas_BH,18960845000194,147098,Visa,Crédito,Crédito À Vista,2025-07-11 11:04,2025-07-11,2025-07,Aprovada,01,2025-08-11,054325,000002675,14490157,120.0,-2.28,117.72,Nacional
Oticas_BH,18960845000194,147098,Visa,Débito,Débito,2025-07-11 11:38,2025-07-11,2025-07,Aprovada,01,2025-07-14,141936,000002677,14490157,900.0,-11.25,888.75,Nacional
Oticas_BH,18960845000194,147098,Visa,Crédito,Crédito Parcelado Lojista,2025-07-11 14:18,2025-07-11,2025-07,Negada,10,,000000,000002679,14490157,2150.0,0,0,N/A
Oticas_BH,18960845000194,147098,Visa,Crédito,Crédito Parcelado Lojista,2025-07-11 14:20,2025-07-11,2025-07,Negada,10,,000000,000002681,14490157,2150.0,0,0,N/A
Oticas_BH,18960845000194,147098,Visa,Crédito,Crédito Parcelado Lojista,2025-07-11 14:24,2025-07-11,2025-07,Negada,10,,000000,000002683,14490157,2150.0,0,0,N/A
Oticas_BH,18960845000194,147098,Visa,Crédito,Crédito Parcelado Lojista,2025-07-11 14:29,2025-07-11,2025-07,Negada,10,,000000,000002685,14490157,2150.0,0,0,N/A
Oticas_BH,18960845000194,147098,Visa,Crédito,Crédito Parcelado Lojista,2025-07-11 14:42,2025-07-11,2025-07,Aprovada,10,2025-08-11,623261,143852067,EG551985,2150.0,-67.73,2082.27,Nacional
Oticas_BH,18960845000194,147098,Mastercard,Crédito,Crédito Parcelado Lojista,2025-07-11 14:47,2025-07-11,2025-07,Aprovada,10,2025-08-11,038416,000002687,14490157,2450.0,-63.95,2386.05,Nacional
Oticas_BH,18960845000194,147098,Mastercard,Crédito,Crédito À Vista,2025-07-11 16:07,2025-07-11,2025-07,Aprovada,01,2025-08-11,611156,000002689,14490157,200.0,-3.8,196.2,Nacional
Oticas_BH,18960845000194,147098,Mastercard,Crédito,Crédito Parcelado Lojista,2025-07-11 16:21,2025-07-11,2025-07,Aprovada,06,2025-08-11,019351,000002691,14490157,1180.0,-28.32,1151.68,Nacional
Oticas_BH,18960845000194,147098,Mastercard,Crédito,Crédito Parcelado Lojista,2025-07-11 16:30,2025-07-11,2025-07,Negada,06,,000000,000002693,14490157,840.0,0,0,N/A
Oticas_BH,18960845000194,147098,Elo,Débito,Débito,2025-07-11 16:32,2025-07-11,2025-07,Aprovada,01,2025-07-14,181111,000002695,14490157,100.0,-1.25,98.75,Nacional
Oticas_BH,18960845000194,147098,Elo,Débito,Débito,2025-07-12 11:30,2025-07-12,2025-07,Aprovada,01,2025-07-14,179969,000002697,14490157,1500.0,-18.75,1481.25,Nacional
Oticas_BH,18960845000194,147098,Visa,Débito,Débito,2025-07-12 11:34,2025-07-12,2025-07,Aprovada,01,2025-07-14,157647,000002701,14490157,840.0,-10.5,829.5,Nacional
Oticas_BH,18960845000194,147098,Visa,Crédito,Crédito Parcelado Lojista,2025-07-12 11:46,2025-07-12,2025-07,Aprovada,02,2025-08-12,139391,000002703,14490157,2300.0,-51.75,2248.25,Nacional
Oticas_BH,18960845000194,147098,Visa,Débito,Débito,2025-07-15 08:04,2025-07-15,2025-07,Aprovada,01,2025-07-16,034126,000002705,14490157,500.0,-6.25,493.75,Nacional
Oticas_BH,18960845000194,147098,Visa,Débito,Débito,2025-07-15 08:37,2025-07-15,2025-07,Aprovada,01,2025-07-16,275180,000002709,14490157,1395.0,-17.44,1377.56,Nacional
Oticas_BH,18960845000194,147098,Visa,Crédito,Crédito À Vista,2025-07-15 09:53,2025-07-15,2025-07,Negada,01,,000000,000002711,14490157,1400.0,0,0,N/A
Oticas_BH,18960845000194,147098,Visa,Crédito,Crédito À Vista,2025-07-15 09:54,2025-07-15,2025-07,Negada,01,,000000,000002713,14490157,1400.0,0,0,N/A
Oticas_BH,18960845000194,147098,Visa,Débito,Débito,2025-07-15 09:55,2025-07-15,2025-07,Aprovada,01,2025-07-16,135751,000002715,14490157,1400.0,-17.5,1382.5,Nacional
Oticas_BH,18960845000194,147098,Visa,Crédito,Crédito Parcelado Emissor,2025-07-15 11:15,2025-07-15,2025-07,Cancelada,03,2025-08-15,152561,000002717,14490157,990.0,-18.81,971.19,Nacional
Oticas_BH,18960845000194,147098,Mastercard,Crédito,Crédito Parcelado Lojista,2025-07-15 11:50,2025-07-15,2025-07,Aprovada,10,2025-08-15,R00688,000002719,14490157,2280.0,-59.51,2220.49,Nacional
Oticas_BH,18960845000194,147098,Visa,Débito,Débito,2025-07-15 12:12,2025-07-15,2025-07,Aprovada,01,2025-07-16,223961,000002721,14490157,45.0,-0.56,44.44,Nacional
Oticas_BH,18960845000194,147098,Mastercard,Crédito,Crédito Parcelado Lojista,2025-07-15 15:36,2025-07-15,2025-07,Aprovada,06,2025-08-15,T21HTC,000002723,14490157,800.0,-19.2,780.8,Nacional
Oticas_BH,18960845000194,147098,Mastercard,Crédito,Crédito Parcelado Lojista,2025-07-15 15:51,2025-07-15,2025-07,Aprovada,10,2025-08-15,434929,000002725,14490157,1400.0,-36.54,1363.46,Nacional
Oticas_BH,18960845000194,147098,Visa,Crédito,Crédito Parcelado Lojista,2025-07-15 16:15,2025-07-15,2025-07,Aprovada,08,2025-08-15,671107,000002727,14490157,2530.0,-60.72,2469.28,Nacional
Oticas_BH,18960845000194,147098,Visa,Crédito,Crédito Parcelado Lojista,2025-07-16 10:39,2025-07-16,2025-07,Aprovada,10,2025-08-18,242833,000002729,14490157,1410.0,-33.84,1376.16,Nacional
Oticas_BH,18960845000194,147098,Visa,Crédito,Crédito Parcelado Lojista,2025-07-16 10:41,2025-07-16,2025-07,Aprovada,05,2025-08-18,249395,000002733,14490157,560.0,-12.6,547.4,Nacional
Oticas_BH,18960845000194,147098,Mastercard,Crédito,Crédito Parcelado Lojista,2025-07-16 11:09,2025-07-16,2025-07,Aprovada,03,2025-08-18,411493,000002735,14490157,500.0,-12.0,488.0,Nacional
Oticas_BH,18960845000194,147098,Mastercard,Crédito,Crédito Parcelado Lojista,2025-07-16 16:22,2025-07-16,2025-07,Aprovada,10,2025-08-18,230974,000002737,14490157,1700.0,-44.37,1655.63,Nacional
Oticas_BH,18960845000194,147098,Visa,Crédito,Crédito À Vista,2025-07-16 16:27,2025-07-16,2025-07,Aprovada,01,2025-08-18,675691,000002739,14490157,100.0,-1.9,98.1,Nacional
Oticas_BH,18960845000194,147098,Mastercard,Crédito,Crédito Parcelado Lojista,2025-07-17 09:45,2025-07-17,2025-07,Aprovada,10,2025-08-18,008641,000002741,14490157,2100.0,-54.81,2045.19,Nacional
Oticas_BH,18960845000194,147098,Mastercard,Débito,Débito,2025-07-17 09:46,2025-07-17,2025-07,Aprovada,01,2025-07-18,471969,000002745,14490157,1820.0,-23.66,1796.34,Nacional
Oticas_BH,18960845000194,147098,Visa,Débito,Débito,2025-07-17 12:19,2025-07-17,2025-07,Aprovada,01,2025-07-18,145779,000002747,14490157,2500.0,-31.25,2468.75,Nacional
Oticas_BH,18960845000194,147098,Mastercard,Crédito,Crédito Parcelado Lojista,2025-07-17 13:38,2025-07-17,2025-07,Aprovada,10,2025-08-18,384653,000002749,14490157,1200.0,-31.32,1168.68,Nacional
Oticas_BH,18960845000194,147098,Visa,Crédito,Crédito Parcelado Lojista,2025-07-17 16:04,2025-07-17,2025-07,Aprovada,03,2025-08-18,041664,000002751,14490157,1250.0,-28.13,1221.87,Nacional
Oticas_BH,18960845000194,147098,Mastercard,Crédito,Crédito Parcelado Lojista,2025-07-18 09:33,2025-07-18,2025-07,Aprovada,10,2025-08-18,017721,000002753,14490157,1080.0,-28.19,1051.81,Nacional
Oticas_BH,18960845000194,147098,Visa,Crédito,Crédito Parcelado Lojista,2025-07-18 16:13,2025-07-18,2025-07,Aprovada,10,2025-08-18,550159,000002757,14490157,840.0,-20.16,819.84,Nacional
Oticas_BH,18960845000194,147098,Visa,Crédito,Crédito À Vista,2025-07-18 16:36,2025-07-18,2025-07,Aprovada,01,2025-08-18,662271,000002759,14490157,20.0,-0.38,19.62,Nacional
Oticas_BH,18960845000194,147098,Visa,Crédito,Crédito Parcelado Lojista,2025-07-18 17:02,2025-07-18,2025-07,Aprovada,04,2025-08-18,890557,000002761,14490157,8300.0,-186.75,8113.25,Nacional
Oticas_BH,18960845000194,147098,Mastercard,Crédito,Crédito Parcelado Lojista,2025-07-18 17:05,2025-07-18,2025-07,Aprovada,10,2025-08-18,078388,000002763,14490157,3822.0,-99.75,3722.25,Nacional
Oticas_BH,18960845000194,147098,Mastercard,Crédito,Crédito Parcelado Lojista,2025-07-22 08:11,2025-07-22,2025-07,Aprovada,10,2025-08-22,232449,000002765,14490157,2100.0,-54.81,2045.19,Nacional
Oticas_BH,18960845000194,147098,Mastercard,Crédito,Crédito Parcelado Lojista,2025-07-22 09:55,2025-07-22,2025-07,Negada,08,,000000,000002767,14490157,4000.0,0,0,N/A
Oticas_BH,18960845000194,147098,Mastercard,Crédito,Crédito Parcelado Lojista,2025-07-22 09:58,2025-07-22,2025-07,Negada,08,,000000,000002769,14490157,4000.0,0,0,N/A
Oticas_BH,18960845000194,147098,Mastercard,Débito,Débito,2025-07-22 11:15,2025-07-22,2025-07,Aprovada,01,2025-07-23,632840,000002771,14490157,1000.0,-13.0,987.0,Nacional
Oticas_BH,18960845000194,147098,Mastercard,Crédito,Crédito Parcelado Lojista,2025-07-22 11:16,2025-07-22,2025-07,Aprovada,10,2025-08-22,309539,000002773,14490157,1850.0,-48.29,1801.71,Nacional
Oticas_BH,18960845000194,147098,Visa,Crédito,Crédito Parcelado Lojista,2025-07-22 13:17,2025-07-22,2025-07,Aprovada,10,2025-08-22,047076,000002775,14490157,2120.0,-50.88,2069.12,Nacional
Oticas_BH,18960845000194,147098,Mastercard,Débito,Débito,2025-07-22 15:27,2025-07-22,2025-07,Aprovada,01,2025-07-23,774162,000002777,14490157,1000.0,-13.0,987.0,Nacional
Oticas_BH,18960845000194,147098,Mastercard,Crédito,Crédito Parcelado Lojista,2025-07-22 15:48,2025-07-22,2025-07,Aprovada,10,2025-08-22,042103,000002779,14490157,1990.0,-51.94,1938.06,Nacional
Oticas_BH,18960845000194,147098,Visa,Crédito,Crédito Parcelado Lojista,2025-07-22 16:14,2025-07-22,2025-07,Aprovada,08,2025-08-22,817505,000002781,14490157,990.0,-23.76,966.24,Nacional
Oticas_BH,18960845000194,147098,Mastercard,Crédito,Crédito Parcelado Lojista,2025-07-22 16:25,2025-07-22,2025-07,Aprovada,10,2025-08-22,R95027,000002783,14490157,1000.0,-26.1,973.9,Nacional
Oticas_BH,18960845000194,147098,Elo,Débito,Débito,2025-07-22 16:51,2025-07-22,2025-07,Aprovada,01,2025-07-23,414478,000002785,14490157,200.0,-2.5,197.5,Nacional
Oticas_BH,18960845000194,147098,Mastercard,Crédito,Crédito Parcelado Lojista,2025-07-22 16:52,2025-07-22,2025-07,Aprovada,03,2025-08-22,049661,000002787,14490157,540.0,-12.96,527.04,Nacional
Oticas_BH,18960845000194,147098,Visa,Crédito,Crédito Parcelado Lojista,2025-07-23 09:18,2025-07-23,2025-07,Aprovada,03,2025-08-25,960078,000002789,14490157,500.0,-11.25,488.75,Nacional
Oticas_BH,18960845000194,147098,Mastercard,Crédito,Crédito Parcelado Lojista,2025-07-23 10:36,2025-07-23,2025-07,Negada,08,,000000,000002793,14490157,1500.0,0,0,N/A
Oticas_BH,18960845000194,147098,Mastercard,Crédito,Crédito Parcelado Lojista,2025-07-23 10:37,2025-07-23,2025-07,Negada,08,,000000,000002795,14490157,1500.0,0,0,N/A
Oticas_BH,18960845000194,147098,Mastercard,Crédito,Crédito Parcelado Lojista,2025-07-23 10:37,2025-07-23,2025-07,Aprovada,08,2025-08-25,848287,000002797,14490157,1500.0,-39.15,1460.85,Nacional
Oticas_BH,18960845000194,147098,Mastercard,Crédito,Crédito Parcelado Lojista,2025-07-24 09:34,2025-07-24,2025-07,Negada,10,,000000,000002799,14490157,2340.0,0,0,N/A
Oticas_BH,18960845000194,147098,Mastercard,Crédito,Crédito Parcelado Lojista,2025-07-24 09:40,2025-07-24,2025-07,Aprovada,10,2025-08-25,093753,000002803,14490157,1340.0,-34.97,1305.03,Nacional
Oticas_BH,18960845000194,147098,Elo,Crédito,Crédito Parcelado Lojista,2025-07-24 13:15,2025-07-24,2025-07,Aprovada,10,2025-08-25,070922,000002805,14490157,2600.0,-62.4,2537.6,Nacional
Oticas_BH,18960845000194,147098,Mastercard,Crédito,Crédito Parcelado Lojista,2025-07-24 13:34,2025-07-24,2025-07,Aprovada,10,2025-08-25,048722,000002807,14490157,1015.0,-26.49,988.51,Nacional
Oticas_BH,18960845000194,147098,Mastercard,Crédito,Crédito Parcelado Lojista,2025-07-24 13:52,2025-07-24,2025-07,Aprovada,02,2025-08-25,154806,000002809,14490157,690.0,-16.56,673.44,Nacional
Oticas_BH,18960845000194,147098,Visa,Crédito,Crédito Parcelado Lojista,2025-07-25 09:00,2025-07-25,2025-07,Aprovada,06,2025-08-25,605361,000002811,14490157,2480.0,-55.8,2424.2,Nacional
Oticas_BH,18960845000194,147098,Mastercard,Crédito,Crédito Parcelado Lojista,2025-07-25 14:08,2025-07-25,2025-07,Aprovada,10,2025-08-25,083165,000002815,14490157,1750.0,-45.68,1704.32,Nacional
Oticas_BH,18960845000194,147098,Visa,Crédito,Crédito Parcelado Lojista,2025-07-26 09:24,2025-07-26,2025-07,Aprovada,03,2025-08-26,068578,095557791,EG551985,590.0,-17.7,572.3,Nacional
Oticas_BH,18960845000194,147098,Visa,Crédito,Crédito Parcelado Lojista,2025-07-28 13:44,2025-07-28,2025-07,Aprovada,10,2025-08-28,878401,000002817,14490157,1620.0,-38.88,1581.12,Nacional
Oticas_BH,18960845000194,147098,Mastercard,Crédito,Crédito À Vista,2025-07-28 17:22,2025-07-28,2025-07,Aprovada,01,2025-08-28,762165,000002821,14490157,45.0,-0.86,44.14,Nacional
Oticas_BH,18960845000194,147098,Mastercard,Crédito,Crédito Parcelado Lojista,2025-07-29 07:55,2025-07-29,2025-07,Aprovada,10,2025-08-29,013005,000002823,14490157,1080.0,-28.19,1051.81,Nacional
Oticas_BH,18960845000194,147098,Mastercard,Crédito,Crédito Parcelado Lojista,2025-07-29 09:22,2025-07-29,2025-07,Aprovada,10,2025-08-29,OQI1EO,092115011,EG551985,990.0,-31.19,958.81,Nacional
Oticas_BH,18960845000194,147098,Visa,Crédito,Crédito Parcelado Lojista,2025-07-29 09:49,2025-07-29,2025-07,Aprovada,02,2025-08-29,188385,000002827,14490157,200.0,-4.5,195.5,Nacional
Oticas_BH,18960845000194,147098,Visa,Crédito,Crédito À Vista,2025-07-29 11:04,2025-07-29,2025-07,Aprovada,01,2025-08-29,508165,000002829,14490157,50.0,-0.95,49.05,Nacional
Oticas_BH,18960845000194,147098,Mastercard,Crédito,Crédito Parcelado Lojista,2025-07-29 13:49,2025-07-29,2025-07,Aprovada,10,2025-08-29,115841,000002831,14490157,2090.0,-54.55,2035.45,Nacional
Oticas_BH,18960845000194,147098,Mastercard,Crédito,Crédito Parcelado Lojista,2025-07-30 11:24,2025-07-30,2025-07,Negada,06,,000000,000002833,14490157,1500.0,0,0,N/A
Oticas_BH,18960845000194,147098,Mastercard,Crédito,Crédito Parcelado Lojista,2025-07-30 11:25,2025-07-30,2025-07,Aprovada,06,2025-09-01,088053,000002837,14490157,1500.0,-36.0,1464.0,Nacional
Oticas_BH,18960845000194,147098,Elo,Débito,Débito,2025-07-30 11:55,2025-07-30,2025-07,Aprovada,01,2025-07-31,095201,000002839,14490157,200.0,-2.5,197.5,Nacional
Oticas_BH,18960845000194,147098,Mastercard,Débito,Débito,2025-07-31 09:38,2025-07-31,2025-07,Aprovada,01,2025-08-01,382080,000002841,14490157,6100.0,-79.3,6020.7,Nacional
Oticas_BH,18960845000194,147098,Mastercard,Crédito,Crédito Parcelado Lojista,2025-07-31 13:54,2025-07-31,2025-07,Aprovada,10,2025-09-01,018242,000002845,14490157,1800.0,-46.98,1753.02,Nacional
Oticas_BH,18960845000194,147098,Mastercard,Crédito,Crédito Parcelado Lojista,2025-07-31 14:02,2025-07-31,2025-07,Aprovada,10,2025-09-01,004198,000002847,14490157,1000.0,-26.1,973.9,Nacional
Oticas_BH,18960845000194,147098,Mastercard,Crédito,Crédito Parcelado Lojista,2025-07-31 14:03,2025-07-31,2025-07,Aprovada,06,2025-09-01,R81646,000002849,14490157,600.0,-14.4,585.6,Nacional
Oticas_BH,18960845000194,147098,Mastercard,Crédito,Crédito Parcelado Lojista,2025-08-01 08:49,2025-08-01,2025-08,Aprovada,03,2025-09-01,758972,000002851,14490157,590.0,-14.16,575.84,Nacional
Oticas_BH,18960845000194,147098,Mastercard,Crédito,Crédito Parcelado Lojista,2025-08-01 09:46,2025-08-01,2025-08,Aprovada,06,2025-09-01,RCXXX2,000002855,14490157,690.0,-16.56,673.44,Nacional
Oticas_BH,18960845000194,147098,Mastercard,Crédito,Crédito À Vista,2025-08-01 10:04,2025-08-01,2025-08,Aprovada,01,2025-09-01,040117,000002857,14490157,700.0,-13.3,686.7,Nacional
Oticas_BH,18960845000194,147098,Mastercard,Crédito,Crédito Parcelado Lojista,2025-08-01 11:08,2025-08-01,2025-08,Aprovada,08,2025-09-01,080967,111159163,EG551985,750.0,-23.63,726.37,Nacional
Oticas_BH,18960845000194,147098,Visa,Débito,Débito,2025-08-01 11:18,2025-08-01,2025-08,Aprovada,01,2025-08-04,140740,000002859,14490157,950.0,-11.88,938.12,Nacional
Oticas_BH,18960845000194,147098,Mastercard,Crédito,Crédito À Vista,2025-08-01 12:31,2025-08-01,2025-08,Aprovada,01,2025-09-01,030952,000002861,14490157,300.0,-5.7,294.3,Nacional
Oticas_BH,18960845000194,147098,Visa,Crédito,Crédito Parcelado Lojista,2025-08-01 14:08,2025-08-01,2025-08,Aprovada,10,2025-09-01,084449,000002863,14490157,4600.0,-110.4,4489.6,Nacional
Oticas_BH,18960845000194,147098,Visa,Crédito,Crédito Parcelado Lojista,2025-08-01 15:33,2025-08-01,2025-08,Aprovada,04,2025-09-01,496438,000002865,14490157,590.0,-13.28,576.72,Nacional
Oticas_BH,18960845000194,147098,Mastercard,Crédito,Crédito Parcelado Lojista,2025-08-02 10:11,2025-08-02,2025-08,Aprovada,02,2025-09-02,074419,000002867,14490157,1140.0,-27.36,1112.64,Nacional
Oticas_BH,18960845000194,147098,Mastercard,Crédito,Crédito Parcelado Lojista,2025-08-05 08:35,2025-08-05,2025-08,Aprovada,06,2025-09-05,R19054,000002871,14490157,790.0,-18.96,771.04,Nacional
Oticas_BH,18960845000194,147098,Visa,Crédito,Crédito Parcelado Lojista,2025-08-05 09:08,2025-08-05,2025-08,Aprovada,04,2025-09-05,Q45IN1,000002875,14490157,1330.0,-29.93,1300.07,Nacional
Oticas_BH,18960845000194,147098,Mastercard,Crédito,Crédito Parcelado Lojista,2025-08-05 15:47,2025-08-05,2025-08,Aprovada,06,2025-09-05,082670,000002877,14490157,2540.0,-60.96,2479.04,Nacional
Oticas_BH,18960845000194,147098,Elo,Crédito,Crédito Parcelado Lojista,2025-08-05 16:33,2025-08-05,2025-08,Aprovada,05,2025-09-05,245405,000002879,14490157,7300.0,-164.25,7135.75,Nacional
Oticas_BH,18960845000194,147098,Mastercard,Crédito,Crédito Parcelado Lojista,2025-08-06 09:46,2025-08-06,2025-08,Aprovada,10,2025-09-08,R13689,000002881,14490157,1250.0,-32.63,1217.37,Nacional
Oticas_BH,18960845000194,147098,Mastercard,Crédito,Crédito Parcelado Lojista,2025-08-06 10:38,2025-08-06,2025-08,Aprovada,07,2025-09-08,432952,000002885,14490157,2900.0,-75.69,2824.31,Nacional
Oticas_BH,18960845000194,147098,Mastercard,Crédito,Crédito Parcelado Lojista,2025-08-06 11:51,2025-08-06,2025-08,Aprovada,04,2025-09-08,066689,000002887,14490157,2980.0,-71.52,2908.48,Nacional
Oticas_BH,18960845000194,147098,Mastercard,Crédito,Crédito Parcelado Lojista,2025-08-06 14:05,2025-08-06,2025-08,Aprovada,04,2025-09-08,039443,000002889,14490157,1330.0,-31.92,1298.08,Nacional
Oticas_BH,18960845000194,147098,Visa,Crédito,Crédito Parcelado Lojista,2025-08-06 15:31,2025-08-06,2025-08,Negada,06,,000000,000002891,14490157,700.0,0,0,N/A
Oticas_BH,18960845000194,147098,Visa,Crédito,Crédito Parcelado Lojista,2025-08-06 15:46,2025-08-06,2025-08,Negada,06,,00000000,157265665,EG551985,700.0,0,0,N/A
Oticas_BH,18960845000194,147098,Mastercard,Crédito,Crédito Parcelado Lojista,2025-08-06 15:47,2025-08-06,2025-08,Aprovada,08,2025-09-08,R93779,000002893,14490157,1000.0,-26.1,973.9,Nacional
Oticas_BH,18960845000194,147098,Visa,Crédito,Crédito Parcelado Lojista,2025-08-06 15:47,2025-08-06,2025-08,Negada,06,,00000000,158046441,EG551985,700.0,0,0,N/A
Oticas_BH,18960845000194,147098,Visa,Crédito,Crédito Parcelado Lojista,2025-08-06 16:03,2025-08-06,2025-08,Aprovada,05,2025-09-08,150477,000002895,14490157,2000.0,-45.0,1955.0,Nacional
Oticas_BH,18960845000194,147098,Visa,Débito,Débito,2025-08-06 16:04,2025-08-06,2025-08,Aprovada,01,2025-08-07,157872,000002897,14490157,750.0,-9.38,740.62,Nacional
Oticas_BH,18960845000194,147098,Mastercard,Crédito,Crédito Parcelado Lojista,2025-08-06 16:13,2025-08-06,2025-08,Aprovada,03,2025-09-08,R35444,000002899,14490157,890.0,-21.36,868.64,Nacional
Oticas_BH,18960845000194,147098,Mastercard,Crédito,Crédito Parcelado Lojista,2025-08-07 08:43,2025-08-07,2025-08,Aprovada,10,2025-09-08,064562,000002901,14490157,9600.0,-250.56,9349.44,Nacional
Oticas_BH,18960845000194,147098,Visa,Crédito,Crédito Parcelado Lojista,2025-08-07 08:54,2025-08-07,2025-08,Aprovada,03,2025-09-08,543372,000002905,14490157,1590.0,-35.78,1554.22,Nacional
Oticas_BH,18960845000194,147098,Visa,Crédito,Crédito Parcelado Lojista,2025-08-07 08:59,2025-08-07,2025-08,Aprovada,04,2025-09-08,360242,000002907,14490157,855.0,-19.24,835.76,Nacional
Oticas_BH,18960845000194,147098,Visa,Crédito,Crédito Parcelado Lojista,2025-08-07 09:50,2025-08-07,2025-08,Aprovada,08,2025-09-08,510462,000002909,14490157,855.0,-20.52,834.48,Nacional
Oticas_BH,18960845000194,147098,Mastercard,Débito,Débito,2025-08-07 10:04,2025-08-07,2025-08,Aprovada,01,2025-08-08,M24517,000002911,14490157,200.0,-2.6,197.4,Nacional
Oticas_BH,18960845000194,147098,Mastercard,Crédito,Crédito Parcelado Lojista,2025-08-07 10:18,2025-08-07,2025-08,Aprovada,06,2025-09-08,076024,000002913,14490157,2900.0,-69.6,2830.4,Nacional
Oticas_BH,18960845000194,147098,Mastercard,Crédito,Crédito Parcelado Lojista,2025-08-07 14:01,2025-08-07,2025-08,Aprovada,10,2025-09-08,R37445,000002915,14490157,3000.0,-78.3,2921.7,Nacional
Oticas_BH,18960845000194,147098,Mastercard,Crédito,Crédito À Vista,2025-08-07 14:53,2025-08-07,2025-08,Aprovada,01,2025-09-08,061737,000002917,14490157,100.0,-1.9,98.1,Nacional
Oticas_BH,18960845000194,147098,Visa,Crédito,Crédito Parcelado Lojista,2025-08-07 16:59,2025-08-07,2025-08,Aprovada,10,2025-09-08,171254,000002919,14490157,2400.0,-57.6,2342.4,Nacional
Oticas_BH,18960845000194,147098,Mastercard,Crédito,Crédito Parcelado Lojista,2025-08-08 12:16,2025-08-08,2025-08,Aprovada,10,2025-09-08,R53171,000002921,14490157,4800.0,-125.28,4674.72,Nacional
Oticas_BH,18960845000194,147098,Mastercard,Crédito,Crédito Parcelado Lojista,2025-08-08 12:49,2025-08-08,2025-08,Aprovada,12,2025-09-08,024710,000002925,14490157,2000.0,-52.2,1947.8,Nacional
Oticas_BH,18960845000194,147098,Visa,Crédito,Crédito Parcelado Lojista,2025-08-08 13:41,2025-08-08,2025-08,Aprovada,10,2025-09-08,557289,000002927,14490157,2825.0,-67.8,2757.2,Nacional
Oticas_BH,18960845000194,147098,Visa,Crédito,Crédito Parcelado Lojista,2025-08-08 14:27,2025-08-08,2025-08,Aprovada,06,2025-09-08,041941,000002929,14490157,1300.0,-29.25,1270.75,Nacional
Oticas_BH,18960845000194,147098,Mastercard,Crédito,Crédito Parcelado Lojista,2025-08-08 15:40,2025-08-08,2025-08,Aprovada,10,2025-09-08,336470,000002931,14490157,1920.0,-50.11,1869.89,Nacional
Oticas_BH,18960845000194,147098,Visa,Crédito,Crédito Parcelado Lojista,2025-08-08 16:39,2025-08-08,2025-08,Aprovada,08,2025-09-08,147145,000002933,14490157,2031.0,-48.74,1982.26,Nacional
Oticas_BH,18960845000194,147098,Mastercard,Crédito,Crédito Parcelado Lojista,2025-08-09 09:42,2025-08-09,2025-08,Aprovada,03,2025-09-09,206511,000002935,14490157,1890.0,-45.36,1844.64,Nacional
Oticas_BH,18960845000194,147098,Visa,Crédito,Crédito Parcelado Lojista,2025-08-11 14:28,2025-08-11,2025-08,Aprovada,08,2025-09-11,669412,000002939,14490157,670.0,-16.08,653.92,Nacional
Oticas_BH,18960845000194,147098,Visa,Crédito,Crédito Parcelado Lojista,2025-08-11 14:48,2025-08-11,2025-08,Aprovada,10,2025-09-11,073235,000002943,14490157,2100.0,-50.4,2049.6,Nacional
Oticas_BH,18960845000194,147098,Visa,Crédito,Crédito Parcelado Lojista,2025-08-12 09:33,2025-08-12,2025-08,Aprovada,10,2025-09-12,632794,000002945,14490157,1990.0,-47.76,1942.24,Nacional
Oticas_BH,18960845000194,147098,Mastercard,Crédito,Crédito Parcelado Lojista,2025-08-12 09:40,2025-08-12,2025-08,Aprovada,06,2025-09-12,R29999,000002949,14490157,740.0,-17.76,722.24,Nacional
Oticas_BH,18960845000194,147098,Mastercard,Crédito,Crédito Parcelado Lojista,2025-08-12 11:00,2025-08-12,2025-08,Aprovada,10,2025-09-12,069843,000002951,14490157,2780.0,-72.56,2707.44,Nacional
Oticas_BH,18960845000194,147098,Visa,Débito,Débito,2025-08-12 12:49,2025-08-12,2025-08,Aprovada,01,2025-08-13,146185,000002953,14490157,2100.0,-26.25,2073.75,Nacional
Oticas_BH,18960845000194,147098,Visa,Crédito,Crédito Parcelado Lojista,2025-08-12 13:32,2025-08-12,2025-08,Aprovada,04,2025-09-12,481723,000002955,14490157,600.0,-13.5,586.5,Nacional
Oticas_BH,18960845000194,147098,Mastercard,Débito,Débito,2025-08-12 13:47,2025-08-12,2025-08,Aprovada,01,2025-08-13,M28290,000002957,14490157,800.0,-10.4,789.6,Nacional
Oticas_BH,18960845000194,147098,Visa,Crédito,Crédito Parcelado Lojista,2025-08-12 14:58,2025-08-12,2025-08,Aprovada,08,2025-09-12,684313,000002959,14490157,1545.0,-37.08,1507.92,Nacional
Oticas_BH,18960845000194,147098,Mastercard,Crédito,Crédito Parcelado Lojista,2025-08-12 16:38,2025-08-12,2025-08,Aprovada,10,2025-09-12,907987,000002961,14490157,1650.0,-43.07,1606.93,Nacional
Oticas_BH,18960845000194,147098,Elo,Crédito,Crédito À Vista,2025-08-13 10:33,2025-08-13,2025-08,Aprovada,01,2025-09-15,261920,000002963,14490157,1480.0,-28.12,1451.88,Nacional
Oticas_BH,18960845000194,147098,Visa,Crédito,Crédito Parcelado Lojista,2025-08-13 11:39,2025-08-13,2025-08,Aprovada,10,2025-09-15,694405,000002967,14490157,1380.0,-33.12,1346.88,Nacional
Oticas_BH,18960845000194,147098,Mastercard,Crédito,Crédito Parcelado Lojista,2025-08-13 15:25,2025-08-13,2025-08,Aprovada,10,2025-09-15,R88149,000002969,14490157,3575.0,-93.31,3481.69,Nacional
Oticas_BH,18960845000194,147098,Visa,Crédito,Crédito Parcelado Lojista,2025-08-14 09:22,2025-08-14,2025-08,Aprovada,10,2025-09-15,003652,000002971,14490157,1950.0,-46.8,1903.2,Nacional
Oticas_BH,18960845000194,147098,Visa,Crédito,Crédito Parcelado Lojista,2025-08-14 12:15,2025-08-14,2025-08,Aprovada,10,2025-09-15,564711,000002975,14490157,1700.0,-40.8,1659.2,Nacional
Oticas_BH,18960845000194,147098,Mastercard,Crédito,Crédito Parcelado Lojista,2025-08-18 09:10,2025-08-18,2025-08,Aprovada,10,2025-09-18,071724,000002977,14490157,1500.0,-39.15,1460.85,Nacional
Oticas_BH,18960845000194,147098,Mastercard,Crédito,Crédito Parcelado Lojista,2025-08-19 09:00,2025-08-19,2025-08,Estornada,10,2025-09-19,001857,000002981,14490157,2990.0,-78.04,2911.96,Nacional
Oticas_BH,18960845000194,147098,Mastercard,Crédito,Crédito Parcelado Lojista,2025-08-19 11:00,2025-08-19,2025-08,Aprovada,10,2025-09-19,004757,000002989,14490157,1475.0,-38.5,1436.5,Nacional
Oticas_BH,18960845000194,147098,Mastercard,Crédito,Crédito Parcelado Lojista,2025-08-19 13:57,2025-08-19,2025-08,Aprovada,10,2025-09-19,R31242,000002991,14490157,3574.0,-93.28,3480.72,Nacional
Oticas_BH,18960845000194,147098,Visa,Crédito,Crédito Parcelado Lojista,2025-08-19 14:51,2025-08-19,2025-08,Aprovada,10,2025-09-19,521498,000002993,14490157,1600.0,-38.4,1561.6,Nacional
Oticas_BH,18960845000194,147098,Mastercard,Crédito,Crédito Parcelado Lojista,2025-08-19 15:06,2025-08-19,2025-08,Aprovada,04,2025-09-19,473580,000002995,14490157,1300.0,-31.2,1268.8,Nacional
Oticas_BH,18960845000194,147098,Visa,Crédito,Crédito Parcelado Lojista,2025-08-19 17:12,2025-08-19,2025-08,Aprovada,10,2025-09-19,HZ7SHH,177700535,EG551985,1550.0,-48.83,1501.17,Nacional
Oticas_BH,18960845000194,147098,Visa,Débito,Débito,2025-08-19 17:14,2025-08-19,2025-08,Aprovada,01,2025-08-20,053891,000002997,14490157,290.0,-3.63,286.37,Nacional
Oticas_BH,18960845000194,147098,Mastercard,Crédito,Crédito Parcelado Lojista,2025-08-20 10:35,2025-08-20,2025-08,Aprovada,08,2025-09-22,R05596,000002999,14490157,990.0,-25.84,964.16,Nacional
Oticas_BH,18960845000194,147098,Mastercard,Crédito,Crédito Parcelado Lojista,2025-08-20 14:34,2025-08-20,2025-08,Aprovada,02,2025-09-22,R08674,000003003,14490157,1420.0,-34.08,1385.92,Nacional
Oticas_BH,18960845000194,147098,Mastercard,Crédito,Crédito Parcelado Lojista,2025-08-21 09:55,2025-08-21,2025-08,Aprovada,04,2025-09-22,052290,000003005,14490157,2000.0,-48.0,1952.0,Nacional
Oticas_BH,18960845000194,147098,Visa,Crédito,Crédito Parcelado Lojista,2025-08-21 10:39,2025-08-21,2025-08,Aprovada,10,2025-09-22,394061,000003009,14490157,4350.0,-104.4,4245.6,Nacional
Oticas_BH,18960845000194,147098,Visa,Crédito,Crédito Parcelado Lojista,2025-08-21 11:01,2025-08-21,2025-08,Aprovada,10,2025-09-22,027462,000003011,14490157,2800.0,-67.2,2732.8,Nacional
Oticas_BH,18960845000194,147098,Mastercard,Débito,Débito,2025-08-21 12:06,2025-08-21,2025-08,Aprovada,01,2025-08-22,M53785,000003013,14490157,100.0,-1.3,98.7,Nacional
Oticas_BH,18960845000194,147098,Visa,Crédito,Crédito Parcelado Lojista,2025-08-21 13:43,2025-08-21,2025-08,Aprovada,10,2025-09-22,339713,000003015,14490157,1530.0,-36.72,1493.28,Nacional
Oticas_BH,18960845000194,147098,Mastercard,Débito,Débito,2025-08-21 14:18,2025-08-21,2025-08,Aprovada,01,2025-08-22,M01568,000003017,14490157,2000.0,-26.0,1974.0,Nacional
Oticas_BH,18960845000194,147098,Mastercard,Crédito,Crédito Parcelado Lojista,2025-08-22 13:12,2025-08-22,2025-08,Aprovada,05,2025-09-22,026300,000003019,14490157,1490.0,-35.76,1454.24,Nacional
Oticas_BH,18960845000194,147098,Elo,Crédito,Crédito Parcelado Lojista,2025-08-22 14:28,2025-08-22,2025-08,Aprovada,10,2025-09-22,334549,000003023,14490157,1500.0,-36.0,1464.0,Nacional
Oticas_BH,18960845000194,147098,Mastercard,Crédito,Crédito Parcelado Lojista,2025-08-22 15:44,2025-08-22,2025-08,Aprovada,10,2025-09-22,ZCONQY,000003025,14490157,2200.0,-57.42,2142.58,Nacional
Oticas_BH,18960845000194,147098,Visa,Crédito,Crédito Parcelado Lojista,2025-08-22 16:28,2025-08-22,2025-08,Aprovada,10,2025-09-22,683997,000003027,14490157,3850.0,-92.4,3757.6,Nacional
Oticas_BH,18960845000194,147098,Mastercard,Crédito,Crédito Parcelado Lojista,2025-08-22 17:10,2025-08-22,2025-08,Aprovada,10,2025-09-22,327196,000003029,14490157,3000.0,-78.3,2921.7,Nacional
Oticas_BH,18960845000194,147098,Visa,Débito,Débito,2025-08-23 10:57,2025-08-23,2025-08,Aprovada,01,2025-08-25,139466,000003031,14490157,950.0,-11.88,938.12,Nacional
Oticas_BH,18960845000194,147098,Visa,Crédito,Crédito Parcelado Lojista,2025-08-25 11:45,2025-08-25,2025-08,Aprovada,10,2025-09-25,652687,000003035,14490157,1180.0,-28.32,1151.68,Nacional
Oticas_BH,18960845000194,147098,Visa,Crédito,Crédito Parcelado Lojista,2025-08-26 14:56,2025-08-26,2025-08,Aprovada,10,2025-09-26,561970,000003039,14490157,2990.0,-71.76,2918.24,Nacional
Oticas_BH,18960845000194,147098,Mastercard,Crédito,Crédito Parcelado Lojista,2025-08-26 16:35,2025-08-26,2025-08,Aprovada,10,2025-09-26,055692,000003043,14490157,1890.0,-49.33,1840.67,Nacional
Oticas_BH,18960845000194,147098,Mastercard,Crédito,Crédito Parcelado Lojista,2025-08-26 16:42,2025-08-26,2025-08,Aprovada,08,2025-09-26,087618,000003045,14490157,990.0,-25.84,964.16,Nacional
Oticas_BH,18960845000194,147098,Visa,Crédito,Crédito Parcelado Lojista,2025-08-27 16:57,2025-08-27,2025-08,Aprovada,12,2025-09-29,004194,000003047,14490157,3140.0,-75.36,3064.64,Nacional
Oticas_BH,18960845000194,147098,Visa,Crédito,Crédito Parcelado Lojista,2025-08-28 12:16,2025-08-28,2025-08,Aprovada,10,2025-09-29,058426,000003051,14490157,2970.0,-71.28,2898.72,Nacional
Oticas_BH,18960845000194,147098,Mastercard,Débito,Débito,2025-08-28 14:27,2025-08-28,2025-08,Aprovada,01,2025-08-29,M00766,000003055,14490157,1100.0,-14.3,1085.7,Nacional
Oticas_BH,18960845000194,147098,Mastercard,Crédito,Crédito Parcelado Lojista,2025-08-29 08:48,2025-08-29,2025-08,Aprovada,10,2025-09-29,R52843,000003057,14490157,1070.0,-27.93,1042.07,Nacional
Oticas_BH,18960845000194,147098,Visa,Débito,Débito,2025-08-29 08:49,2025-08-29,2025-08,Aprovada,01,2025-09-01,335514,000003061,14490157,930.0,-11.63,918.37,Nacional
Oticas_BH,18960845000194,147098,Mastercard,Débito,Débito,2025-08-29 12:05,2025-08-29,2025-08,Aprovada,01,2025-09-01,M02429,000003063,14490157,1150.0,-14.95,1135.05,Nacional
Oticas_BH,18960845000194,147098,Elo,Crédito,Crédito Parcelado Lojista,2025-08-29 15:41,2025-08-29,2025-08,Aprovada,02,2025-09-29,614613,000003065,14490157,190.0,-4.28,185.72,Nacional
Oticas_BH,18960845000194,147098,Visa,Crédito,Crédito À Vista,2025-08-29 17:09,2025-08-29,2025-08,Aprovada,01,2025-09-29,575317,000003067,14490157,240.0,-4.56,235.44,Nacional
Oticas_BH,18960845000194,147098,Mastercard,Crédito,Crédito À Vista,2025-09-01 14:13,2025-09-01,2025-09,Aprovada,01,2025-10-02,001035,000003069,14490157,690.0,-13.11,676.89,Nacional
Oticas_BH,18960845000194,147098,Visa,Crédito,Crédito Parcelado Lojista,2025-09-01 15:40,2025-09-01,2025-09,Aprovada,05,2025-10-02,417701,000003073,14490157,1940.0,-43.65,1896.35,Nacional
Oticas_BH,18960845000194,147098,Mastercard,Crédito,Crédito Parcelado Lojista,2025-09-02 09:19,2025-09-02,2025-09,Negada,06,,000000,000003075,14490157,1650.0,0,0,N/A
Oticas_BH,18960845000194,147098,Mastercard,Crédito,Crédito Parcelado Lojista,2025-09-02 09:20,2025-09-02,2025-09,Negada,06,,000000,000003079,14490157,1650.0,0,0,N/A
Oticas_BH,18960845000194,147098,Visa,Crédito,Crédito Parcelado Lojista,2025-09-02 09:20,2025-09-02,2025-09,Aprovada,06,2025-10-03,611014,000003081,14490157,1650.0,-37.13,1612.87,Nacional
Oticas_BH,18960845000194,147098,Visa,Débito,Débito,2025-09-02 10:57,2025-09-02,2025-09,Aprovada,01,2025-09-03,035505,000003083,14490157,2000.0,-25.0,1975.0,Nacional
Oticas_BH,18960845000194,147098,Elo,Crédito,Crédito Parcelado Lojista,2025-09-02 10:58,2025-09-02,2025-09,Aprovada,10,2025-10-03,480954,000003085,14490157,6750.0,-162.0,6588.0,Nacional
Oticas_BH,18960845000194,147098,Visa,Crédito,Crédito Parcelado Lojista,2025-09-02 15:17,2025-09-02,2025-09,Aprovada,06,2025-10-03,003140,000003087,14490157,1090.0,-24.53,1065.47,Nacional
Oticas_BH,18960845000194,147098,Mastercard,Crédito,Crédito À Vista,2025-09-03 09:37,2025-09-03,2025-09,Aprovada,01,2025-10-06,656034,000003089,14490157,459.0,-8.72,450.28,Nacional
Oticas_BH,18960845000194,147098,Visa,Crédito,Crédito Parcelado Lojista,2025-09-03 11:55,2025-09-03,2025-09,Aprovada,10,2025-10-06,552071,000003093,14490157,1475.0,-35.4,1439.6,Nacional
Oticas_BH,18960845000194,147098,Mastercard,Crédito,Crédito Parcelado Lojista,2025-09-03 12:18,2025-09-03,2025-09,Aprovada,10,2025-10-06,080486,000003095,14490157,1240.0,-32.36,1207.64,Nacional
Oticas_BH,18960845000194,147098,Mastercard,Crédito,Crédito Parcelado Lojista,2025-09-04 14:41,2025-09-04,2025-09,Aprovada,06,2025-10-06,071418,000003097,14490157,540.0,-12.96,527.04,Nacional
Oticas_BH,18960845000194,147098,Visa,Crédito,Crédito Parcelado Lojista,2025-09-04 16:54,2025-09-04,2025-09,Aprovada,10,2025-10-06,SRZZ7S,000003101,14490157,4748.0,-113.95,4634.05,Nacional
Oticas_BH,18960845000194,147098,Visa,Crédito,Crédito À Vista,2025-09-05 09:29,2025-09-05,2025-09,Aprovada,01,2025-10-06,226721,000003103,14490157,1480.0,-28.12,1451.88,Nacional
Oticas_BH,18960845000194,147098,Mastercard,Crédito,Crédito Parcelado Lojista,2025-09-05 12:19,2025-09-05,2025-09,Aprovada,05,2025-10-06,S0DMGQ,000003107,14490157,2200.0,-52.8,2147.2,Nacional
Oticas_BH,18960845000194,147098,Mastercard,Débito,Débito,2025-09-05 15:56,2025-09-05,2025-09,Aprovada,01,2025-09-08,563566,000003109,14490157,40.0,-0.52,39.48,Nacional
Oticas_BH,18960845000194,147098,Visa,Crédito,Crédito Parcelado Lojista,2025-09-06 09:42,2025-09-06,2025-09,Aprovada,10,2025-10-07,112694,000003111,14490157,1490.0,-35.76,1454.24,Nacional
Oticas_BH,18960845000194,147098,Mastercard,Crédito,Crédito Parcelado Lojista,2025-09-06 12:28,2025-09-06,2025-09,Aprovada,02,2025-10-07,R88442,000003115,14490157,1300.0,-31.2,1268.8,Nacional
Oticas_BH,18960845000194,147098,Mastercard,Crédito,Crédito À Vista,2025-09-08 16:41,2025-09-08,2025-09,Negada,01,,000000,000003117,14490157,155.0,0,0,N/A
Oticas_BH,18960845000194,147098,Visa,Débito,Débito,2025-09-08 16:42,2025-09-08,2025-09,Aprovada,01,2025-09-09,005948,000003121,14490157,155.0,-1.94,153.06,Nacional
Oticas_BH,18960845000194,147098,Mastercard,Crédito,Crédito Parcelado Lojista,2025-09-09 10:19,2025-09-09,2025-09,Aprovada,10,2025-10-10,6MGZWQ,000003123,14490157,2250.0,-58.73,2191.27,Nacional
Oticas_BH,18960845000194,147098,Visa,Crédito,Crédito À Vista,2025-09-09 12:03,2025-09-09,2025-09,Aprovada,01,2025-10-10,632223,000003127,14490157,100.0,-1.9,98.1,Nacional
Oticas_BH,18960845000194,147098,Mastercard,Crédito,Crédito Parcelado Lojista,2025-09-09 14:55,2025-09-09,2025-09,Aprovada,10,2025-10-10,552452,140254037,EG551985,3955.0,-124.58,3830.42,Nacional
Oticas_BH,18960845000194,147098,Mastercard,Crédito,Crédito À Vista,2025-09-09 15:17,2025-09-09,2025-09,Negada,01,,000000,000003129,14490157,350.0,0,0,N/A
Oticas_BH,18960845000194,147098,Mastercard,Crédito,Crédito À Vista,2025-09-09 15:18,2025-09-09,2025-09,Aprovada,01,2025-10-10,009540,000003131,14490157,350.0,-6.65,343.35,Nacional
Oticas_BH,18960845000194,147098,Mastercard,Crédito,Crédito Parcelado Lojista,2025-09-10 09:09,2025-09-10,2025-09,Aprovada,10,2025-10-13,095556,000003133,14490157,5970.0,-155.82,5814.18,Nacional
Oticas_BH,18960845000194,147098,Mastercard,Crédito,Crédito Parcelado Lojista,2025-09-10 09:48,2025-09-10,2025-09,Aprovada,10,2025-10-13,1SNKK6,000003137,14490157,1460.0,-38.11,1421.89,Nacional
Oticas_BH,18960845000194,147098,Mastercard,Crédito,Crédito Parcelado Lojista,2025-09-10 10:20,2025-09-10,2025-09,Aprovada,04,2025-10-13,059729,105280247,EG551985,1300.0,-39.0,1261.0,Nacional
Oticas_BH,18960845000194,147098,Visa,Débito,Débito,2025-09-10 10:52,2025-09-10,2025-09,Aprovada,01,2025-09-11,151340,000003139,14490157,1500.0,-18.75,1481.25,Nacional
Oticas_BH,18960845000194,147098,Mastercard,Crédito,Crédito Parcelado Lojista,2025-09-10 15:49,2025-09-10,2025-09,Aprovada,10,2025-10-13,HAOSU4,000003141,14490157,3574.0,-93.28,3480.72,Nacional
Oticas_BH,18960845000194,147098,Mastercard,Crédito,Crédito Parcelado Lojista,2025-09-10 17:01,2025-09-10,2025-09,Negada,10,,000000,000003143,14490157,1800.0,0,0,N/A
Oticas_BH,18960845000194,147098,Mastercard,Débito,Débito,2025-09-10 17:03,2025-09-10,2025-09,Aprovada,01,2025-09-11,M08476,000003145,14490157,200.0,-2.6,197.4,Nacional
Oticas_BH,18960845000194,147098,Visa,Crédito,Crédito Parcelado Lojista,2025-09-11 08:47,2025-09-11,2025-09,Aprovada,10,2025-10-13,963176,000003147,14490157,3000.0,-72.0,2928.0,Nacional
Oticas_BH,18960845000194,147098,Visa,Débito,Débito,2025-09-11 09:12,2025-09-11,2025-09,Aprovada,01,2025-09-12,133189,000003151,14490157,30.0,-0.38,29.62,Nacional
Oticas_BH,18960845000194,147098,Mastercard,Crédito,Crédito À Vista,2025-09-11 10:54,2025-09-11,2025-09,Aprovada,01,2025-10-13,R29674,000003153,14490157,190.0,-3.61,186.39,Nacional
Oticas_BH,18960845000194,147098,Visa,Crédito,Crédito Parcelado Lojista,2025-09-11 11:53,2025-09-11,2025-09,Aprovada,03,2025-10-13,829462,000003155,14490157,500.0,-11.25,488.75,Nacional
Oticas_BH,18960845000194,147098,Visa,Crédito,Crédito Parcelado Lojista,2025-09-11 14:40,2025-09-11,2025-09,Aprovada,10,2025-10-13,709174,000003157,14490157,2399.0,-57.58,2341.42,Nacional
Oticas_BH,18960845000194,147098,Mastercard,Crédito,Crédito Parcelado Lojista,2025-09-11 16:53,2025-09-11,2025-09,Aprovada,06,2025-10-13,199123,000003159,14490157,610.0,-14.64,595.36,Nacional
Oticas_BH,18960845000194,147098,Visa,Crédito,Crédito Parcelado Lojista,2025-09-12 10:38,2025-09-12,2025-09,Aprovada,08,2025-10-13,097591,000003161,14490157,990.0,-23.76,966.24,Nacional
Oticas_BH,18960845000194,147098,Mastercard,Crédito,Crédito Parcelado Lojista,2025-09-12 10:55,2025-09-12,2025-09,Negada,10,,000000,000003165,14490157,1000.0,0,0,N/A
Oticas_BH,18960845000194,147098,Mastercard,Crédito,Crédito Parcelado Lojista,2025-09-12 10:56,2025-09-12,2025-09,Aprovada,10,2025-10-13,R30577,000003167,14490157,1000.0,-26.1,973.9,Nacional
Oticas_BH,18960845000194,147098,Mastercard,Crédito,Crédito Parcelado Lojista,2025-09-12 14:50,2025-09-12,2025-09,Aprovada,06,2025-10-13,040069,000003169,14490157,1450.0,-34.8,1415.2,Nacional
Oticas_BH,18960845000194,147098,Mastercard,Crédito,Crédito Parcelado Lojista,2025-09-12 15:25,2025-09-12,2025-09,Negada,10,,00000000,153176885,EG551985,3000.0,0,0,N/A
Oticas_BH,18960845000194,147098,Mastercard,Crédito,Crédito Parcelado Lojista,2025-09-12 15:27,2025-09-12,2025-09,Negada,10,,00000000,153933941,EG551985,3000.0,0,0,N/A
Oticas_BH,18960845000194,147098,Mastercard,Crédito,Crédito Parcelado Lojista,2025-09-12 15:29,2025-09-12,2025-09,Aprovada,10,2025-10-13,056712,153194245,EG551985,3000.0,-94.5,2905.5,Nacional
Oticas_BH,18960845000194,147098,Visa,Crédito,Crédito Parcelado Lojista,2025-09-12 16:02,2025-09-12,2025-09,Aprovada,06,2025-10-13,807102,000003171,14490157,800.0,-18.0,782.0,Nacional
Oticas_BH,18960845000194,147098,Mastercard,Crédito,Crédito Parcelado Lojista,2025-09-13 10:38,2025-09-13,2025-09,Aprovada,02,2025-10-14,685928,000003173,14490157,710.0,-17.04,692.96,Nacional
Oticas_BH,18960845000194,147098,Elo,Crédito,Crédito Parcelado Lojista,2025-09-15 08:27,2025-09-15,2025-09,Aprovada,10,2025-10-16,607549,000003177,14490157,1400.0,-33.6,1366.4,Nacional
Oticas_BH,18960845000194,147098,Visa,Crédito,Crédito Parcelado Lojista,2025-09-15 12:03,2025-09-15,2025-09,Aprovada,08,2025-10-16,965241,000003181,14490157,670.0,-16.08,653.92,Nacional
Oticas_BH,18960845000194,147098,Mastercard,Crédito,Crédito Parcelado Lojista,2025-09-16 09:05,2025-09-16,2025-09,Aprovada,05,2025-10-17,011847,000003183,14490157,800.0,-19.2,780.8,Nacional
Oticas_BH,18960845000194,147098,Visa,Débito,Débito,2025-09-16 15:14,2025-09-16,2025-09,Aprovada,01,2025-09-17,239853,000003187,14490157,1000.0,-12.5,987.5,Nacional
Oticas_BH,18960845000194,147098,Mastercard,Crédito,Crédito Parcelado Lojista,2025-09-16 16:41,2025-09-16,2025-09,Aprovada,10,2025-10-17,088176,000003189,14490157,4630.0,-120.84,4509.16,Nacional
Oticas_BH,18960845000194,147098,Mastercard,Crédito,Crédito Parcelado Lojista,2025-09-17 11:04,2025-09-17,2025-09,Aprovada,10,2025-10-20,100204,000003191,14490157,1000.0,-26.1,973.9,Nacional
Oticas_BH,18960845000194,147098,Visa,Crédito,Crédito Parcelado Lojista,2025-09-17 11:34,2025-09-17,2025-09,Negada,10,,000000,000003195,14490157,1890.0,0,0,N/A
Oticas_BH,18960845000194,147098,Visa,Crédito,Crédito Parcelado Lojista,2025-09-17 11:35,2025-09-17,2025-09,Negada,10,,000000,000003197,14490157,1890.0,0,0,N/A
Oticas_BH,18960845000194,147098,Visa,Crédito,Crédito Parcelado Lojista,2025-09-17 11:35,2025-09-17,2025-09,Aprovada,10,2025-10-20,099149,000003199,14490157,1890.0,-45.36,1844.64,Nacional
Oticas_BH,18960845000194,147098,Visa,Crédito,Crédito Parcelado Lojista,2025-09-17 11:49,2025-09-17,2025-09,Aprovada,02,2025-10-20,132782,000003201,14490157,400.0,-9.0,391.0,Nacional
Oticas_BH,18960845000194,147098,Visa,Crédito,Crédito À Vista,2025-09-17 13:39,2025-09-17,2025-09,Aprovada,01,2025-10-20,722166,000003203,14490157,200.0,-3.8,196.2,Nacional
Oticas_BH,18960845000194,147098,Visa,Crédito,Crédito Parcelado Lojista,2025-09-17 21:06,2025-09-17,2025-09,Aprovada,04,2025-10-20,089277,217147441,EG551985,800.0,-24.0,776.0,Nacional
Oticas_BH,18960845000194,147098,Visa,Crédito,Crédito Parcelado Lojista,2025-09-18 09:20,2025-09-18,2025-09,Aprovada,10,2025-10-20,694147,000003205,14490157,2640.0,-63.36,2576.64,Nacional
Oticas_BH,18960845000194,147098,Visa,Crédito,Crédito Parcelado Lojista,2025-09-18 10:36,2025-09-18,2025-09,Aprovada,10,2025-10-20,033294,000003209,14490157,4300.0,-103.2,4196.8,Nacional
Oticas_BH,18960845000194,147098,Mastercard,Crédito,Crédito Parcelado Lojista,2025-09-18 11:07,2025-09-18,2025-09,Aprovada,10,2025-10-20,CH3SZA,000003211,14490157,3180.0,-83.0,3097.0,Nacional
Oticas_BH,18960845000194,147098,Mastercard,Crédito,Crédito Parcelado Lojista,2025-09-18 14:38,2025-09-18,2025-09,Aprovada,10,2025-10-20,022811,000003213,14490157,2500.0,-65.25,2434.75,Nacional
Oticas_BH,18960845000194,147098,Mastercard,Crédito,Crédito Parcelado Lojista,2025-09-19 10:01,2025-09-19,2025-09,Aprovada,05,2025-10-20,944311,000003215,14490157,1340.0,-32.16,1307.84,Nacional
Oticas_BH,18960845000194,147098,Mastercard,Crédito,Crédito Parcelado Lojista,2025-09-19 10:03,2025-09-19,2025-09,Aprovada,10,2025-10-20,050369,000003219,14490157,1700.0,-44.37,1655.63,Nacional
Oticas_BH,18960845000194,147098,Mastercard,Crédito,Crédito Parcelado Lojista,2025-09-19 10:21,2025-09-19,2025-09,Aprovada,03,2025-10-20,074650,000003221,14490157,1400.0,-33.6,1366.4,Nacional
Oticas_BH,18960845000194,147098,Visa,Crédito,Crédito Parcelado Lojista,2025-09-19 10:27,2025-09-19,2025-09,Aprovada,10,2025-10-20,329500,000003223,14490157,2090.0,-50.16,2039.84,Nacional
Oticas_BH,18960845000194,147098,Visa,Crédito,Crédito Parcelado Lojista,2025-09-19 11:22,2025-09-19,2025-09,Aprovada,10,2025-10-20,222245,000003225,14490157,2390.0,-57.36,2332.64,Nacional
Oticas_BH,18960845000194,147098,Visa,Crédito,Crédito Parcelado Lojista,2025-09-19 12:37,2025-09-19,2025-09,Aprovada,10,2025-10-20,554717,000003227,14490157,5369.0,-128.86,5240.14,Nacional
Oticas_BH,18960845000194,147098,Elo,Crédito,Crédito Parcelado Lojista,2025-09-19 12:57,2025-09-19,2025-09,Aprovada,04,2025-10-20,001326,000003229,14490157,1890.0,-42.53,1847.47,Nacional
Oticas_BH,18960845000194,147098,Visa,Débito,Débito,2025-09-19 13:41,2025-09-19,2025-09,Aprovada,01,2025-09-22,312575,000003231,14490157,1200.0,-15.0,1185.0,Nacional
Oticas_BH,18960845000194,147098,Mastercard,Crédito,Crédito Parcelado Lojista,2025-09-19 14:31,2025-09-19,2025-09,Aprovada,10,2025-10-20,023628,000003233,14490157,1440.0,-37.58,1402.42,Nacional
Oticas_BH,18960845000194,147098,Visa,Crédito,Crédito Parcelado Lojista,2025-09-19 16:50,2025-09-19,2025-09,Aprovada,05,2025-10-20,611565,000003235,14490157,1000.0,-22.5,977.5,Nacional
Oticas_BH,18960845000194,147098,Mastercard,Débito,Débito,2025-09-19 16:59,2025-09-19,2025-09,Aprovada,01,2025-09-22,M09095,000003237,14490157,195.0,-2.54,192.46,Nacional
Oticas_BH,18960845000194,147098,Mastercard,Crédito,Crédito Parcelado Lojista,2025-09-19 17:11,2025-09-19,2025-09,Aprovada,03,2025-10-20,088829,000003239,14490157,1290.0,-30.96,1259.04,Nacional
Oticas_BH,18960845000194,147098,Visa,Crédito,Crédito Parcelado Lojista,2025-09-19 18:16,2025-09-19,2025-09,Aprovada,03,2025-10-20,038971,000003241,14490157,1040.0,-23.4,1016.6,Nacional
Oticas_BH,18960845000194,147098,Elo,Crédito,Crédito Parcelado Lojista,2025-09-20 11:27,2025-09-20,2025-09,Aprovada,03,2025-10-21,795331,000003243,14490157,600.0,-13.5,586.5,Nacional
Oticas_BH,18960845000194,147098,Mastercard,Crédito,Crédito Parcelado Lojista,2025-09-20 12:02,2025-09-20,2025-09,Aprovada,10,2025-10-21,266396,000003247,14490157,2500.0,-65.25,2434.75,Nacional
Oticas_BH,18960845000194,147098,Mastercard,Débito,Débito,2025-09-22 10:25,2025-09-22,2025-09,Negada,01,,M38314,000003249,14490157,50.0,0,0,N/A
Oticas_BH,18960845000194,147098,Mastercard,Débito,Débito,2025-09-22 10:26,2025-09-22,2025-09,Aprovada,01,2025-09-23,M98871,000003253,14490157,50.0,-0.65,49.35,Nacional
Oticas_BH,18960845000194,147098,Mastercard,Débito,Débito,2025-09-22 13:49,2025-09-22,2025-09,Aprovada,01,2025-09-23,M88632,000003255,14490157,600.0,-7.8,592.2,Nacional
Oticas_BH,18960845000194,147098,Mastercard,Crédito,Crédito Parcelado Lojista,2025-09-23 10:26,2025-09-23,2025-09,Aprovada,08,2025-10-24,455612,000003257,14490157,990.0,-25.84,964.16,Nacional
Oticas_BH,18960845000194,147098,Mastercard,Crédito,Crédito Parcelado Lojista,2025-09-23 10:59,2025-09-23,2025-09,Aprovada,08,2025-10-24,104038,000003261,14490157,800.0,-20.88,779.12,Nacional
Oticas_BH,18960845000194,147098,Visa,Crédito,Crédito Parcelado Lojista,2025-09-23 11:29,2025-09-23,2025-09,Aprovada,10,2025-10-24,266850,000003263,14490157,2800.0,-67.2,2732.8,Nacional
Oticas_BH,18960845000194,147098,Mastercard,Crédito,Crédito Parcelado Lojista,2025-09-23 12:22,2025-09-23,2025-09,Aprovada,05,2025-10-24,534529,000003265,14490157,1040.0,-24.96,1015.04,Nacional
Oticas_BH,18960845000194,147098,Mastercard,Crédito,Crédito Parcelado Lojista,2025-09-23 15:02,2025-09-23,2025-09,Aprovada,10,2025-10-24,089099,000003267,14490157,4900.0,-127.89,4772.11,Nacional
Oticas_BH,18960845000194,147098,Mastercard,Crédito,Crédito Parcelado Lojista,2025-09-24 09:50,2025-09-24,2025-09,Aprovada,10,2025-10-27,097113,000003269,14490157,2500.0,-65.25,2434.75,Nacional
Oticas_BH,18960845000194,147098,Mastercard,Crédito,Crédito Parcelado Lojista,2025-09-24 11:00,2025-09-24,2025-09,Aprovada,10,2025-10-27,010652,000003273,14490157,1180.0,-30.8,1149.2,Nacional
Oticas_BH,18960845000194,147098,Visa,Crédito,Crédito Parcelado Lojista,2025-09-24 11:45,2025-09-24,2025-09,Aprovada,10,2025-10-27,029439,000003275,14490157,5950.0,-142.8,5807.2,Nacional
Oticas_BH,18960845000194,147098,Mastercard,Crédito,Crédito Parcelado Lojista,2025-09-24 12:56,2025-09-24,2025-09,Aprovada,07,2025-10-27,031885,000003277,14490157,650.0,-16.97,633.03,Nacional
Oticas_BH,18960845000194,147098,Mastercard,Crédito,Crédito Parcelado Lojista,2025-09-24 15:11,2025-09-24,2025-09,Aprovada,10,2025-10-27,380255,000003279,14490157,1000.0,-26.1,973.9,Nacional
Oticas_BH,18960845000194,147098,Mastercard,Crédito,Crédito Parcelado Lojista,2025-09-24 16:27,2025-09-24,2025-09,Aprovada,06,2025-10-27,090327,000003281,14490157,1280.0,-30.72,1249.28,Nacional
Oticas_BH,18960845000194,147098,Mastercard,Crédito,Crédito Parcelado Lojista,2025-09-25 11:51,2025-09-25,2025-09,Aprovada,10,2025-10-27,094399,000003283,14490157,2100.0,-54.81,2045.19,Nacional
Oticas_BH,18960845000194,147098,Mastercard,Crédito,Crédito Parcelado Lojista,2025-09-26 09:28,2025-09-26,2025-09,Aprovada,10,2025-10-27,000466,000003287,14490157,2170.0,-56.64,2113.36,Nacional
Oticas_BH,18960845000194,147098,Visa,Crédito,Crédito Parcelado Lojista,2025-09-26 09:47,2025-09-26,2025-09,Aprovada,10,2025-10-27,677308,000003291,14490157,2350.0,-56.4,2293.6,Nacional
Oticas_BH,18960845000194,147098,Visa,Crédito,Crédito Parcelado Lojista,2025-09-26 12:25,2025-09-26,2025-09,Aprovada,03,2025-10-27,825683,000003293,14490157,650.0,-14.63,635.37,Nacional
Oticas_BH,18960845000194,147098,Visa,Crédito,Crédito Parcelado Lojista,2025-09-26 15:18,2025-09-26,2025-09,Aprovada,10,2025-10-27,1MI2O5,155983097,EG551985,1850.0,-58.28,1791.72,Nacional
Oticas_BH,18960845000194,147098,Visa,Crédito,Crédito Parcelado Lojista,2025-09-26 16:41,2025-09-26,2025-09,Aprovada,10,2025-10-27,415955,000003295,14490157,2080.0,-49.92,2030.08,Nacional
Oticas_BH,18960845000194,147098,Visa,Débito,Débito,2025-09-27 10:51,2025-09-27,2025-09,Aprovada,01,2025-09-29,779899,000003297,14490157,805.0,-10.06,794.94,Nacional
Oticas_BH,18960845000194,147098,Visa,Crédito,Crédito Parcelado Lojista,2025-09-27 11:40,2025-09-27,2025-09,Aprovada,04,2025-10-28,278984,000003301,14490157,1380.0,-31.05,1348.95,Nacional
Oticas_BH,18960845000194,147098,Visa,Crédito,Crédito Parcelado Lojista,2025-09-27 11:58,2025-09-27,2025-09,Aprovada,05,2025-10-28,097325,000003303,14490157,2000.0,-45.0,1955.0,Nacional
Oticas_BH,18960845000194,147098,Mastercard,Crédito,Crédito Parcelado Lojista,2025-09-29 12:10,2025-09-29,2025-09,Aprovada,02,2025-10-30,075838,000003305,14490157,550.0,-13.2,536.8,Nacional
Oticas_BH,18960845000194,147098,Mastercard,Crédito,Crédito Parcelado Lojista,2025-09-30 09:29,2025-09-30,2025-09,Aprovada,10,2025-10-31,291345,090502567,EG551985,1400.0,-44.1,1355.9,Nacional
Oticas_BH,18960845000194,147098,Visa,Crédito,Crédito Parcelado Lojista,2025-09-30 09:48,2025-09-30,2025-09,Aprovada,10,2025-10-31,025372,000003309,14490157,1980.0,-47.52,1932.48,Nacional
Oticas_BH,18960845000194,147098,Visa,Crédito,Crédito Parcelado Lojista,2025-09-30 11:43,2025-09-30,2025-09,Aprovada,10,2025-10-31,099859,000003313,14490157,1590.0,-38.16,1551.84,Nacional
Oticas_BH,18960845000194,147098,Visa,Crédito,Crédito Parcelado Lojista,2025-09-30 13:14,2025-09-30,2025-09,Aprovada,10,2025-10-31,935017,000003315,14490157,2060.0,-49.44,2010.56,Nacional
Oticas_BH,18960845000194,147098,Visa,Crédito,Crédito Parcelado Lojista,2025-09-30 13:43,2025-09-30,2025-09,Aprovada,10,2025-10-31,849107,000003317,14490157,1700.0,-40.8,1659.2,Nacional
Oticas_BH,18960845000194,147098,Mastercard,Crédito,Crédito Parcelado Lojista,2025-10-01 12:23,2025-10-01,2025-10,Aprovada,12,2025-11-03,182640,123740401,EG551985,3140.0,-98.91,3041.09,Nacional
Oticas_BH,18960845000194,147098,Mastercard,Crédito,Crédito Parcelado Lojista,2025-10-01 13:45,2025-10-01,2025-10,Aprovada,03,2025-11-03,893234,000003319,14490157,1900.0,-45.6,1854.4,Nacional
Oticas_BH,18960845000194,147098,Visa,Crédito,Crédito Parcelado Lojista,2025-10-01 14:22,2025-10-01,2025-10,Negada,10,,000000,000003323,14490157,6000.0,0,0,N/A
Oticas_BH,18960845000194,147098,Visa,Crédito,Crédito Parcelado Lojista,2025-10-01 14:22,2025-10-01,2025-10,Aprovada,10,2025-11-03,006910,000003325,14490157,6000.0,-144.0,5856.0,Nacional
Oticas_BH,18960845000194,147098,Visa,Crédito,Crédito Parcelado Lojista,2025-10-01 15:05,2025-10-01,2025-10,Aprovada,10,2025-11-03,018296,000003327,14490157,1780.0,-42.72,1737.28,Nacional
Oticas_BH,18960845000194,147098,Amex,Crédito,Crédito Parcelado Lojista,2025-10-01 16:49,2025-10-01,2025-10,Aprovada,10,2025-11-03,692994,000003329,14490157,5490.0,-183.92,5306.08,Nacional
Oticas_BH,18960845000194,147098,Amex,Crédito,Crédito Parcelado Lojista,2025-10-01 17:07,2025-10-01,2025-10,Aprovada,10,2025-11-03,675741,000003331,14490157,640.0,-21.44,618.56,Nacional
Oticas_BH,18960845000194,147098,Mastercard,Crédito,Crédito Parcelado Lojista,2025-10-02 08:19,2025-10-02,2025-10,Aprovada,10,2025-11-03,195577,000003333,14490157,1700.0,-44.37,1655.63,Nacional
Oticas_BH,18960845000194,147098,Visa,Crédito,Crédito Parcelado Lojista,2025-10-02 09:54,2025-10-02,2025-10,Aprovada,10,2025-11-03,642492,000003337,14490157,2990.0,-71.76,2918.24,Nacional
Oticas_BH,18960845000194,147098,Visa,Crédito,Crédito Parcelado Lojista,2025-10-02 11:31,2025-10-02,2025-10,Aprovada,10,2025-11-03,QELH8W,000003339,14490157,6790.0,-162.96,6627.04,Nacional
Oticas_BH,18960845000194,147098,Visa,Crédito,Crédito Parcelado Lojista,2025-10-02 16:18,2025-10-02,2025-10,Aprovada,10,2025-11-03,684076,000003341,14490157,3990.0,-95.76,3894.24,Nacional
Oticas_BH,18960845000194,147098,Visa,Crédito,Crédito Parcelado Lojista,2025-10-03 08:01,2025-10-03,2025-10,Aprovada,08,2025-11-03,678540,000003343,14490157,900.0,-21.6,878.4,Nacional
Oticas_BH,18960845000194,147098,Visa,Crédito,Crédito Parcelado Lojista,2025-10-03 09:56,2025-10-03,2025-10,Negada,05,,000000,000003347,14490157,950.0,0,0,N/A
Oticas_BH,18960845000194,147098,Visa,Crédito,Crédito Parcelado Lojista,2025-10-03 09:56,2025-10-03,2025-10,Aprovada,05,2025-11-03,571168,000003349,14490157,950.0,-21.38,928.62,Nacional
Oticas_BH,18960845000194,147098,Mastercard,Crédito,Crédito Parcelado Lojista,2025-10-03 11:51,2025-10-03,2025-10,Negada,10,,000000,000003351,14490157,1790.0,0,0,N/A
Oticas_BH,18960845000194,147098,Mastercard,Crédito,Crédito Parcelado Lojista,2025-10-03 11:53,2025-10-03,2025-10,Aprovada,10,2025-11-03,471254,000003353,14490157,895.0,-23.36,871.64,Nacional
Oticas_BH,18960845000194,147098,Visa,Crédito,Crédito Parcelado Lojista,2025-10-03 15:02,2025-10-03,2025-10,Aprovada,10,2025-11-03,815442,000003355,14490157,2160.0,-51.84,2108.16,Nacional
Oticas_BH,18960845000194,147098,Mastercard,Crédito,Crédito Parcelado Lojista,2025-10-04 09:52,2025-10-04,2025-10,Aprovada,10,2025-11-04,007894,000003357,14490157,1950.0,-50.9,1899.1,Nacional
Oticas_BH,18960845000194,147098,Mastercard,Crédito,Crédito Parcelado Lojista,2025-10-06 10:37,2025-10-06,2025-10,Aprovada,05,2025-11-06,373767,000003361,14490157,500.0,-12.0,488.0,Nacional
Oticas_BH,18960845000194,147098,Mastercard,Débito,Débito,2025-10-06 13:39,2025-10-06,2025-10,Aprovada,01,2025-10-07,Ywtaft,000003365,14490157,675.0,-8.78,666.22,Nacional
Oticas_BH,18960845000194,147098,Mastercard,Crédito,Crédito Parcelado Lojista,2025-10-07 09:07,2025-10-07,2025-10,Aprovada,03,2025-11-07,R18331,000003367,14490157,795.0,-19.08,775.92,Nacional
Oticas_BH,18960845000194,147098,Visa,Crédito,Crédito Parcelado Lojista,2025-10-07 13:41,2025-10-07,2025-10,Aprovada,02,2025-11-07,084668,000003371,14490157,2200.0,-49.5,2150.5,Nacional
Oticas_BH,18960845000194,147098,Visa,Crédito,Crédito Parcelado Lojista,2025-10-07 14:51,2025-10-07,2025-10,Aprovada,04,2025-11-07,115210,000003373,14490157,5890.0,-132.53,5757.47,Nacional
Oticas_BH,18960845000194,147098,Visa,Crédito,Crédito Parcelado Lojista,2025-10-07 15:09,2025-10-07,2025-10,Negada,10,,000000,000003375,14490157,2380.0,0,0,N/A
Oticas_BH,18960845000194,147098,Visa,Crédito,Crédito Parcelado Lojista,2025-10-07 15:10,2025-10-07,2025-10,Aprovada,10,2025-11-07,104159,000003377,14490157,2380.0,-57.12,2322.88,Nacional
Oticas_BH,18960845000194,147098,Elo,Débito,Débito,2025-10-08 12:57,2025-10-08,2025-10,Aprovada,01,2025-10-09,284261,000003379,14490157,500.0,-6.25,493.75,Nacional
Oticas_BH,18960845000194,147098,Elo,Crédito,Crédito Parcelado Lojista,2025-10-08 12:58,2025-10-08,2025-10,Aprovada,02,2025-11-10,551391,000003383,14490157,490.0,-11.03,478.97,Nacional
Oticas_BH,18960845000194,147098,Mastercard,Crédito,Crédito Parcelado Lojista,2025-10-08 15:05,2025-10-08,2025-10,Negada,03,,000000,000003385,14490157,640.0,0,0,N/A
Oticas_BH,18960845000194,147098,Mastercard,Crédito,Crédito Parcelado Lojista,2025-10-08 15:07,2025-10-08,2025-10,Aprovada,03,2025-11-10,HT8CWV,000003387,14490157,640.0,-15.36,624.64,Nacional
Oticas_BH,18960845000194,147098,Mastercard,Crédito,Crédito Parcelado Lojista,2025-10-08 15:11,2025-10-08,2025-10,Aprovada,10,2025-11-10,R19579,000003389,14490157,1000.0,-26.1,973.9,Nacional
Oticas_BH,18960845000194,147098,Mastercard,Crédito,Crédito Parcelado Lojista,2025-10-08 15:28,2025-10-08,2025-10,Aprovada,05,2025-11-10,735394,000003391,14490157,1000.0,-24.0,976.0,Nacional
Oticas_BH,18960845000194,147098,Mastercard,Crédito,Crédito Parcelado Lojista,2025-10-08 15:28,2025-10-08,2025-10,Aprovada,03,2025-11-10,317995,000003393,14490157,350.0,-8.4,341.6,Nacional
Oticas_BH,18960845000194,147098,Mastercard,Crédito,Crédito Parcelado Lojista,2025-10-08 16:37,2025-10-08,2025-10,Aprovada,10,2025-11-10,372257,000003395,14490157,1790.0,-46.72,1743.28,Nacional
Oticas_BH,18960845000194,147098,Visa,Crédito,Crédito Parcelado Lojista,2025-10-09 09:14,2025-10-09,2025-10,Aprovada,10,2025-11-10,009490,000003397,14490157,6300.0,-151.2,6148.8,Nacional
Oticas_BH,18960845000194,147098,Mastercard,Débito,Débito,2025-10-09 09:33,2025-10-09,2025-10,Aprovada,01,2025-10-10,M16139,000003401,14490157,300.0,-3.9,296.1,Nacional
Oticas_BH,18960845000194,147098,Mastercard,Crédito,Crédito Parcelado Lojista,2025-10-09 13:22,2025-10-09,2025-10,Aprovada,04,2025-11-10,869480,000003403,14490157,640.0,-15.36,624.64,Nacional
Oticas_BH,18960845000194,147098,Visa,Crédito,Crédito Parcelado Lojista,2025-10-09 15:42,2025-10-09,2025-10,Aprovada,08,2025-11-10,004383,000003405,14490157,8100.0,-194.4,7905.6,Nacional
Oticas_BH,18960845000194,147098,Mastercard,Crédito,Crédito Parcelado Lojista,2025-10-10 09:51,2025-10-10,2025-10,Aprovada,03,2025-11-10,408231,000003407,14490157,1150.0,-27.6,1122.4,Nacional
Oticas_BH,18960845000194,147098,Visa,Débito,Débito,2025-10-10 11:41,2025-10-10,2025-10,Aprovada,01,2025-10-13,VK1V4M,000003411,14490157,1450.0,-18.13,1431.87,Nacional pré pago
Oticas_BH,18960845000194,147098,Mastercard,Crédito,Crédito Parcelado Lojista,2025-10-10 12:12,2025-10-10,2025-10,Aprovada,10,2025-11-10,011267,000003413,14490157,3740.0,-97.61,3642.39,Nacional
Oticas_BH,18960845000194,147098,Mastercard,Crédito,Crédito Parcelado Lojista,2025-10-10 12:28,2025-10-10,2025-10,Aprovada,06,2025-11-10,270680,120560133,EG551985,3000.0,-90.0,2910.0,Nacional
Oticas_BH,18960845000194,147098,Mastercard,Crédito,Crédito Parcelado Lojista,2025-10-10 13:25,2025-10-10,2025-10,Aprovada,05,2025-11-10,089084,000003415,14490157,450.0,-10.8,439.2,Nacional
Oticas_BH,18960845000194,147098,Visa,Crédito,Crédito Parcelado Lojista,2025-10-10 13:49,2025-10-10,2025-10,Aprovada,03,2025-11-10,441181,000003417,14490157,4750.0,-106.88,4643.12,Nacional
Oticas_BH,18960845000194,147098,Mastercard,Crédito,Crédito Parcelado Lojista,2025-10-11 10:49,2025-10-11,2025-10,Aprovada,10,2025-11-11,693039,000003419,14490157,2700.0,-70.47,2629.53,Nacional
Oticas_BH,18960845000194,147098,Mastercard,Crédito,Crédito Parcelado Lojista,2025-10-13 10:57,2025-10-13,2025-10,Aprovada,10,2025-11-13,FEZGJD,000003423,14490157,1580.0,-41.24,1538.76,Nacional
Oticas_BH,18960845000194,147098,Mastercard,Crédito,Crédito Parcelado Lojista,2025-10-13 19:11,2025-10-13,2025-10,Negada,10,,00000000,198099104,EG551985,2150.0,0,0,N/A
Oticas_BH,18960845000194,147098,Visa,Crédito,Crédito Parcelado Lojista,2025-10-14 12:06,2025-10-14,2025-10,Aprovada,06,2025-11-14,233144,000003427,14490157,8000.0,-180.0,7820.0,Nacional
Oticas_BH,18960845000194,147098,Visa,Débito,Débito,2025-10-14 15:06,2025-10-14,2025-10,Aprovada,01,2025-10-15,154418,000003431,14490157,6350.0,-79.38,6270.62,Nacional
Oticas_BH,18960845000194,147098,Visa,Crédito,Crédito Parcelado Lojista,2025-10-14 16:08,2025-10-14,2025-10,Aprovada,10,2025-11-14,613319,000003433,14490157,1180.0,-28.32,1151.68,Nacional
Oticas_BH,18960845000194,147098,Visa,Débito,Débito,2025-10-14 16:45,2025-10-14,2025-10,Aprovada,01,2025-10-15,119176,000003435,14490157,690.0,-8.63,681.37,Nacional
Oticas_BH,18960845000194,147098,Mastercard,Crédito,Crédito À Vista,2025-10-14 16:46,2025-10-14,2025-10,Aprovada,01,2025-11-14,596764,000003437,14490157,690.0,-13.11,676.89,Nacional
Oticas_BH,18960845000194,147098,Mastercard,Crédito,Crédito Parcelado Lojista,2025-10-15 09:57,2025-10-15,2025-10,Aprovada,06,2025-11-17,751423,000003439,14490157,550.0,-13.2,536.8,Nacional
Oticas_BH,18960845000194,147098,Mastercard,Crédito,Crédito Parcelado Lojista,2025-10-15 10:14,2025-10-15,2025-10,Aprovada,10,2025-11-17,050599,000003443,14490157,4377.0,-114.24,4262.76,Nacional
Oticas_BH,18960845000194,147098,Visa,Débito,Débito,2025-10-15 10:33,2025-10-15,2025-10,Aprovada,01,2025-10-16,006774,000003445,14490157,805.0,-10.06,794.94,Nacional
Oticas_BH,18960845000194,147098,Visa,Débito,Débito,2025-10-15 11:36,2025-10-15,2025-10,Aprovada,01,2025-10-16,141846,000003447,14490157,1791.0,-22.39,1768.61,Nacional
Oticas_BH,18960845000194,147098,Visa,Crédito,Crédito Parcelado Lojista,2025-10-15 12:05,2025-10-15,2025-10,Negada,06,,000000,000003449,14490157,1750.0,0,0,N/A
Oticas_BH,18960845000194,147098,Visa,Crédito,Crédito Parcelado Lojista,2025-10-15 12:06,2025-10-15,2025-10,Negada,06,,000000,000003451,14490157,1750.0,0,0,N/A
Oticas_BH,18960845000194,147098,Visa,Crédito,Crédito Parcelado Lojista,2025-10-15 12:07,2025-10-15,2025-10,Aprovada,06,2025-11-17,633853,000003453,14490157,1500.0,-33.75,1466.25,Nacional
Oticas_BH,18960845000194,147098,Visa,Crédito,Crédito Parcelado Lojista,2025-10-15 12:08,2025-10-15,2025-10,Aprovada,06,2025-11-17,486594,000003455,14490157,250.0,-5.63,244.37,Nacional
Oticas_BH,18960845000194,147098,Mastercard,Crédito,Crédito Parcelado Lojista,2025-10-15 14:19,2025-10-15,2025-10,Aprovada,10,2025-11-17,824527,000003457,14490157,1170.0,-30.54,1139.46,Nacional
Oticas_BH,18960845000194,147098,Mastercard,Crédito,Crédito Parcelado Lojista,2025-10-15 16:09,2025-10-15,2025-10,Aprovada,10,2025-11-17,095675,000003459,14490157,1440.0,-37.58,1402.42,Nacional
Oticas_BH,18960845000194,147098,Mastercard,Crédito,Crédito Parcelado Lojista,2025-10-16 11:21,2025-10-16,2025-10,Aprovada,05,2025-11-17,586683,000003461,14490157,1305.0,-31.32,1273.68,Nacional
Oticas_BH,18960845000194,147098,Visa,Débito,Débito,2025-10-16 14:19,2025-10-16,2025-10,Aprovada,01,2025-10-17,251603,000003465,14490157,2621.0,-32.76,2588.24,Nacional
Oticas_BH,18960845000194,147098,Mastercard,Crédito,Crédito Parcelado Lojista,2025-10-16 14:46,2025-10-16,2025-10,Aprovada,10,2025-11-17,604748,000003467,14490157,1940.0,-50.63,1889.37,Nacional
Oticas_BH,18960845000194,147098,Mastercard,Crédito,Crédito Parcelado Lojista,2025-10-16 17:15,2025-10-16,2025-10,Aprovada,10,2025-11-17,132291,000003469,14490157,1600.0,-41.76,1558.24,Nacional
Oticas_BH,18960845000194,147098,Mastercard,Crédito,Crédito Parcelado Lojista,2025-10-17 10:56,2025-10-17,2025-10,Aprovada,10,2025-11-17,190672,000003471,14490157,895.0,-23.36,871.64,Nacional
Oticas_BH,18960845000194,147098,Mastercard,Crédito,Crédito Parcelado Lojista,2025-10-17 13:08,2025-10-17,2025-10,Aprovada,10,2025-11-17,075565,000003475,14490157,2100.0,-54.81,2045.19,Nacional
Oticas_BH,18960845000194,147098,Visa,Crédito,Crédito Parcelado Lojista,2025-10-17 14:12,2025-10-17,2025-10,Aprovada,10,2025-11-17,547915,000003477,14490157,3940.0,-94.56,3845.44,Nacional
Oticas_BH,18960845000194,147098,Visa,Crédito,Crédito Parcelado Lojista,2025-10-17 14:31,2025-10-17,2025-10,Aprovada,10,2025-11-17,084436,000003479,14490157,4000.0,-96.0,3904.0,Nacional
Oticas_BH,18960845000194,147098,Mastercard,Crédito,Crédito Parcelado Lojista,2025-10-18 10:17,2025-10-18,2025-10,Aprovada,10,2025-11-18,181359,000003481,14490157,2150.0,-56.12,2093.88,Nacional
Oticas_BH,18960845000194,147098,Mastercard,Crédito,Crédito Parcelado Lojista,2025-10-20 14:03,2025-10-20,2025-10,Aprovada,06,2025-11-21,074128,000003485,14490157,770.0,-18.48,751.52,Nacional
Oticas_BH,18960845000194,147098,Elo,Crédito,Crédito Parcelado Lojista,2025-10-21 10:07,2025-10-21,2025-10,Aprovada,03,2025-11-21,675468,000003489,14490157,1000.0,-22.5,977.5,Nacional
Oticas_BH,18960845000194,147098,Visa,Crédito,Crédito Parcelado Lojista,2025-10-21 12:08,2025-10-21,2025-10,Aprovada,10,2025-11-21,084758,000003493,14490157,1953.0,-46.87,1906.13,Nacional
Oticas_BH,18960845000194,147098,Visa,Crédito,Crédito Parcelado Lojista,2025-10-21 14:19,2025-10-21,2025-10,Aprovada,10,2025-11-21,619463,000003495,14490157,2500.0,-60.0,2440.0,Nacional
Oticas_BH,18960845000194,147098,Visa,Débito,Débito,2025-10-21 15:34,2025-10-21,2025-10,Aprovada,01,2025-10-22,459985,000003497,14490157,1400.0,-17.5,1382.5,Nacional
Oticas_BH,18960845000194,147098,Mastercard,Crédito,Crédito Parcelado Lojista,2025-10-21 16:31,2025-10-21,2025-10,Aprovada,10,2025-11-21,585097,000003499,14490157,2000.0,-52.2,1947.8,Nacional
Oticas_BH,18960845000194,147098,Mastercard,Crédito,Crédito Parcelado Lojista,2025-10-22 13:59,2025-10-22,2025-10,Aprovada,08,2025-11-24,024203,000003501,14490157,1880.0,-49.07,1830.93,Nacional
Oticas_BH,18960845000194,147098,Mastercard,Crédito,Crédito Parcelado Lojista,2025-10-22 15:48,2025-10-22,2025-10,Aprovada,10,2025-11-24,472104,000003505,14490157,1590.0,-41.5,1548.5,Nacional
Oticas_BH,18960845000194,147098,Visa,Crédito,Crédito Parcelado Lojista,2025-10-22 17:00,2025-10-22,2025-10,Aprovada,06,2025-11-24,603851,000003507,14490157,940.0,-21.15,918.85,Nacional
Oticas_BH,18960845000194,147098,Mastercard,Crédito,Crédito Parcelado Lojista,2025-10-23 09:37,2025-10-23,2025-10,Aprovada,08,2025-11-24,439282,000003509,14490157,2745.0,-71.64,2673.36,Nacional
Oticas_BH,18960845000194,147098,Mastercard,Crédito,Crédito Parcelado Lojista,2025-10-23 09:49,2025-10-23,2025-10,Aprovada,10,2025-11-24,345901,000003513,14490157,1150.0,-30.02,1119.98,Nacional
Oticas_BH,18960845000194,147098,Visa,Crédito,Crédito Parcelado Lojista,2025-10-23 09:52,2025-10-23,2025-10,Aprovada,10,2025-11-24,790141,000003515,14490157,2150.0,-51.6,2098.4,Nacional
Oticas_BH,18960845000194,147098,Mastercard,Crédito,Crédito Parcelado Lojista,2025-10-23 11:21,2025-10-23,2025-10,Aprovada,10,2025-11-24,054951,119320967,EG551985,4100.0,-129.15,3970.85,Nacional
Oticas_BH,18960845000194,147098,Visa,Crédito,Crédito Parcelado Lojista,2025-10-23 14:34,2025-10-23,2025-10,Aprovada,05,2025-11-24,344268,000003517,14490157,800.0,-18.0,782.0,Nacional
Oticas_BH,18960845000194,147098,Mastercard,Crédito,Crédito Parcelado Lojista,2025-10-23 14:58,2025-10-23,2025-10,Negada,10,,000000,000003519,14490157,3300.0,0,0,N/A
Oticas_BH,18960845000194,147098,Mastercard,Crédito,Crédito Parcelado Lojista,2025-10-23 14:58,2025-10-23,2025-10,Negada,10,,000000,000003521,14490157,3300.0,0,0,N/A
Oticas_BH,18960845000194,147098,Mastercard,Crédito,Crédito Parcelado Lojista,2025-10-23 15:01,2025-10-23,2025-10,Aprovada,10,2025-11-24,097602,000003523,14490157,3300.0,-86.13,3213.87,Nacional
Oticas_BH,18960845000194,147098,Visa,Crédito,Crédito Parcelado Lojista,2025-10-23 15:39,2025-10-23,2025-10,Aprovada,10,2025-11-24,WIVFHF,000003525,14490157,3300.0,-79.2,3220.8,Nacional
Oticas_BH,18960845000194,147098,Mastercard,Crédito,Crédito Parcelado Lojista,2025-10-24 12:11,2025-10-24,2025-10,Aprovada,03,2025-11-24,057367,000003527,14490157,500.0,-12.0,488.0,Nacional
Oticas_BH,18960845000194,147098,Mastercard,Crédito,Crédito À Vista,2025-10-27 09:22,2025-10-27,2025-10,Aprovada,01,2025-11-27,ZWBBSN,000003531,14490157,195.0,-3.71,191.29,Nacional
Oticas_BH,18960845000194,147098,Mastercard,Crédito,Crédito Parcelado Lojista,2025-10-28 11:07,2025-10-28,2025-10,Aprovada,02,2025-11-28,049183,000003535,14490157,250.0,-6.0,244.0,Nacional
Oticas_BH,18960845000194,147098,Visa,Crédito,Crédito Parcelado Lojista,2025-10-28 14:00,2025-10-28,2025-10,Aprovada,10,2025-11-28,091841,000003539,14490157,1450.0,-34.8,1415.2,Nacional
Oticas_BH,18960845000194,147098,Mastercard,Crédito,Crédito Parcelado Lojista,2025-10-29 08:03,2025-10-29,2025-10,Aprovada,10,2025-12-01,031884,000003541,14490157,1900.0,-49.59,1850.41,Nacional
Oticas_BH,18960845000194,147098,Mastercard,Crédito,Crédito Parcelado Lojista,2025-11-01 10:32,2025-11-01,2025-11,Aprovada,06,2025-12-02,012345,000003545,14490157,950.0,-22.8,927.2,Nacional
Oticas_BH,18960845000194,147098,Mastercard,Crédito,Crédito Parcelado Lojista,2025-11-01 11:35,2025-11-01,2025-11,Aprovada,10,2025-12-02,753478,000003549,14490157,3200.0,-83.52,3116.48,Nacional
Oticas_BH,18960845000194,147098,Mastercard,Crédito,Crédito À Vista,2025-11-01 11:43,2025-11-01,2025-11,Aprovada,01,2025-12-02,619746,000003551,14490157,1050.0,-19.95,1030.05,Nacional
Oticas_BH,18960845000194,147098,Mastercard,Crédito,Crédito Parcelado Lojista,2025-11-03 10:42,2025-11-03,2025-11,Aprovada,06,2025-12-04,R83579,000003553,14490157,3530.0,-84.72,3445.28,Nacional
Oticas_BH,18960845000194,147098,Visa,Crédito,Crédito Parcelado Lojista,2025-11-03 11:34,2025-11-03,2025-11,Aprovada,10,2025-12-04,077924,000003557,14490157,2990.0,-71.76,2918.24,Nacional
Oticas_BH,18960845000194,147098,Elo,Débito,Débito,2025-11-04 08:54,2025-11-04,2025-11,Aprovada,01,2025-11-05,556013,000003559,14490157,1000.0,-12.5,987.5,Nacional
Oticas_BH,18960845000194,147098,Visa,Débito,Débito,2025-11-04 09:39,2025-11-04,2025-11,Aprovada,01,2025-11-05,171996,000003563,14490157,1400.0,-17.5,1382.5,Nacional
Oticas_BH,18960845000194,147098,Visa,Crédito,Crédito Parcelado Lojista,2025-11-05 12:12,2025-11-05,2025-11,Aprovada,06,2025-12-08,MMQ1ZG,000003565,14490157,1549.0,-34.85,1514.15,Nacional
Oticas_BH,18960845000194,147098,Visa,Crédito,Crédito Parcelado Lojista,2025-11-05 13:22,2025-11-05,2025-11,Aprovada,10,2025-12-08,623005,000003569,14490157,1900.0,-45.6,1854.4,Nacional
Oticas_BH,18960845000194,147098,Mastercard,Crédito,Crédito Parcelado Lojista,2025-11-05 13:53,2025-11-05,2025-11,Negada,03,,000000,000003571,14490157,2530.0,0,0,N/A
Oticas_BH,18960845000194,147098,Mastercard,Crédito,Crédito Parcelado Lojista,2025-11-05 16:38,2025-11-05,2025-11,Aprovada,10,2025-12-08,000143,000003573,14490157,2890.0,-75.43,2814.57,Nacional
Oticas_BH,18960845000194,147098,Mastercard,Débito,Débito,2025-11-06 09:21,2025-11-06,2025-11,Aprovada,01,2025-11-07,804630,000003575,14490157,200.0,-2.6,197.4,Nacional
Oticas_BH,18960845000194,147098,Mastercard,Crédito,Crédito À Vista,2025-11-06 10:53,2025-11-06,2025-11,Aprovada,01,2025-12-08,753940,000003579,14490157,250.0,-4.75,245.25,Nacional
Oticas_BH,18960845000194,147098,Elo,Crédito,Crédito Parcelado Lojista,2025-11-06 15:12,2025-11-06,2025-11,Aprovada,10,2025-12-08,328805,000003581,14490157,3335.0,-80.04,3254.96,Nacional
Oticas_BH,18960845000194,147098,Mastercard,Crédito,Crédito Parcelado Lojista,2025-11-06 16:46,2025-11-06,2025-11,Aprovada,06,2025-12-08,027458,000003583,14490157,1150.0,-27.6,1122.4,Nacional
Oticas_BH,18960845000194,147098,Mastercard,Crédito,Crédito Parcelado Lojista,2025-11-06 16:49,2025-11-06,2025-11,Aprovada,06,2025-12-08,R87914,000003585,14490157,590.0,-14.16,575.84,Nacional
Oticas_BH,18960845000194,147098,Mastercard,Crédito,Crédito À Vista,2025-11-06 16:51,2025-11-06,2025-11,Aprovada,01,2025-12-08,R92275,000003587,14490157,20.0,-0.38,19.62,Nacional
Oticas_BH,18960845000194,147098,Mastercard,Crédito,Crédito Parcelado Lojista,2025-11-07 10:42,2025-11-07,2025-11,Aprovada,03,2025-12-08,777083,000003589,14490157,585.0,-14.04,570.96,Nacional
Oticas_BH,18960845000194,147098,Mastercard,Crédito,Crédito À Vista,2025-11-07 15:54,2025-11-07,2025-11,Aprovada,01,2025-12-08,015030,000003593,14490157,530.0,-10.07,519.93,Nacional
Oticas_BH,18960845000194,147098,Mastercard,Débito,Débito,2025-11-10 09:26,2025-11-10,2025-11,Aprovada,01,2025-11-11,M09767,000003595,14490157,130.0,-1.69,128.31,Nacional
Oticas_BH,18960845000194,147098,Visa,Crédito,Crédito Parcelado Lojista,2025-11-10 16:56,2025-11-10,2025-11,Aprovada,03,2025-12-11,671069,000003599,14490157,190.0,-4.28,185.72,Nacional
Oticas_BH,18960845000194,147098,Visa,Débito,Débito,2025-11-11 10:08,2025-11-11,2025-11,Aprovada,01,2025-11-12,792863,000003601,14490157,300.0,-3.75,296.25,Nacional
Oticas_BH,18960845000194,147098,Mastercard,Crédito,Crédito Parcelado Lojista,2025-11-11 10:46,2025-11-11,2025-11,Aprovada,10,2025-12-12,067627,000003605,14490157,2150.0,-56.12,2093.88,Nacional
Oticas_BH,18960845000194,147098,Mastercard,Crédito,Crédito Parcelado Lojista,2025-11-11 11:59,2025-11-11,2025-11,Negada,06,,000000,000003607,14490157,690.0,0,0,N/A
Oticas_BH,18960845000194,147098,Mastercard,Crédito,Crédito Parcelado Lojista,2025-11-11 12:01,2025-11-11,2025-11,Aprovada,06,2025-12-12,426137,000003609,14490157,544.0,-13.06,530.94,Nacional
Oticas_BH,18960845000194,147098,Visa,Crédito,Crédito Parcelado Lojista,2025-11-11 13:04,2025-11-11,2025-11,Aprovada,10,2025-12-12,013144,000003611,14490157,1250.0,-30.0,1220.0,Nacional
Oticas_BH,18960845000194,147098,Mastercard,Crédito,Crédito Parcelado Lojista,2025-11-12 10:53,2025-11-12,2025-11,Aprovada,09,2025-12-15,604511,000003613,14490157,1280.0,-33.41,1246.59,Nacional
Oticas_BH,18960845000194,147098,Mastercard,Crédito,Crédito Parcelado Lojista,2025-11-12 11:47,2025-11-12,2025-11,Aprovada,10,2025-12-15,052335,000003617,14490157,3400.0,-88.74,3311.26,Nacional
Oticas_BH,18960845000194,147098,Visa,Débito,Débito,2025-11-13 07:49,2025-11-13,2025-11,Aprovada,01,2025-11-14,128203,000003619,14490157,425.0,-5.31,419.69,Nacional
Oticas_BH,18960845000194,147098,Visa,Crédito,Crédito Parcelado Lojista,2025-11-13 07:50,2025-11-13,2025-11,Aprovada,06,2025-12-15,938949,000003623,14490157,425.0,-9.56,415.44,Nacional
Oticas_BH,18960845000194,147098,Visa,Crédito,Crédito Parcelado Lojista,2025-11-13 10:57,2025-11-13,2025-11,Aprovada,02,2025-12-15,5JBITO,000003625,14490157,450.0,-10.13,439.87,Nacional
Oticas_BH,18960845000194,147098,Mastercard,Débito,Débito,2025-11-13 13:40,2025-11-13,2025-11,Aprovada,01,2025-11-14,189549,000003627,14490157,140.0,-1.82,138.18,Nacional
Oticas_BH,18960845000194,147098,Visa,Débito,Débito,2025-11-13 14:18,2025-11-13,2025-11,Aprovada,01,2025-11-14,772190,000003629,14490157,300.0,-3.75,296.25,Nacional
Oticas_BH,18960845000194,147098,Mastercard,Crédito,Crédito À Vista,2025-11-13 15:43,2025-11-13,2025-11,Aprovada,01,2025-12-15,610679,000003631,14490157,1470.0,-27.93,1442.07,Nacional
Oticas_BH,18960845000194,147098,Visa,Crédito,Crédito Parcelado Lojista,2025-11-13 16:10,2025-11-13,2025-11,Aprovada,07,2025-12-15,610149,000003633,14490157,4300.0,-103.2,4196.8,Nacional
Oticas_BH,18960845000194,147098,Mastercard,Crédito,Crédito Parcelado Lojista,2025-11-13 16:22,2025-11-13,2025-11,Negada,06,,000000,000003635,14490157,8546.0,0,0,N/A
Oticas_BH,18960845000194,147098,Mastercard,Crédito,Crédito Parcelado Lojista,2025-11-13 16:24,2025-11-13,2025-11,Aprovada,06,2025-12-15,023607,000003637,14490157,8546.0,-205.1,8340.9,Nacional
Oticas_BH,18960845000194,147098,Mastercard,Crédito,Crédito Parcelado Lojista,2025-11-14 09:59,2025-11-14,2025-11,Negada,06,,000000,000003639,14490157,2780.0,0,0,N/A
Oticas_BH,18960845000194,147098,Mastercard,Crédito,Crédito Parcelado Lojista,2025-11-14 10:01,2025-11-14,2025-11,Aprovada,06,2025-12-15,R43807,000003643,14490157,2780.0,-66.72,2713.28,Nacional
Oticas_BH,18960845000194,147098,Mastercard,Crédito,Crédito Parcelado Lojista,2025-11-14 10:19,2025-11-14,2025-11,Aprovada,10,2025-12-15,R33756,000003645,14490157,2300.0,-60.03,2239.97,Nacional
Oticas_BH,18960845000194,147098,Visa,Crédito,Crédito Parcelado Lojista,2025-11-14 10:23,2025-11-14,2025-11,Aprovada,10,2025-12-15,609776,000003647,14490157,2300.0,-55.2,2244.8,Nacional
Oticas_BH,18960845000194,147098,Elo,Crédito,Crédito Parcelado Lojista,2025-11-14 11:19,2025-11-14,2025-11,Aprovada,10,2025-12-15,101668,111792463,EG551985,1400.0,-44.1,1355.9,Nacional
Oticas_BH,18960845000194,147098,Visa,Crédito,Crédito Parcelado Lojista,2025-11-14 11:20,2025-11-14,2025-11,Aprovada,10,2025-12-15,LYPF7L,000003649,14490157,4990.0,-119.76,4870.24,Nacional
Oticas_BH,18960845000194,147098,Visa,Débito,Débito,2025-11-14 12:54,2025-11-14,2025-11,Aprovada,01,2025-11-17,131125,000003651,14490157,155.0,-1.94,153.06,Nacional
Oticas_BH,18960845000194,147098,Visa,Débito,Débito,2025-11-14 12:54,2025-11-14,2025-11,Aprovada,01,2025-11-17,138781,000003653,14490157,110.0,-1.38,108.62,Nacional
Oticas_BH,18960845000194,147098,Mastercard,Crédito,Crédito Parcelado Lojista,2025-11-14 17:01,2025-11-14,2025-11,Aprovada,04,2025-12-15,R09026,000003655,14490157,1990.0,-47.76,1942.24,Nacional
Oticas_BH,18960845000194,147098,Visa,Crédito,Crédito À Vista,2025-11-17 10:20,2025-11-17,2025-11,Aprovada,01,2025-12-18,556976,000003657,14490157,1400.0,-26.6,1373.4,Nacional
Oticas_BH,18960845000194,147098,Mastercard,Crédito,Crédito Parcelado Lojista,2025-11-18 11:51,2025-11-18,2025-11,Aprovada,10,2025-12-19,FSR8DM,000003659,14490157,3100.0,-80.91,3019.09,Nacional
Oticas_BH,18960845000194,147098,Mastercard,Crédito,Crédito Parcelado Lojista,2025-11-18 15:01,2025-11-18,2025-11,Aprovada,06,2025-12-19,326549,000003663,14490157,1300.0,-31.2,1268.8,Nacional
Oticas_BH,18960845000194,147098,Visa,Crédito,Crédito Parcelado Lojista,2025-11-19 09:26,2025-11-19,2025-11,Aprovada,03,2025-12-22,BN5BL8,000003665,14490157,430.0,-9.68,420.32,Nacional
Oticas_BH,18960845000194,147098,Visa,Crédito,Crédito Parcelado Lojista,2025-11-19 09:28,2025-11-19,2025-11,Aprovada,06,2025-12-22,16ORDF,000003669,14490157,800.0,-18.0,782.0,Nacional
Oticas_BH,18960845000194,147098,Visa,Crédito,Crédito Parcelado Lojista,2025-11-19 09:38,2025-11-19,2025-11,Aprovada,10,2025-12-22,286796,000003671,14490157,3900.0,-93.6,3806.4,Nacional
Oticas_BH,18960845000194,147098,Visa,Crédito,Crédito Parcelado Lojista,2025-11-19 11:19,2025-11-19,2025-11,Aprovada,10,2025-12-22,511302,000003673,14490157,2000.0,-48.0,1952.0,Nacional
Oticas_BH,18960845000194,147098,Mastercard,Crédito,Crédito Parcelado Lojista,2025-11-19 11:43,2025-11-19,2025-11,Aprovada,06,2025-12-22,433668,000003675,14490157,1800.0,-43.2,1756.8,Nacional
Oticas_BH,18960845000194,147098,Elo,Crédito,Crédito Parcelado Lojista,2025-11-19 14:46,2025-11-19,2025-11,Aprovada,10,2025-12-22,676420,000003677,14490157,3520.0,-84.48,3435.52,Nacional
Oticas_BH,18960845000194,147098,Visa,Crédito,Crédito Parcelado Lojista,2025-11-19 14:47,2025-11-19,2025-11,Aprovada,06,2025-12-22,092494,000003679,14490157,1900.0,-42.75,1857.25,Nacional
Oticas_BH,18960845000194,147098,Visa,Crédito,Crédito Parcelado Lojista,2025-11-19 14:59,2025-11-19,2025-11,Aprovada,06,2025-12-22,295547,000003681,14490157,1600.0,-36.0,1564.0,Nacional
Oticas_BH,18960845000194,147098,Mastercard,Crédito,Crédito Parcelado Lojista,2025-11-19 15:34,2025-11-19,2025-11,Aprovada,04,2025-12-22,003816,000003683,14490157,2300.0,-55.2,2244.8,Nacional
Oticas_BH,18960845000194,147098,Elo,Crédito,Crédito Parcelado Lojista,2025-11-21 09:40,2025-11-21,2025-11,Aprovada,03,2025-12-22,292689,000003685,14490157,3700.0,-83.25,3616.75,Nacional
Oticas_BH,18960845000194,147098,Mastercard,Crédito,Crédito Parcelado Lojista,2025-11-21 10:06,2025-11-21,2025-11,Aprovada,04,2025-12-22,048920,000003689,14490157,680.0,-16.32,663.68,Nacional
Oticas_BH,18960845000194,147098,Mastercard,Crédito,Crédito Parcelado Lojista,2025-11-21 10:37,2025-11-21,2025-11,Aprovada,06,2025-12-22,255628,000003691,14490157,1400.0,-33.6,1366.4,Nacional
Oticas_BH,18960845000194,147098,Mastercard,Crédito,Crédito Parcelado Lojista,2025-11-21 14:11,2025-11-21,2025-11,Aprovada,04,2025-12-22,032265,000003693,14490157,800.0,-19.2,780.8,Nacional
Oticas_BH,18960845000194,147098,Visa,Débito,Débito,2025-11-21 15:13,2025-11-21,2025-11,Aprovada,01,2025-11-24,312575,000003695,14490157,500.0,-6.25,493.75,Nacional
Oticas_BH,18960845000194,147098,Mastercard,Crédito,Crédito Parcelado Lojista,2025-11-21 16:41,2025-11-21,2025-11,Aprovada,10,2025-12-22,R35926,000003697,14490157,1500.0,-39.15,1460.85,Nacional
Oticas_BH,18960845000194,147098,Visa,Crédito,Crédito Parcelado Lojista,2025-11-24 09:37,2025-11-24,2025-11,Aprovada,03,2025-12-26,039544,000003699,14490157,250.0,-5.63,244.37,Nacional
Oticas_BH,18960845000194,147098,Mastercard,Débito,Débito,2025-11-25 08:54,2025-11-25,2025-11,Aprovada,01,2025-11-26,M22988,000003703,14490157,650.0,-8.45,641.55,Nacional
Oticas_BH,18960845000194,147098,Visa,Débito,Débito,2025-11-25 09:44,2025-11-25,2025-11,Aprovada,01,2025-11-26,366859,000003707,14490157,2900.0,-36.25,2863.75,Nacional
Oticas_BH,18960845000194,147098,Visa,Crédito,Crédito Parcelado Lojista,2025-11-25 17:20,2025-11-25,2025-11,Aprovada,04,2025-12-26,094069,000003709,14490157,450.0,-10.13,439.87,Nacional
Oticas_BH,18960845000194,147098,Mastercard,Crédito,Crédito Parcelado Lojista,2025-11-26 11:29,2025-11-26,2025-11,Aprovada,10,2025-12-29,057285,000003711,14490157,4900.0,-127.89,4772.11,Nacional
Oticas_BH,18960845000194,147098,Mastercard,Crédito,Crédito À Vista,2025-11-27 11:26,2025-11-27,2025-11,Aprovada,01,2025-12-29,434470,000003715,14490157,40.0,-0.76,39.24,Nacional
Oticas_BH,18960845000194,147098,Mastercard,Débito,Débito,2025-11-27 13:13,2025-11-27,2025-11,Aprovada,01,2025-11-28,M74022,000003719,14490157,350.0,-4.55,345.45,Nacional
Oticas_BH,18960845000194,147098,Mastercard,Crédito,Crédito Parcelado Lojista,2025-11-27 13:37,2025-11-27,2025-11,Aprovada,10,2025-12-29,018379,000003721,14490157,3000.0,-78.3,2921.7,Nacional
Oticas_BH,18960845000194,147098,Elo,Crédito,Crédito Parcelado Lojista,2025-11-27 14:20,2025-11-27,2025-11,Aprovada,10,2025-12-29,045764,000003723,14490157,1980.0,-47.52,1932.48,Nacional
Oticas_BH,18960845000194,147098,Mastercard,Crédito,Crédito Parcelado Lojista,2025-11-28 11:02,2025-11-28,2025-11,Aprovada,06,2025-12-29,028197,000003725,14490157,1550.0,-37.2,1512.8,Nacional
Oticas_BH,18960845000194,147098,Visa,Crédito,Crédito Parcelado Lojista,2025-11-28 15:47,2025-11-28,2025-11,Aprovada,10,2025-12-29,222446,000003727,14490157,6000.0,-144.0,5856.0,Nacional
Oticas_BH,18960845000194,147098,Visa,Débito,Débito,2025-12-01 13:50,2025-12-01,2025-12,Aprovada,01,2025-12-02,349867,000003729,14490157,350.0,-4.38,345.62,Nacional
Oticas_BH,18960845000194,147098,Visa,Crédito,Crédito Parcelado Lojista,2025-12-01 15:41,2025-12-01,2025-12,Negada,10,,00000000,153596561,EG551985,3300.0,0,0,N/A
Oticas_BH,18960845000194,147098,Mastercard,Crédito,Crédito Parcelado Lojista,2025-12-02 11:29,2025-12-02,2025-12,Aprovada,10,2026-01-02,037879,000003733,14490157,3700.0,-96.57,3603.43,Nacional
Oticas_BH,18960845000194,147098,Mastercard,Crédito,Crédito Parcelado Lojista,2025-12-02 13:23,2025-12-02,2025-12,Negada,04,,000000,000003737,14490157,650.0,0,0,N/A
Oticas_BH,18960845000194,147098,Mastercard,Crédito,Crédito Parcelado Lojista,2025-12-02 13:24,2025-12-02,2025-12,Negada,04,,000000,000003739,14490157,650.0,0,0,N/A
Oticas_BH,18960845000194,147098,Mastercard,Crédito,Crédito Parcelado Lojista,2025-12-02 13:26,2025-12-02,2025-12,Aprovada,04,2026-01-02,R00714,000003741,14490157,650.0,-15.6,634.4,Nacional
Oticas_BH,18960845000194,147098,Visa,Crédito,Crédito Parcelado Lojista,2025-12-02 14:21,2025-12-02,2025-12,Aprovada,10,2026-01-02,085891,149403421,EG551985,3300.0,-103.95,3196.05,Nacional
Oticas_BH,18960845000194,147098,Mastercard,Crédito,Crédito Parcelado Lojista,2025-12-02 15:36,2025-12-02,2025-12,Aprovada,10,2026-01-02,R89704,000003743,14490157,3639.0,-94.98,3544.02,Nacional
Oticas_BH,18960845000194,147098,Visa,Crédito,Crédito Parcelado Lojista,2025-12-02 15:40,2025-12-02,2025-12,Aprovada,10,2026-01-02,973837,000003745,14490157,1900.0,-45.6,1854.4,Nacional
Oticas_BH,18960845000194,147098,Amex,Crédito,Crédito Parcelado Lojista,2025-12-03 14:33,2025-12-03,2025-12,Aprovada,10,2026-01-05,640850,000003747,14490157,3500.0,-117.25,3382.75,Nacional
Oticas_BH,18960845000194,147098,Visa,Crédito,Crédito Parcelado Lojista,2025-12-04 10:43,2025-12-04,2025-12,Aprovada,10,2026-01-05,640503,000003751,14490157,2000.0,-48.0,1952.0,Nacional
Oticas_BH,18960845000194,147098,Elo,Crédito,Crédito Parcelado Lojista,2025-12-04 13:25,2025-12-04,2025-12,Aprovada,10,2026-01-05,654804,000003755,14490157,1880.0,-45.12,1834.88,Nacional
Oticas_BH,18960845000194,147098,Mastercard,Crédito,Crédito Parcelado Lojista,2025-12-04 14:01,2025-12-04,2025-12,Aprovada,10,2026-01-05,805066,000003757,14490157,1000.0,-26.1,973.9,Nacional
Oticas_BH,18960845000194,147098,Visa,Crédito,Crédito Parcelado Lojista,2025-12-04 14:04,2025-12-04,2025-12,Aprovada,10,2026-01-05,047386,000003759,14490157,972.0,-23.33,948.67,Nacional
Oticas_BH,18960845000194,147098,Visa,Crédito,Crédito Parcelado Lojista,2025-12-04 14:05,2025-12-04,2025-12,Aprovada,10,2026-01-05,326201,000003761,14490157,1152.0,-27.65,1124.35,Nacional
Oticas_BH,18960845000194,147098,Visa,Crédito,Crédito Parcelado Lojista,2025-12-04 16:14,2025-12-04,2025-12,Aprovada,10,2026-01-05,002112,000003763,14490157,1800.0,-43.2,1756.8,Nacional
Oticas_BH,18960845000194,147098,Visa,Crédito,Crédito Parcelado Lojista,2025-12-04 17:19,2025-12-04,2025-12,Aprovada,04,2026-01-05,004893,000003765,14490157,2410.0,-54.23,2355.77,Nacional
Oticas_BH,18960845000194,147098,Visa,Crédito,Crédito Parcelado Lojista,2025-12-05 11:54,2025-12-05,2025-12,Negada,10,,000000,000003767,14490157,2140.0,0,0,N/A
Oticas_BH,18960845000194,147098,Visa,Crédito,Crédito Parcelado Lojista,2025-12-05 11:55,2025-12-05,2025-12,Aprovada,10,2026-01-05,018695,000003771,14490157,2140.0,-51.36,2088.64,Nacional
Oticas_BH,18960845000194,147098,Mastercard,Crédito,Crédito À Vista,2025-12-05 15:11,2025-12-05,2025-12,Aprovada,01,2026-01-05,881404,000003773,14490157,640.0,-12.16,627.84,Nacional
Oticas_BH,18960845000194,147098,Mastercard,Crédito,Crédito Parcelado Lojista,2025-12-05 15:57,2025-12-05,2025-12,Aprovada,03,2026-01-05,R72876,000003775,14490157,1140.0,-27.36,1112.64,Nacional
Oticas_BH,18960845000194,147098,Mastercard,Débito,Débito,2025-12-05 16:23,2025-12-05,2025-12,Aprovada,01,2025-12-08,046918,000003777,14490157,700.0,-9.1,690.9,Nacional
Oticas_BH,18960845000194,147098,Visa,Crédito,Crédito Parcelado Lojista,2025-12-05 16:51,2025-12-05,2025-12,Aprovada,10,2026-01-05,922234,000003779,14490157,2070.0,-49.68,2020.32,Nacional
Oticas_BH,18960845000194,147098,Mastercard,Crédito,Crédito Parcelado Lojista,2025-12-05 17:12,2025-12-05,2025-12,Aprovada,06,2026-01-05,239864,000003781,14490157,4600.0,-110.4,4489.6,Nacional
Oticas_BH,18960845000194,147098,Visa,Crédito,Crédito Parcelado Lojista,2025-12-06 10:59,2025-12-06,2025-12,Aprovada,10,2026-01-06,061126,000003783,14490157,3195.0,-76.68,3118.32,Nacional
Oticas_BH,18960845000194,147098,Mastercard,Débito,Débito,2025-12-09 09:14,2025-12-09,2025-12,Aprovada,01,2025-12-10,M24075,000003787,14490157,300.0,-3.9,296.1,Nacional
Oticas_BH,18960845000194,147098,Mastercard,Crédito,Crédito Parcelado Lojista,2025-12-09 11:11,2025-12-09,2025-12,Aprovada,10,2026-01-09,088664,000003791,14490157,2480.0,-64.73,2415.27,Nacional
Oticas_BH,18960845000194,147098,Visa,Débito,Débito,2025-12-09 16:32,2025-12-09,2025-12,Aprovada,01,2025-12-10,920026,000003793,14490157,265.0,-3.31,261.69,Nacional
Oticas_BH,18960845000194,147098,Mastercard,Crédito,Crédito Parcelado Lojista,2025-12-09 16:41,2025-12-09,2025-12,Aprovada,10,2026-01-09,437965,000003795,14490157,4940.0,-128.93,4811.07,Nacional
Oticas_BH,18960845000194,147098,Mastercard,Crédito,Crédito Parcelado Lojista,2025-12-10 11:42,2025-12-10,2025-12,Aprovada,10,2026-01-12,215307,000003797,14490157,1690.0,-44.11,1645.89,Nacional
Oticas_BH,18960845000194,147098,Mastercard,Crédito,Crédito Parcelado Lojista,2025-12-10 12:23,2025-12-10,2025-12,Aprovada,05,2026-01-12,217046,000003801,14490157,2200.0,-52.8,2147.2,Nacional
Oticas_BH,18960845000194,147098,Mastercard,Crédito,Crédito À Vista,2025-12-10 12:26,2025-12-10,2025-12,Aprovada,01,2026-01-12,241768,000003803,14490157,30.0,-0.57,29.43,Nacional
Oticas_BH,18960845000194,147098,Visa,Crédito,Crédito Parcelado Lojista,2025-12-10 14:44,2025-12-10,2025-12,Aprovada,10,2026-01-12,444555,000003805,14490157,1300.0,-31.2,1268.8,Nacional
Oticas_BH,18960845000194,147098,Mastercard,Crédito,Crédito Parcelado Lojista,2025-12-10 15:37,2025-12-10,2025-12,Aprovada,10,2026-01-12,R21768,000003807,14490157,1000.0,-26.1,973.9,Nacional
Oticas_BH,18960845000194,147098,Visa,Crédito,Crédito À Vista,2025-12-11 12:16,2025-12-11,2025-12,Aprovada,01,2026-01-12,165770,000003809,14490157,3537.0,-67.2,3469.8,Nacional
Oticas_BH,18960845000194,147098,Mastercard,Crédito,Crédito Parcelado Lojista,2025-12-11 15:47,2025-12-11,2025-12,Aprovada,04,2026-01-12,036551,000003813,14490157,1450.0,-34.8,1415.2,Nacional
Oticas_BH,18960845000194,147098,Mastercard,Crédito,Crédito Parcelado Lojista,2025-12-11 16:49,2025-12-11,2025-12,Aprovada,10,2026-01-12,560257,000003815,14490157,1710.0,-44.63,1665.37,Nacional
Oticas_BH,18960845000194,147098,Mastercard,Crédito,Crédito Parcelado Lojista,2025-12-12 09:10,2025-12-12,2025-12,Negada,10,,000000,000003817,14490157,1890.0,0,0,N/A
Oticas_BH,18960845000194,147098,Mastercard,Crédito,Crédito Parcelado Lojista,2025-12-12 09:12,2025-12-12,2025-12,Negada,10,,000000,000003821,14490157,1890.0,0,0,N/A
Oticas_BH,18960845000194,147098,Mastercard,Débito,Débito,2025-12-12 10:33,2025-12-12,2025-12,Negada,01,,M86139,000003823,14490157,3335.0,0,0,N/A
Oticas_BH,18960845000194,147098,Mastercard,Débito,Débito,2025-12-12 10:34,2025-12-12,2025-12,Negada,01,,M46253,000003825,14490157,3335.0,0,0,N/A
Oticas_BH,18960845000194,147098,Mastercard,Débito,Débito,2025-12-12 10:35,2025-12-12,2025-12,Negada,01,,M98371,000003827,14490157,3335.0,0,0,N/A
Oticas_BH,18960845000194,147098,Mastercard,Débito,Débito,2025-12-12 10:36,2025-12-12,2025-12,Aprovada,01,2025-12-15,M24439,000003829,14490157,3335.0,-43.36,3291.64,Nacional
Oticas_BH,18960845000194,147098,Mastercard,Crédito,Crédito Parcelado Lojista,2025-12-12 10:36,2025-12-12,2025-12,Aprovada,10,2026-01-12,026731,000003831,14490157,3335.0,-87.04,3247.96,Nacional
Oticas_BH,18960845000194,147098,Mastercard,Crédito,Crédito À Vista,2025-12-12 13:03,2025-12-12,2025-12,Aprovada,01,2026-01-12,005060,000003833,14490157,700.0,-13.3,686.7,Nacional
Oticas_BH,18960845000194,147098,Mastercard,Crédito,Crédito Parcelado Lojista,2025-12-12 13:10,2025-12-12,2025-12,Negada,03,,000000,000003835,14490157,650.0,0,0,N/A
Oticas_BH,18960845000194,147098,Mastercard,Crédito,Crédito Parcelado Lojista,2025-12-12 13:11,2025-12-12,2025-12,Aprovada,03,2026-01-12,985797,000003837,14490157,650.0,-15.6,634.4,Nacional
Oticas_BH,18960845000194,147098,Mastercard,Crédito,Crédito Parcelado Lojista,2025-12-12 14:14,2025-12-12,2025-12,Negada,10,,00000000,140868341,EG551985,1890.0,0,0,N/A
Oticas_BH,18960845000194,147098,Mastercard,Crédito,Crédito Parcelado Lojista,2025-12-12 14:15,2025-12-12,2025-12,Negada,10,,00000000,142862185,EG551985,1890.0,0,0,N/A
Oticas_BH,18960845000194,147098,Mastercard,Crédito,Crédito Parcelado Lojista,2025-12-12 14:37,2025-12-12,2025-12,Aprovada,10,2026-01-12,204635,000003839,14490157,3650.0,-95.27,3554.73,Nacional
Oticas_BH,18960845000194,147098,Visa,Crédito,Crédito Parcelado Lojista,2025-12-12 15:18,2025-12-12,2025-12,Aprovada,03,2026-01-12,K6J4NN,000003841,14490157,770.0,-17.33,752.67,Nacional
Oticas_BH,18960845000194,147098,Visa,Crédito,Crédito Parcelado Lojista,2025-12-15 14:26,2025-12-15,2025-12,Aprovada,10,2026-01-15,D7IY8R,000003843,14490157,1580.0,-37.92,1542.08,Nacional
Oticas_BH,18960845000194,147098,Mastercard,Crédito,Crédito À Vista,2025-12-16 09:46,2025-12-16,2025-12,Aprovada,01,2026-01-16,249982,000003847,14490157,35.0,-0.67,34.33,Nacional
Oticas_BH,18960845000194,147098,Visa,Crédito,Crédito À Vista,2025-12-16 12:23,2025-12-16,2025-12,Aprovada,01,2026-01-16,812029,000003851,14490157,50.0,-0.95,49.05,Nacional
Oticas_BH,18960845000194,147098,Mastercard,Crédito,Crédito Parcelado Lojista,2025-12-16 13:43,2025-12-16,2025-12,Negada,10,,00000000,131270803,EG551985,1890.0,0,0,N/A
Oticas_BH,18960845000194,147098,Visa,Crédito,Crédito Parcelado Lojista,2025-12-16 16:36,2025-12-16,2025-12,Negada,05,,000000,000003853,14490157,3000.0,0,0,N/A
Oticas_BH,18960845000194,147098,Mastercard,Crédito,Crédito Parcelado Lojista,2025-12-16 16:37,2025-12-16,2025-12,Aprovada,05,2026-01-16,070828,000003855,14490157,3000.0,-72.0,2928.0,Nacional
Oticas_BH,18960845000194,147098,Elo,Débito,Débito,2025-12-16 16:51,2025-12-16,2025-12,Aprovada,01,2025-12-17,241051,000003857,14490157,160.0,-2.0,158.0,Nacional
Oticas_BH,18960845000194,147098,Mastercard,Crédito,Crédito Parcelado Lojista,2025-12-17 09:58,2025-12-17,2025-12,Aprovada,10,2026-01-19,007036,000003859,14490157,1150.0,-30.02,1119.98,Nacional
Oticas_BH,18960845000194,147098,Mastercard,Crédito,Crédito Parcelado Lojista,2025-12-17 10:24,2025-12-17,2025-12,Aprovada,06,2026-01-19,006468,000003863,14490157,1980.0,-47.52,1932.48,Nacional
Oticas_BH,18960845000194,147098,Visa,Crédito,Crédito Parcelado Lojista,2025-12-17 10:41,2025-12-17,2025-12,Aprovada,05,2026-01-19,031489,000003865,14490157,1000.0,-22.5,977.5,Nacional
Oticas_BH,18960845000194,147098,Mastercard,Crédito,Crédito Parcelado Lojista,2025-12-17 11:31,2025-12-17,2025-12,Aprovada,10,2026-01-19,070286,000003867,14490157,1000.0,-26.1,973.9,Nacional
Oticas_BH,18960845000194,147098,Mastercard,Crédito,Crédito Parcelado Lojista,2025-12-17 11:32,2025-12-17,2025-12,Aprovada,10,2026-01-19,028688,000003869,14490157,1000.0,-26.1,973.9,Nacional
Oticas_BH,18960845000194,147098,Mastercard,Crédito,Crédito Parcelado Lojista,2025-12-17 13:47,2025-12-17,2025-12,Aprovada,10,2026-01-19,597901,000003871,14490157,4131.0,-107.82,4023.18,Nacional
Oticas_BH,18960845000194,147098,Mastercard,Crédito,Crédito Parcelado Lojista,2025-12-17 19:08,2025-12-17,2025-12,Negada,10,,00000000,198801893,EG551985,2480.0,0,0,N/A
Oticas_BH,18960845000194,147098,Mastercard,Crédito,Crédito Parcelado Lojista,2025-12-17 19:12,2025-12-17,2025-12,Negada,10,,00000000,190718281,EG551985,2480.0,0,0,N/A
Oticas_BH,18960845000194,147098,Visa,Crédito,Crédito Parcelado Lojista,2025-12-18 09:04,2025-12-18,2025-12,Aprovada,10,2026-01-19,038744,000003873,14490157,3600.0,-86.4,3513.6,Nacional
Oticas_BH,18960845000194,147098,Visa,Crédito,Crédito Parcelado Lojista,2025-12-18 11:15,2025-12-18,2025-12,Aprovada,06,2026-01-19,152881,000003877,14490157,880.0,-19.8,860.2,Nacional
Oticas_BH,18960845000194,147098,Mastercard,Crédito,Crédito Parcelado Lojista,2025-12-23 13:26,2025-12-23,2025-12,Aprovada,10,2026-01-23,073751,000003879,14490157,1890.0,-49.33,1840.67,Nacional
Oticas_BH,18960845000194,147098,Visa,Débito,Débito,2025-12-26 10:03,2025-12-26,2025-12,Aprovada,01,2025-12-29,043865,000003883,14490157,1190.0,-14.88,1175.12,Nacional
Oticas_BH,18960845000194,147098,Visa,Crédito,Crédito Parcelado Lojista,2025-12-27 10:36,2025-12-27,2025-12,Aprovada,08,2026-01-27,5BU7TR,000003887,14490157,2570.0,-61.68,2508.32,Nacional
Oticas_BH,18960845000194,147098,Visa,Crédito,Crédito Parcelado Lojista,2025-12-30 08:54,2025-12-30,2025-12,Aprovada,06,2026-01-30,2ZJ8RM,000003891,14490157,1580.0,-35.55,1544.45,Nacional
Oticas_BH,18960845000194,147098,Visa,Crédito,Crédito Parcelado Lojista,2026-01-07 10:17,2026-01-07,2026-01,Aprovada,03,2026-02-09,182765,000003895,14490157,1280.0,-28.8,1251.2,Nacional
Oticas_BH,18960845000194,147098,Mastercard,Crédito,Crédito Parcelado Lojista,2026-01-08 09:27,2026-01-08,2026-01,Aprovada,05,2026-02-09,R89230,000003899,14490157,800.0,-19.2,780.8,Nacional
Oticas_BH,18960845000194,147098,Mastercard,Crédito,Crédito Parcelado Lojista,2026-01-08 12:47,2026-01-08,2026-01,Aprovada,10,2026-02-09,942396,000003903,14490157,1870.0,-48.81,1821.19,Nacional
Oticas_BH,18960845000194,147098,Mastercard,Crédito,Crédito Parcelado Lojista,2026-01-08 13:32,2026-01-08,2026-01,Aprovada,05,2026-02-09,R76547,000003905,14490157,1750.0,-42.0,1708.0,Nacional
Oticas_BH,18960845000194,147098,Mastercard,Débito,Débito,2026-01-08 17:50,2026-01-08,2026-01,Aprovada,01,2026-01-09,M81785,000003907,14490157,1000.0,-13.0,987.0,Nacional
Oticas_BH,18960845000194,147098,Visa,Crédito,Crédito Parcelado Lojista,2026-01-08 17:51,2026-01-08,2026-01,Aprovada,10,2026-02-09,JEH2DR,000003909,14490157,2900.0,-69.6,2830.4,Nacional
Oticas_BH,18960845000194,147098,Visa,Débito,Débito,2026-01-09 09:03,2026-01-09,2026-01,Aprovada,01,2026-01-12,198693,000003911,14490157,115.0,-1.44,113.56,Nacional
Oticas_BH,18960845000194,147098,Mastercard,Crédito,Crédito Parcelado Lojista,2026-01-09 09:48,2026-01-09,2026-01,Aprovada,02,2026-02-09,899966,000003915,14490157,2000.0,-48.0,1952.0,Nacional
Oticas_BH,18960845000194,147098,Visa,Crédito,Crédito Parcelado Lojista,2026-01-09 16:55,2026-01-09,2026-01,Aprovada,05,2026-02-09,072962,000003917,14490157,1700.0,-38.25,1661.75,Nacional
Oticas_BH,18960845000194,147098,Mastercard,Débito,Débito,2026-01-12 09:36,2026-01-12,2026-01,Aprovada,01,2026-01-13,M07785,000003919,14490157,300.0,-3.9,296.1,Nacional
Oticas_BH,18960845000194,147098,Mastercard,Crédito,Crédito Parcelado Lojista,2026-01-12 11:47,2026-01-12,2026-01,Aprovada,03,2026-02-12,078835,000003923,14490157,1220.0,-29.28,1190.72,Nacional
Oticas_BH,18960845000194,147098,Mastercard,Crédito,Crédito Parcelado Lojista,2026-01-12 12:25,2026-01-12,2026-01,Aprovada,06,2026-02-12,261578,000003925,14490157,1100.0,-26.4,1073.6,Nacional
Oticas_BH,18960845000194,147098,Mastercard,Crédito,Crédito Parcelado Lojista,2026-01-12 12:46,2026-01-12,2026-01,Aprovada,08,2026-02-12,R34437,000003927,14490157,1180.0,-30.8,1149.2,Nacional
Oticas_BH,18960845000194,147098,Visa,Crédito,Crédito À Vista,2026-01-12 16:51,2026-01-12,2026-01,Aprovada,01,2026-02-12,956818,000003929,14490157,3200.0,-60.8,3139.2,Nacional
Oticas_BH,18960845000194,147098,Mastercard,Crédito,Crédito Parcelado Lojista,2026-01-13 09:25,2026-01-13,2026-01,Aprovada,05,2026-02-13,064915,000003931,14490157,972.0,-23.33,948.67,Nacional
Oticas_BH,18960845000194,147098,Mastercard,Crédito,Crédito Parcelado Lojista,2026-01-13 10:06,2026-01-13,2026-01,Negada,10,,000000,000003935,14490157,1750.0,0,0,N/A
Oticas_BH,18960845000194,147098,Mastercard,Crédito,Crédito Parcelado Lojista,2026-01-13 10:08,2026-01-13,2026-01,Negada,10,,000000,000003937,14490157,1450.0,0,0,N/A
Oticas_BH,18960845000194,147098,Mastercard,Crédito,Crédito Parcelado Lojista,2026-01-13 10:09,2026-01-13,2026-01,Negada,10,,000000,000003939,14490157,1000.0,0,0,N/A
Oticas_BH,18960845000194,147098,Visa,Débito,Débito,2026-01-13 10:12,2026-01-13,2026-01,Aprovada,01,2026-01-14,741165,000003941,14490157,500.0,-6.25,493.75,Nacional
Oticas_BH,18960845000194,147098,Visa,Crédito,Crédito Parcelado Lojista,2026-01-13 11:33,2026-01-13,2026-01,Negada,05,,00000000,110354343,EG551985,3400.0,0,0,N/A
Oticas_BH,18960845000194,147098,Visa,Crédito,Crédito Parcelado Lojista,2026-01-13 11:36,2026-01-13,2026-01,Negada,07,,00000000,110367373,EG551985,3400.0,0,0,N/A
Oticas_BH,18960845000194,147098,Mastercard,Crédito,Crédito Parcelado Lojista,2026-01-13 15:25,2026-01-13,2026-01,Aprovada,10,2026-02-13,R04579,000003943,14490157,3000.0,-78.3,2921.7,Nacional
Oticas_BH,18960845000194,147098,Visa,Crédito,Crédito Parcelado Lojista,2026-01-13 15:41,2026-01-13,2026-01,Aprovada,10,2026-02-13,623219,000003945,14490157,11400.0,-273.6,11126.4,Nacional
Oticas_BH,18960845000194,147098,Mastercard,Crédito,Crédito Parcelado Lojista,2026-01-14 08:36,2026-01-14,2026-01,Aprovada,10,2026-02-18,076150,000003947,14490157,2300.0,-60.03,2239.97,Nacional
Oticas_BH,18960845000194,147098,Elo,Crédito,Crédito Parcelado Lojista,2026-01-14 10:31,2026-01-14,2026-01,Aprovada,10,2026-02-18,621077,000003951,14490157,2531.0,-60.74,2470.26,Nacional
Oticas_BH,18960845000194,147098,Elo,Crédito,Crédito Parcelado Lojista,2026-01-14 13:15,2026-01-14,2026-01,Aprovada,05,2026-02-18,137649,000003953,14490157,1300.0,-29.25,1270.75,Nacional
Oticas_BH,18960845000194,147098,Visa,Crédito,Crédito Parcelado Lojista,2026-01-14 13:45,2026-01-14,2026-01,Aprovada,10,2026-02-18,190547,000003955,14490157,1600.0,-38.4,1561.6,Nacional
Oticas_BH,18960845000194,147098,Elo,Débito,Débito,2026-01-14 15:00,2026-01-14,2026-01,Aprovada,01,2026-01-15,211325,000003957,14490157,1440.0,-18.0,1422.0,Nacional
Oticas_BH,18960845000194,147098,Visa,Crédito,Crédito Parcelado Lojista,2026-01-15 07:59,2026-01-15,2026-01,Aprovada,06,2026-02-18,693929,000003959,14490157,3400.0,-76.5,3323.5,Nacional
Oticas_BH,18960845000194,147098,Mastercard,Crédito,Crédito Parcelado Lojista,2026-01-15 10:01,2026-01-15,2026-01,Aprovada,06,2026-02-18,077710,000003963,14490157,1380.0,-33.12,1346.88,Nacional
Oticas_BH,18960845000194,147098,Mastercard,Crédito,Crédito Parcelado Lojista,2026-01-15 10:19,2026-01-15,2026-01,Aprovada,04,2026-02-18,996208,000003965,14490157,800.0,-19.2,780.8,Nacional
Oticas_BH,18960845000194,147098,Mastercard,Crédito,Crédito Parcelado Lojista,2026-01-15 14:05,2026-01-15,2026-01,Negada,10,,000000,000003967,14490157,1700.0,0,0,N/A
Oticas_BH,18960845000194,147098,Mastercard,Crédito,Crédito Parcelado Lojista,2026-01-15 14:49,2026-01-15,2026-01,Aprovada,10,2026-02-18,486214,000003969,14490157,1900.0,-49.59,1850.41,Nacional
Oticas_BH,18960845000194,147098,Mastercard,Crédito,Crédito Parcelado Lojista,2026-01-15 16:52,2026-01-15,2026-01,Aprovada,04,2026-02-18,630903,000003971,14490157,2800.0,-67.2,2732.8,Nacional
Oticas_BH,18960845000194,147098,Mastercard,Crédito,Crédito Parcelado Lojista,2026-01-16 11:00,2026-01-16,2026-01,Aprovada,03,2026-02-18,R54607,000003973,14490157,650.0,-15.6,634.4,Nacional
Oticas_BH,18960845000194,147098,Mastercard,Crédito,Crédito Parcelado Lojista,2026-01-16 16:47,2026-01-16,2026-01,Aprovada,10,2026-02-18,1DIKSV,000003977,14490157,2900.0,-75.69,2824.31,Nacional
Oticas_BH,18960845000194,147098,Visa,Crédito,Crédito Parcelado Lojista,2026-01-20 08:57,2026-01-20,2026-01,Aprovada,10,2026-02-20,675109,000003979,14490157,2240.0,-53.76,2186.24,Nacional
Oticas_BH,18960845000194,147098,Visa,Crédito,Crédito Parcelado Lojista,2026-01-21 10:58,2026-01-21,2026-01,Aprovada,02,2026-02-23,GJ58UV,000003983,14490157,790.0,-17.78,772.22,Nacional
Oticas_BH,18960845000194,147098,Mastercard,Crédito,Crédito Parcelado Lojista,2026-01-21 16:41,2026-01-21,2026-01,Aprovada,05,2026-02-23,040661,000003987,14490157,2450.0,-58.8,2391.2,Nacional
Oticas_BH,18960845000194,147098,Mastercard,Crédito,Crédito Parcelado Lojista,2026-01-21 16:51,2026-01-21,2026-01,Aprovada,10,2026-02-23,299868,000003989,14490157,1200.0,-31.32,1168.68,Nacional
Oticas_BH,18960845000194,147098,Mastercard,Crédito,Crédito Parcelado Lojista,2026-01-21 17:38,2026-01-21,2026-01,Aprovada,10,2026-02-23,238287,000003991,14490157,1900.0,-49.59,1850.41,Nacional
Oticas_BH,18960845000194,147098,Mastercard,Crédito,Crédito Parcelado Lojista,2026-01-21 17:52,2026-01-21,2026-01,Aprovada,10,2026-02-23,139562,000003993,14490157,700.0,-18.27,681.73,Nacional
Oticas_BH,18960845000194,147098,Visa,Débito,Débito,2026-01-22 10:31,2026-01-22,2026-01,Aprovada,01,2026-01-23,137880,000003995,14490157,800.0,-10.0,790.0,Nacional
Oticas_BH,18960845000194,147098,Visa,Crédito,Crédito Parcelado Lojista,2026-01-22 12:00,2026-01-22,2026-01,Aprovada,10,2026-02-23,604369,000003999,14490157,4540.0,-108.96,4431.04,Nacional
Oticas_BH,18960845000194,147098,Mastercard,Crédito,Crédito Parcelado Lojista,2026-01-22 12:11,2026-01-22,2026-01,Aprovada,10,2026-02-23,061117,000004001,14490157,2600.0,-67.86,2532.14,Nacional
Oticas_BH,18960845000194,147098,Visa,Débito,Débito,2026-01-22 17:33,2026-01-22,2026-01,Aprovada,01,2026-01-23,M21267,000004003,14490157,700.0,-8.75,691.25,Nacional
Oticas_BH,18960845000194,147098,Mastercard,Crédito,Crédito Parcelado Lojista,2026-01-23 10:23,2026-01-23,2026-01,Aprovada,02,2026-02-23,TCOTMY,000004005,14490157,2100.0,-50.4,2049.6,Nacional
Oticas_BH,18960845000194,147098,Visa,Crédito,Crédito Parcelado Lojista,2026-01-23 11:24,2026-01-23,2026-01,Aprovada,08,2026-02-23,241667,000004009,14490157,990.0,-23.76,966.24,Nacional
Oticas_BH,18960845000194,147098,Visa,Débito,Débito,2026-01-23 12:31,2026-01-23,2026-01,Aprovada,01,2026-01-26,088812,000004011,14490157,3200.0,-40.0,3160.0,Nacional
Oticas_BH,18960845000194,147098,Visa,Crédito,Crédito Parcelado Lojista,2026-01-23 14:59,2026-01-23,2026-01,Negada,04,,000000,000004013,14490157,900.0,0,0,N/A
Oticas_BH,18960845000194,147098,Visa,Crédito,Crédito Parcelado Lojista,2026-01-23 14:59,2026-01-23,2026-01,Aprovada,05,2026-02-23,080371,000004015,14490157,900.0,-20.25,879.75,Nacional
Oticas_BH,18960845000194,147098,Visa,Débito,Débito,2026-01-26 12:11,2026-01-26,2026-01,Negada,01,,000000,000004017,14490157,1000.0,0,0,N/A
Oticas_BH,18960845000194,147098,Visa,Débito,Débito,2026-01-26 12:12,2026-01-26,2026-01,Aprovada,01,2026-01-27,023429,000004021,14490157,1000.0,-12.5,987.5,Nacional
Oticas_BH,18960845000194,147098,Mastercard,Crédito,Crédito Parcelado Lojista,2026-01-26 12:13,2026-01-26,2026-01,Aprovada,10,2026-02-26,384496,000004023,14490157,2000.0,-52.2,1947.8,Nacional
Oticas_BH,18960845000194,147098,Visa,Crédito,Crédito Parcelado Lojista,2026-01-26 14:05,2026-01-26,2026-01,Aprovada,03,2026-02-26,528396,000004025,14490157,250.0,-5.63,244.37,Nacional
Oticas_BH,18960845000194,147098,Mastercard,Crédito,Crédito Parcelado Lojista,2026-01-27 15:54,2026-01-27,2026-01,Aprovada,10,2026-02-27,893535,000004027,14490157,3250.0,-84.83,3165.17,Nacional
Oticas_BH,18960845000194,147098,Visa,Crédito,Crédito Parcelado Lojista,2026-01-28 12:05,2026-01-28,2026-01,Aprovada,10,2026-03-02,474576,000004031,14490157,8900.0,-213.6,8686.4,Nacional
Oticas_BH,18960845000194,147098,Visa,Débito,Débito,2026-01-28 12:06,2026-01-28,2026-01,Aprovada,01,2026-01-29,667342,000004035,14490157,640.0,-8.0,632.0,Nacional
Oticas_BH,18960845000194,147098,Mastercard,Débito,Débito,2026-01-28 15:05,2026-01-28,2026-01,Aprovada,01,2026-01-29,PU9LBm,000004037,14490157,100.0,-1.3,98.7,Nacional
Oticas_BH,18960845000194,147098,Mastercard,Crédito,Crédito Parcelado Lojista,2026-01-28 17:28,2026-01-28,2026-01,Aprovada,10,2026-03-02,087605,000004039,14490157,1300.0,-33.93,1266.07,Nacional
Oticas_BH,18960845000194,147098,Visa,Crédito,Crédito Parcelado Lojista,2026-01-28 17:53,2026-01-28,2026-01,Aprovada,10,2026-03-02,641346,000004041,14490157,990.0,-23.76,966.24,Nacional
Oticas_BH,18960845000194,147098,Mastercard,Crédito,Crédito Parcelado Lojista,2026-01-29 11:01,2026-01-29,2026-01,Aprovada,05,2026-03-02,039177,000004043,14490157,500.0,-12.0,488.0,Nacional
Oticas_BH,18960845000194,147098,Mastercard,Crédito,Crédito Parcelado Lojista,2026-01-29 12:26,2026-01-29,2026-01,Aprovada,10,2026-03-02,263353,000004047,14490157,2500.0,-65.25,2434.75,Nacional
Oticas_BH,18960845000194,147098,Mastercard,Crédito,Crédito Parcelado Lojista,2026-01-29 12:27,2026-01-29,2026-01,Aprovada,10,2026-03-02,273776,000004049,14490157,980.0,-25.58,954.42,Nacional
Oticas_BH,18960845000194,147098,Mastercard,Crédito,Crédito Parcelado Lojista,2026-01-29 17:12,2026-01-29,2026-01,Aprovada,04,2026-03-02,123773,172514827,EG551985,1410.0,-42.3,1367.7,Nacional
Oticas_BH,18960845000194,147098,Mastercard,Crédito,Crédito Parcelado Lojista,2026-01-30 13:35,2026-01-30,2026-01,Aprovada,08,2026-03-02,944512,000004051,14490157,1550.0,-40.46,1509.54,Nacional
Oticas_BH,18960845000194,147098,Visa,Crédito,Crédito Parcelado Lojista,2026-01-30 14:02,2026-01-30,2026-01,Aprovada,05,2026-03-02,631741,000004055,14490157,990.0,-22.28,967.72,Nacional
Oticas_BH,18960845000194,147098,Mastercard,Crédito,Crédito À Vista,2026-02-02 12:19,2026-02-02,2026-02,Aprovada,01,2026-03-05,R65614,000004057,14490157,150.0,-2.85,147.15,Nacional
Oticas_BH,18960845000194,147098,Mastercard,Crédito,Crédito Parcelado Lojista,2026-02-02 15:17,2026-02-02,2026-02,Aprovada,10,2026-03-05,R44756,000004061,14490157,1700.0,-44.37,1655.63,Nacional
Oticas_BH,18960845000194,147098,Mastercard,Crédito,Crédito Parcelado Lojista,2026-02-03 08:27,2026-02-03,2026-02,Aprovada,10,2026-03-06,541535,000004063,14490157,1750.0,-45.68,1704.32,Nacional
Oticas_BH,18960845000194,147098,Visa,Crédito,Crédito Parcelado Lojista,2026-02-03 09:34,2026-02-03,2026-02,Aprovada,10,2026-03-06,343872,000004067,14490157,2600.0,-62.4,2537.6,Nacional
Oticas_BH,18960845000194,147098,Mastercard,Débito,Débito,2026-02-03 15:37,2026-02-03,2026-02,Aprovada,01,2026-02-04,311582,000004069,14490157,500.0,-6.5,493.5,Nacional
Oticas_BH,18960845000194,147098,Mastercard,Crédito,Crédito Parcelado Lojista,2026-02-03 16:04,2026-02-03,2026-02,Aprovada,10,2026-03-06,R2GGBK,000004071,14490157,2700.0,-70.47,2629.53,Nacional
Oticas_BH,18960845000194,147098,Visa,Crédito,Crédito Parcelado Lojista,2026-02-03 16:13,2026-02-03,2026-02,Aprovada,03,2026-03-06,757327,000004073,14490157,990.0,-22.28,967.72,Nacional
Oticas_BH,18960845000194,147098,Mastercard,Crédito,Crédito Parcelado Lojista,2026-02-03 17:09,2026-02-03,2026-02,Aprovada,03,2026-03-06,548544,000004075,14490157,1800.0,-43.2,1756.8,Nacional
Oticas_BH,18960845000194,147098,Mastercard,Crédito,Crédito Parcelado Lojista,2026-02-03 17:28,2026-02-03,2026-02,Aprovada,10,2026-03-06,039055,000004077,14490157,5999.0,-156.57,5842.43,Nacional
Oticas_BH,18960845000194,147098,Mastercard,Crédito,Crédito Parcelado Lojista,2026-02-04 11:18,2026-02-04,2026-02,Aprovada,03,2026-03-09,512275,000004079,14490157,899.0,-21.58,877.42,Nacional
Oticas_BH,18960845000194,147098,Mastercard,Crédito,Crédito Parcelado Lojista,2026-02-04 14:24,2026-02-04,2026-02,Negada,10,,000000,000004083,14490157,600.0,0,0,N/A
Oticas_BH,18960845000194,147098,Elo,Crédito,Crédito Parcelado Lojista,2026-02-04 16:09,2026-02-04,2026-02,Aprovada,10,2026-03-09,693194,160778873,EG551985,1290.0,-40.64,1249.36,Nacional
Oticas_BH,18960845000194,147098,Visa,Crédito,Crédito Parcelado Lojista,2026-02-05 08:52,2026-02-05,2026-02,Aprovada,04,2026-03-09,523969,000004085,14490157,831.0,-18.7,812.3,Nacional
Oticas_BH,18960845000194,147098,Visa,Crédito,Crédito Parcelado Lojista,2026-02-05 11:05,2026-02-05,2026-02,Aprovada,10,2026-03-09,ASEAO4,000004089,14490157,2300.0,-55.2,2244.8,Nacional
Oticas_BH,18960845000194,147098,Mastercard,Crédito,Crédito Parcelado Lojista,2026-02-05 11:06,2026-02-05,2026-02,Aprovada,10,2026-03-09,R47271,000004091,14490157,800.0,-20.88,779.12,Nacional
Oticas_BH,18960845000194,147098,Mastercard,Crédito,Crédito À Vista,2026-02-05 16:29,2026-02-05,2026-02,Aprovada,01,2026-03-09,026908,000004093,14490157,3900.0,-74.1,3825.9,Nacional
Oticas_BH,18960845000194,147098,Visa,Débito,Débito,2026-02-05 17:24,2026-02-05,2026-02,Aprovada,01,2026-02-06,317596,000004095,14490157,300.0,-3.75,296.25,Nacional
Oticas_BH,18960845000194,147098,Visa,Crédito,Crédito Parcelado Lojista,2026-02-06 10:38,2026-02-06,2026-02,Aprovada,05,2026-03-09,383884,000004097,14490157,1990.0,-44.78,1945.22,Nacional
Oticas_BH,18960845000194,147098,Visa,Crédito,Crédito À Vista,2026-02-06 11:46,2026-02-06,2026-02,Aprovada,01,2026-03-09,014277,000004101,14490157,3500.0,-66.5,3433.5,Nacional
Oticas_BH,18960845000194,147098,Mastercard,Crédito,Crédito Parcelado Lojista,2026-02-06 13:14,2026-02-06,2026-02,Aprovada,03,2026-03-09,089368,000004103,14490157,350.0,-8.4,341.6,Nacional
Oticas_BH,18960845000194,147098,Visa,Crédito,Crédito Parcelado Lojista,2026-02-06 15:25,2026-02-06,2026-02,Negada,10,,000000,000004105,14490157,2430.0,0,0,N/A
Oticas_BH,18960845000194,147098,Visa,Crédito,Crédito Parcelado Lojista,2026-02-06 15:26,2026-02-06,2026-02,Negada,10,,000000,000004107,14490157,1500.0,0,0,N/A
Oticas_BH,18960845000194,147098,Visa,Crédito,Crédito Parcelado Lojista,2026-02-06 15:27,2026-02-06,2026-02,Aprovada,10,2026-03-09,011579,000004109,14490157,1000.0,-24.0,976.0,Nacional
Oticas_BH,18960845000194,147098,Visa,Crédito,Crédito Parcelado Lojista,2026-02-06 15:28,2026-02-06,2026-02,Aprovada,10,2026-03-09,057893,000004111,14490157,1430.0,-34.32,1395.68,Nacional
Oticas_BH,18960845000194,147098,Visa,Crédito,Crédito À Vista,2026-02-09 12:26,2026-02-09,2026-02,Aprovada,01,2026-03-12,665290,000004113,14490157,350.0,-6.65,343.35,Nacional
Oticas_BH,18960845000194,147098,Mastercard,Crédito,Crédito Parcelado Lojista,2026-02-09 15:18,2026-02-09,2026-02,Aprovada,06,2026-03-12,T85712,152852617,EG551985,650.0,-19.5,630.5,Nacional
Oticas_BH,18960845000194,147098,Mastercard,Débito,Débito,2026-02-09 17:34,2026-02-09,2026-02,Aprovada,01,2026-02-10,M69057,000004117,14490157,1512.0,-19.66,1492.34,Nacional
Oticas_BH,18960845000194,147098,Mastercard,Crédito,Crédito Parcelado Lojista,2026-02-09 17:48,2026-02-09,2026-02,Aprovada,10,2026-03-12,056420,000004119,14490157,1200.0,-31.32,1168.68,Nacional
Oticas_BH,18960845000194,147098,Mastercard,Crédito,Crédito Parcelado Lojista,2026-02-09 17:49,2026-02-09,2026-02,Aprovada,10,2026-03-12,077968,000004121,14490157,1200.0,-31.32,1168.68,Nacional
Oticas_BH,18960845000194,147098,Mastercard,Crédito,Crédito Parcelado Lojista,2026-02-10 08:16,2026-02-10,2026-02,Aprovada,10,2026-03-13,879776,000004123,14490157,1700.0,-44.37,1655.63,Nacional
Oticas_BH,18960845000194,147098,Mastercard,Crédito,Crédito Parcelado Lojista,2026-02-10 10:05,2026-02-10,2026-02,Aprovada,06,2026-03-13,165873,000004127,14490157,640.0,-15.36,624.64,Nacional
Oticas_BH,18960845000194,147098,Visa,Débito,Débito,2026-02-10 11:14,2026-02-10,2026-02,Aprovada,01,2026-02-11,M79902,000004129,14490157,990.0,-12.38,977.62,Nacional
Oticas_BH,18960845000194,147098,Mastercard,Crédito,Crédito Parcelado Lojista,2026-02-10 14:29,2026-02-10,2026-02,Aprovada,10,2026-03-13,294093,000004131,14490157,1980.0,-51.68,1928.32,Nacional
Oticas_BH,18960845000194,147098,Mastercard,Débito,Débito,2026-02-10 14:50,2026-02-10,2026-02,Aprovada,01,2026-02-11,1zTXQy,000004133,14490157,2850.0,-37.05,2812.95,Nacional
Oticas_BH,18960845000194,147098,Visa,Crédito,Crédito Parcelado Lojista,2026-02-11 13:43,2026-02-11,2026-02,Negada,10,,00000000,130235053,EG551985,3500.0,0,0,N/A
Oticas_BH,18960845000194,147098,Visa,Crédito,Crédito Parcelado Lojista,2026-02-11 13:46,2026-02-11,2026-02,Aprovada,10,2026-03-16,191637,136493475,EG551985,3500.0,-110.25,3389.75,Nacional
Oticas_BH,18960845000194,147098,Visa,Crédito,Crédito Parcelado Lojista,2026-02-11 15:22,2026-02-11,2026-02,Aprovada,10,2026-03-16,039808,157074165,EG551985,2300.0,-72.45,2227.55,Nacional
Oticas_BH,18960845000194,147098,Mastercard,Crédito,Crédito Parcelado Lojista,2026-02-11 16:19,2026-02-11,2026-02,Aprovada,10,2026-03-16,R32668,000004135,14490157,600.0,-15.66,584.34,Nacional
Oticas_BH,18960845000194,147098,Mastercard,Crédito,Crédito Parcelado Lojista,2026-02-11 16:32,2026-02-11,2026-02,Aprovada,03,2026-03-16,695671,000004139,14490157,350.0,-8.4,341.6,Nacional
Oticas_BH,18960845000194,147098,Mastercard,Crédito,Crédito Parcelado Lojista,2026-02-12 08:57,2026-02-12,2026-02,Aprovada,04,2026-03-16,581360,000004141,14490157,845.0,-20.28,824.72,Nacional
Oticas_BH,18960845000194,147098,Visa,Crédito,Crédito Parcelado Lojista,2026-02-12 09:56,2026-02-12,2026-02,Aprovada,02,2026-03-16,664660,000004145,14490157,400.0,-9.0,391.0,Nacional
Oticas_BH,18960845000194,147098,Mastercard,Crédito,Crédito Parcelado Lojista,2026-02-12 13:59,2026-02-12,2026-02,Aprovada,05,2026-03-16,038041,000004147,14490157,1380.0,-33.12,1346.88,Nacional
Oticas_BH,18960845000194,147098,Mastercard,Crédito,Crédito Parcelado Lojista,2026-02-12 14:42,2026-02-12,2026-02,Aprovada,06,2026-03-16,181538,000004149,14490157,2380.0,-57.12,2322.88,Nacional
Oticas_BH,18960845000194,147098,Mastercard,Crédito,Crédito Parcelado Lojista,2026-02-12 15:44,2026-02-12,2026-02,Aprovada,10,2026-03-16,C48C8M,000004151,14490157,1320.0,-34.45,1285.55,Nacional
Oticas_BH,18960845000194,147098,Mastercard,Débito,Débito,2026-02-13 10:13,2026-02-13,2026-02,Negada,01,,465268,000004153,14490157,1200.0,0,0,N/A
Oticas_BH,18960845000194,147098,Mastercard,Débito,Débito,2026-02-13 10:13,2026-02-13,2026-02,Aprovada,01,2026-02-18,313851,000004157,14490157,1200.0,-15.6,1184.4,Nacional
Oticas_BH,18960845000194,147098,Mastercard,Crédito,Crédito Parcelado Lojista,2026-02-13 10:14,2026-02-13,2026-02,Aprovada,10,2026-03-16,251635,000004159,14490157,2500.0,-65.25,2434.75,Nacional
Oticas_BH,18960845000194,147098,Visa,Crédito,Crédito Parcelado Lojista,2026-02-13 10:47,2026-02-13,2026-02,Aprovada,10,2026-03-16,077015,000004161,14490157,2300.0,-55.2,2244.8,Nacional
Oticas_BH,18960845000194,147098,Mastercard,Débito,Débito,2026-02-13 12:27,2026-02-13,2026-02,Aprovada,01,2026-02-18,276618,000004163,14490157,20.0,-0.26,19.74,Nacional
Oticas_BH,18960845000194,147098,Mastercard,Crédito,Crédito Parcelado Lojista,2026-02-13 13:55,2026-02-13,2026-02,Aprovada,10,2026-03-16,725023,000004165,14490157,1050.0,-27.41,1022.59,Nacional
Oticas_BH,18960845000194,147098,Mastercard,Débito,Débito,2026-02-13 14:21,2026-02-13,2026-02,Aprovada,01,2026-02-18,139139,000004167,14490157,970.0,-12.61,957.39,Nacional
Oticas_BH,18960845000194,147098,Mastercard,Crédito,Crédito Parcelado Lojista,2026-02-13 14:22,2026-02-13,2026-02,Aprovada,08,2026-03-16,093103,000004169,14490157,1500.0,-39.15,1460.85,Nacional
Oticas_BH,18960845000194,147098,Mastercard,Crédito,Crédito Parcelado Lojista,2026-02-13 14:51,2026-02-13,2026-02,Aprovada,02,2026-03-16,TRUACD,000004171,14490157,980.0,-23.52,956.48,Nacional
Oticas_BH,18960845000194,147098,Amex,Crédito,Crédito Parcelado Lojista,2026-02-13 16:11,2026-02-13,2026-02,Negada,10,,000000,000004173,14490157,1600.0,0,0,N/A
Oticas_BH,18960845000194,147098,Mastercard,Crédito,Crédito Parcelado Lojista,2026-02-13 16:14,2026-02-13,2026-02,Aprovada,10,2026-03-16,024837,000004175,14490157,1600.0,-41.76,1558.24,Nacional
Oticas_BH,18960845000194,147098,Mastercard,Crédito,Crédito Parcelado Lojista,2026-02-13 16:53,2026-02-13,2026-02,Negada,04,,00000000,166353121,EG551985,400.0,0,0,N/A
Oticas_BH,18960845000194,147098,Visa,Crédito,Crédito Parcelado Lojista,2026-02-18 09:52,2026-02-18,2026-02,Aprovada,10,2026-03-23,676152,000004177,14490157,2950.0,-70.8,2879.2,Nacional
Oticas_BH,18960845000194,147098,Visa,Crédito,Crédito Parcelado Lojista,2026-02-18 09:53,2026-02-18,2026-02,Aprovada,06,2026-03-23,540254,000004181,14490157,1380.0,-31.05,1348.95,Nacional
Oticas_BH,18960845000194,147098,Mastercard,Crédito,Crédito Parcelado Lojista,2026-02-19 15:24,2026-02-19,2026-02,Aprovada,10,2026-03-23,013814,000004183,14490157,1600.0,-41.76,1558.24,Nacional
Oticas_BH,18960845000194,147098,Visa,Crédito,Crédito Parcelado Lojista,2026-02-20 10:44,2026-02-20,2026-02,Aprovada,08,2026-03-23,281528,103535921,EG551985,1100.0,-34.65,1065.35,Nacional
Oticas_BH,18960845000194,147098,Mastercard,Crédito,Crédito Parcelado Lojista,2026-02-20 11:46,2026-02-20,2026-02,Aprovada,04,2026-03-23,643034,000004187,14490157,2000.0,-48.0,1952.0,Nacional
Oticas_BH,18960845000194,147098,Mastercard,Crédito,Crédito Parcelado Lojista,2026-02-20 15:01,2026-02-20,2026-02,Aprovada,10,2026-03-23,292090,000004191,14490157,1250.0,-32.63,1217.37,Nacional
Oticas_BH,18960845000194,147098,Mastercard,Crédito,Crédito Parcelado Lojista,2026-02-20 15:59,2026-02-20,2026-02,Aprovada,04,2026-03-23,647331,151892873,EG551985,400.0,-12.0,388.0,Nacional
Oticas_BH,18960845000194,147098,Visa,Crédito,Crédito Parcelado Lojista,2026-02-20 16:37,2026-02-20,2026-02,Aprovada,03,2026-03-23,375266,000004193,14490157,1550.0,-34.88,1515.12,Nacional
Oticas_BH,18960845000194,147098,Visa,Débito,Débito,2026-02-23 11:07,2026-02-23,2026-02,Aprovada,01,2026-02-24,338177,000004195,14490157,220.0,-2.75,217.25,Nacional
Oticas_BH,18960845000194,147098,Mastercard,Crédito,Crédito Parcelado Lojista,2026-02-24 08:05,2026-02-24,2026-02,Aprovada,10,2026-03-27,589192,000004199,14490157,5800.0,-151.38,5648.62,Nacional
Oticas_BH,18960845000194,147098,Mastercard,Crédito,Crédito Parcelado Lojista,2026-02-24 17:29,2026-02-24,2026-02,Aprovada,10,2026-03-27,696811,000004203,14490157,1890.0,-49.33,1840.67,Nacional
Oticas_BH,18960845000194,147098,Visa,Crédito,Crédito Parcelado Lojista,2026-02-25 08:31,2026-02-25,2026-02,Aprovada,02,2026-03-30,750142,000004205,14490157,1500.0,-33.75,1466.25,Nacional
Oticas_BH,18960845000194,147098,Visa,Crédito,Crédito À Vista,2026-02-25 10:32,2026-02-25,2026-02,Aprovada,01,2026-03-30,625592,000004209,14490157,770.0,-14.63,755.37,Nacional
Oticas_BH,18960845000194,147098,Mastercard,Crédito,Crédito Parcelado Lojista,2026-02-25 13:15,2026-02-25,2026-02,Aprovada,08,2026-03-30,612507,000004211,14490157,990.0,-25.84,964.16,Nacional
Oticas_BH,18960845000194,147098,Visa,Débito,Débito,2026-02-25 14:59,2026-02-25,2026-02,Aprovada,01,2026-02-26,525047,000004213,14490157,220.0,-2.75,217.25,Nacional
Oticas_BH,18960845000194,147098,Elo,Crédito,Crédito Parcelado Lojista,2026-02-25 16:03,2026-02-25,2026-02,Aprovada,10,2026-03-30,635733,000004215,14490157,1100.0,-26.4,1073.6,Nacional
Oticas_BH,18960845000194,147098,Mastercard,Crédito,Crédito À Vista,2026-02-25 16:18,2026-02-25,2026-02,Aprovada,01,2026-03-30,990479,000004217,14490157,40.0,-0.76,39.24,Nacional
Oticas_BH,18960845000194,147098,Mastercard,Crédito,Crédito Parcelado Lojista,2026-02-25 19:21,2026-02-25,2026-02,Negada,08,,00000000,199511907,EG551985,850.0,0,0,N/A
Oticas_BH,18960845000194,147098,Visa,Crédito,Crédito Parcelado Lojista,2026-02-25 19:25,2026-02-25,2026-02,Aprovada,08,2026-03-30,058978,193930745,EG551985,850.0,-26.78,823.22,Nacional
Oticas_BH,18960845000194,147098,Visa,Débito,Débito,2026-02-26 13:37,2026-02-26,2026-02,Aprovada,01,2026-02-27,504394,000004219,14490157,1000.0,-12.5,987.5,Nacional
Oticas_BH,18960845000194,147098,Mastercard,Crédito,Crédito Parcelado Lojista,2026-02-26 13:37,2026-02-26,2026-02,Aprovada,04,2026-03-30,070627,000004223,14490157,1200.0,-28.8,1171.2,Nacional
Oticas_BH,18960845000194,147098,Mastercard,Crédito,Crédito Parcelado Lojista,2026-02-26 13:57,2026-02-26,2026-02,Aprovada,04,2026-03-30,274OFE,000004225,14490157,1150.0,-27.6,1122.4,Nacional
Oticas_BH,18960845000194,147098,Mastercard,Crédito,Crédito Parcelado Lojista,2026-02-27 09:20,2026-02-27,2026-02,Aprovada,08,2026-03-30,817299,000004227,14490157,1490.0,-38.89,1451.11,Nacional
Oticas_BH,18960845000194,147098,Visa,Crédito,Crédito Parcelado Lojista,2026-03-02 10:42,2026-03-02,2026-03,Aprovada,10,2026-04-02,811673,108406915,EG551985,1600.0,-50.4,1549.6,Nacional
Oticas_BH,18960845000194,147098,Elo,Crédito,Crédito Parcelado Lojista,2026-03-03 09:42,2026-03-03,2026-03,Aprovada,10,2026-04-06,553629,000004231,14490157,1200.0,-28.8,1171.2,Nacional
Oticas_BH,18960845000194,147098,Mastercard,Débito,Débito,2026-03-03 11:18,2026-03-03,2026-03,Aprovada,01,2026-03-04,771102,000004235,14490157,990.0,-12.87,977.13,Nacional
Oticas_BH,18960845000194,147098,Mastercard,Crédito,Crédito Parcelado Lojista,2026-03-03 14:05,2026-03-03,2026-03,Aprovada,08,2026-04-06,085469,000004237,14490157,950.0,-24.8,925.2,Nacional
Oticas_BH,18960845000194,147098,Visa,Crédito,Crédito Parcelado Lojista,2026-03-04 13:16,2026-03-04,2026-03,Negada,04,,000000,000004239,14490157,2200.0,0,0,N/A
Oticas_BH,18960845000194,147098,Visa,Crédito,Crédito Parcelado Lojista,2026-03-04 13:16,2026-03-04,2026-03,Negada,04,,000000,000004243,14490157,2000.0,0,0,N/A
Oticas_BH,18960845000194,147098,Visa,Crédito,Crédito Parcelado Lojista,2026-03-04 13:17,2026-03-04,2026-03,Aprovada,03,2026-04-06,569707,000004245,14490157,1500.0,-33.75,1466.25,Nacional
Oticas_BH,18960845000194,147098,Visa,Débito,Débito,2026-03-04 13:18,2026-03-04,2026-03,Aprovada,01,2026-03-05,081230,000004247,14490157,2900.0,-36.25,2863.75,Nacional
Oticas_BH,18960845000194,147098,Visa,Crédito,Crédito Parcelado Lojista,2026-03-05 10:18,2026-03-05,2026-03,Aprovada,08,2026-04-06,024639,000004249,14490157,990.0,-23.76,966.24,Nacional
Oticas_BH,18960845000194,147098,Visa,Crédito,Crédito Parcelado Lojista,2026-03-05 10:56,2026-03-05,2026-03,Aprovada,08,2026-04-06,664378,000004253,14490157,1100.0,-26.4,1073.6,Nacional
Oticas_BH,18960845000194,147098,Mastercard,Crédito,Crédito Parcelado Lojista,2026-03-05 11:45,2026-03-05,2026-03,Aprovada,06,2026-04-06,454554,000004255,14490157,790.0,-18.96,771.04,Nacional
Oticas_BH,18960845000194,147098,Mastercard,Crédito,Crédito Parcelado Lojista,2026-03-05 14:23,2026-03-05,2026-03,Aprovada,05,2026-04-06,872427,000004257,14490157,1100.0,-26.4,1073.6,Nacional
Oticas_BH,18960845000194,147098,Mastercard,Crédito,Crédito Parcelado Lojista,2026-03-05 14:42,2026-03-05,2026-03,Aprovada,08,2026-04-06,JRQXVT,000004259,14490157,900.0,-23.49,876.51,Nacional
Oticas_BH,18960845000194,147098,Visa,Crédito,Crédito Parcelado Lojista,2026-03-06 11:25,2026-03-06,2026-03,Aprovada,02,2026-04-06,050369,000004261,14490157,720.0,-16.2,703.8,Nacional
Oticas_BH,18960845000194,147098,Visa,Crédito,Crédito Parcelado Lojista,2026-03-06 12:37,2026-03-06,2026-03,Aprovada,10,2026-04-06,XKZWDU,000004265,14490157,3130.0,-75.12,3054.88,Nacional
Oticas_BH,18960845000194,147098,Visa,Crédito,Crédito Parcelado Lojista,2026-03-06 15:38,2026-03-06,2026-03,Aprovada,10,2026-04-06,384361,152124623,EG551985,2290.0,-72.14,2217.86,Nacional
Oticas_BH,18960845000194,147098,Visa,Crédito,Crédito Parcelado Lojista,2026-03-09 11:47,2026-03-09,2026-03,Aprovada,03,2026-04-09,475765,000004267,14490157,250.0,-5.63,244.37,Nacional
Oticas_BH,18960845000194,147098,Visa,Crédito,Crédito Parcelado Lojista,2026-03-10 10:01,2026-03-10,2026-03,Negada,10,,000000,000004271,14490157,3500.0,0,0,N/A
Oticas_BH,18960845000194,147098,Visa,Crédito,Crédito Parcelado Lojista,2026-03-10 10:10,2026-03-10,2026-03,Aprovada,10,2026-04-10,559435,107755081,EG551985,3500.0,-110.25,3389.75,Nacional
Oticas_BH,18960845000194,147098,Mastercard,Crédito,Crédito Parcelado Lojista,2026-03-10 10:25,2026-03-10,2026-03,Aprovada,10,2026-04-10,217072,000004275,14490157,1550.0,-40.46,1509.54,Nacional
Oticas_BH,18960845000194,147098,Visa,Crédito,Crédito Parcelado Lojista,2026-03-10 15:06,2026-03-10,2026-03,Aprovada,10,2026-04-10,688527,000004277,14490157,3400.0,-81.6,3318.4,Nacional
Oticas_BH,18960845000194,147098,Visa,Crédito,Crédito Parcelado Lojista,2026-03-10 16:04,2026-03-10,2026-03,Aprovada,10,2026-04-10,170472,000004279,14490157,3850.0,-92.4,3757.6,Nacional
Oticas_BH,18960845000194,147098,Mastercard,Crédito,Crédito Parcelado Lojista,2026-03-10 16:16,2026-03-10,2026-03,Aprovada,10,2026-04-10,497986,000004281,14490157,3400.0,-88.74,3311.26,Nacional
Oticas_BH,18960845000194,147098,Mastercard,Crédito,Crédito Parcelado Lojista,2026-03-11 11:19,2026-03-11,2026-03,Negada,08,,000000,000004283,14490157,890.0,0,0,N/A
Oticas_BH,18960845000194,147098,Mastercard,Crédito,Crédito Parcelado Lojista,2026-03-11 11:22,2026-03-11,2026-03,Aprovada,08,2026-04-13,086791,000004287,14490157,890.0,-23.23,866.77,Nacional
Oticas_BH,18960845000194,147098,Visa,Crédito,Crédito À Vista,2026-03-11 14:59,2026-03-11,2026-03,Aprovada,01,2026-04-13,230466,000004289,14490157,2890.0,-54.91,2835.09,Nacional
Oticas_BH,18960845000194,147098,Mastercard,Débito,Débito,2026-03-12 08:44,2026-03-12,2026-03,Aprovada,01,2026-03-13,450944,000004291,14490157,400.0,-5.2,394.8,Nacional
Oticas_BH,18960845000194,147098,Mastercard,Crédito,Crédito Parcelado Lojista,2026-03-12 08:45,2026-03-12,2026-03,Aprovada,06,2026-04-13,461244,000004295,14490157,2000.0,-48.0,1952.0,Nacional
Oticas_BH,18960845000194,147098,Mastercard,Crédito,Crédito Parcelado Lojista,2026-03-12 09:32,2026-03-12,2026-03,Aprovada,10,2026-04-13,322079,000004297,14490157,1880.0,-49.07,1830.93,Nacional
Oticas_BH,18960845000194,147098,Mastercard,Crédito,Crédito Parcelado Lojista,2026-03-12 10:54,2026-03-12,2026-03,Aprovada,02,2026-04-13,030463,000004299,14490157,390.0,-9.36,380.64,Nacional
Oticas_BH,18960845000194,147098,Visa,Crédito,Crédito Parcelado Lojista,2026-03-12 11:02,2026-03-12,2026-03,Aprovada,06,2026-04-13,340507,000004301,14490157,3070.0,-69.08,3000.92,Nacional
Oticas_BH,18960845000194,147098,Visa,Crédito,Crédito Parcelado Lojista,2026-03-12 11:11,2026-03-12,2026-03,Negada,03,,000000,000004303,14490157,650.0,0,0,N/A
Oticas_BH,18960845000194,147098,Visa,Crédito,Crédito Parcelado Lojista,2026-03-12 11:12,2026-03-12,2026-03,Aprovada,03,2026-04-13,624115,000004305,14490157,650.0,-14.63,635.37,Nacional
Oticas_BH,18960845000194,147098,Mastercard,Crédito,Crédito Parcelado Lojista,2026-03-12 13:39,2026-03-12,2026-03,Aprovada,10,2026-04-13,693939,000004307,14490157,1600.0,-41.76,1558.24,Nacional
Oticas_BH,18960845000194,147098,Mastercard,Débito,Débito,2026-03-12 13:50,2026-03-12,2026-03,Aprovada,01,2026-03-13,M39788,000004309,14490157,1000.0,-13.0,987.0,Nacional
Oticas_BH,18960845000194,147098,Visa,Crédito,Crédito Parcelado Lojista,2026-03-12 15:32,2026-03-12,2026-03,Aprovada,09,2026-04-13,331555,000004311,14490157,1900.0,-45.6,1854.4,Nacional
Oticas_BH,18960845000194,147098,Mastercard,Crédito,Crédito Parcelado Lojista,2026-03-12 15:57,2026-03-12,2026-03,Aprovada,10,2026-04-13,WSIX4L,000004313,14490157,2700.0,-70.47,2629.53,Nacional
Oticas_BH,18960845000194,147098,Visa,Débito,Débito,2026-03-13 09:22,2026-03-13,2026-03,Aprovada,01,2026-03-16,133753,000004315,14490157,1700.0,-21.25,1678.75,Nacional
Oticas_BH,18960845000194,147098,Elo,Débito,Débito,2026-03-13 10:03,2026-03-13,2026-03,Aprovada,01,2026-03-16,025097,000004319,14490157,1080.0,-13.5,1066.5,Nacional
Oticas_BH,18960845000194,147098,Visa,Débito,Débito,2026-03-13 10:27,2026-03-13,2026-03,Aprovada,01,2026-03-16,968267,000004321,14490157,2000.0,-25.0,1975.0,Nacional
Oticas_BH,18960845000194,147098,Elo,Crédito,Crédito Parcelado Lojista,2026-03-13 11:46,2026-03-13,2026-03,Aprovada,02,2026-04-13,664195,000004323,14490157,1116.0,-25.11,1090.89,Nacional
Oticas_BH,18960845000194,147098,Mastercard,Crédito,Crédito Parcelado Lojista,2026-03-13 13:32,2026-03-13,2026-03,Aprovada,03,2026-04-13,715225,000004325,14490157,590.0,-14.16,575.84,Nacional
Oticas_BH,18960845000194,147098,Mastercard,Crédito,Crédito Parcelado Lojista,2026-03-13 14:17,2026-03-13,2026-03,Negada,10,,000000,000004327,14490157,3000.0,0,0,N/A
Oticas_BH,18960845000194,147098,Mastercard,Crédito,Crédito Parcelado Lojista,2026-03-13 14:20,2026-03-13,2026-03,Aprovada,10,2026-04-13,740014,000004329,14490157,3000.0,-78.3,2921.7,Nacional
Oticas_BH,18960845000194,147098,Mastercard,Crédito,Crédito Parcelado Lojista,2026-03-13 15:59,2026-03-13,2026-03,Aprovada,09,2026-04-13,266424,000004331,14490157,990.0,-25.84,964.16,Nacional
Oticas_BH,18960845000194,147098,Visa,Crédito,Crédito Parcelado Lojista,2026-03-13 16:38,2026-03-13,2026-03,Aprovada,04,2026-04-13,AR32IY,000004333,14490157,400.0,-9.0,391.0,Nacional
Oticas_BH,18960845000194,147098,Mastercard,Crédito,Crédito Parcelado Lojista,2026-03-14 09:06,2026-03-14,2026-03,Aprovada,05,2026-04-14,360100,000004335,14490157,1050.0,-25.2,1024.8,Nacional
Oticas_BH,18960845000194,147098,Mastercard,Crédito,Crédito Parcelado Lojista,2026-03-16 11:53,2026-03-16,2026-03,Aprovada,02,2026-04-16,017648,000004339,14490157,220.0,-5.28,214.72,Nacional
Oticas_BH,18960845000194,147098,Mastercard,Crédito,Crédito Parcelado Lojista,2026-03-16 16:44,2026-03-16,2026-03,Aprovada,05,2026-04-16,994552,000004343,14490157,2400.0,-57.6,2342.4,Nacional
Oticas_BH,18960845000194,147098,Mastercard,Débito,Débito,2026-03-17 09:43,2026-03-17,2026-03,Aprovada,01,2026-03-18,433971,000004345,14490157,1426.0,-18.54,1407.46,Nacional
Oticas_BH,18960845000194,147098,Visa,Crédito,Crédito À Vista,2026-03-17 10:38,2026-03-17,2026-03,Aprovada,01,2026-04-17,384063,000004349,14490157,30.0,-0.57,29.43,Nacional
Oticas_BH,18960845000194,147098,Mastercard,Débito,Débito,2026-03-17 15:09,2026-03-17,2026-03,Negada,01,,M00085,000004351,14490157,2000.0,0,0,N/A
Oticas_BH,18960845000194,147098,Mastercard,Débito,Débito,2026-03-17 15:09,2026-03-17,2026-03,Aprovada,01,2026-03-18,M60276,000004353,14490157,2000.0,-26.0,1974.0,Nacional
Oticas_BH,18960845000194,147098,Mastercard,Crédito,Crédito Parcelado Lojista,2026-03-17 15:11,2026-03-17,2026-03,Aprovada,06,2026-04-17,LCHUL5,000004355,14490157,3165.0,-75.96,3089.04,Nacional
Oticas_BH,18960845000194,147098,Mastercard,Crédito,Crédito Parcelado Lojista,2026-03-17 16:30,2026-03-17,2026-03,Aprovada,10,2026-04-17,051909,000004357,14490157,3520.0,-91.87,3428.13,Nacional
Oticas_BH,18960845000194,147098,Mastercard,Crédito,Crédito Parcelado Lojista,2026-03-18 10:30,2026-03-18,2026-03,Aprovada,03,2026-04-20,304961,000004359,14490157,430.0,-10.32,419.68,Nacional
Oticas_BH,18960845000194,147098,Mastercard,Crédito,Crédito Parcelado Lojista,2026-03-18 10:38,2026-03-18,2026-03,Aprovada,10,2026-04-20,523493,000004363,14490157,1400.0,-36.54,1363.46,Nacional
Oticas_BH,18960845000194,147098,Mastercard,Crédito,Crédito Parcelado Lojista,2026-03-18 10:48,2026-03-18,2026-03,Aprovada,08,2026-04-20,605660,000004365,14490157,990.0,-25.84,964.16,Nacional
Oticas_BH,18960845000194,147098,Visa,Crédito,Crédito Parcelado Lojista,2026-03-18 13:46,2026-03-18,2026-03,Aprovada,10,2026-04-20,664402,000004367,14490157,3550.0,-85.2,3464.8,Nacional
Oticas_BH,18960845000194,147098,Visa,Crédito,Crédito Parcelado Lojista,2026-03-18 16:28,2026-03-18,2026-03,Aprovada,10,2026-04-20,PFGXCU,000004369,14490157,9000.0,-216.0,8784.0,Nacional
Oticas_BH,18960845000194,147098,Visa,Crédito,Crédito Parcelado Lojista,2026-03-18 16:29,2026-03-18,2026-03,Aprovada,10,2026-04-20,446480,000004371,14490157,2880.0,-69.12,2810.88,Nacional
Oticas_BH,18960845000194,147098,Mastercard,Crédito,Crédito Parcelado Lojista,2026-03-18 16:47,2026-03-18,2026-03,Aprovada,10,2026-04-20,377402,000004373,14490157,1400.0,-36.54,1363.46,Nacional
Oticas_BH,18960845000194,147098,Visa,Crédito,Crédito Parcelado Lojista,2026-03-18 16:59,2026-03-18,2026-03,Aprovada,10,2026-04-20,051489,000004375,14490157,1500.0,-36.0,1464.0,Nacional
Oticas_BH,18960845000194,147098,Visa,Crédito,Crédito Parcelado Lojista,2026-03-19 09:10,2026-03-19,2026-03,Aprovada,10,2026-04-20,557575,000004377,14490157,2190.0,-52.56,2137.44,Nacional
Oticas_BH,18960845000194,147098,Mastercard,Crédito,Crédito Parcelado Lojista,2026-03-19 09:26,2026-03-19,2026-03,Aprovada,10,2026-04-20,664069,000004381,14490157,3050.0,-79.61,2970.39,Nacional
Oticas_BH,18960845000194,147098,Mastercard,Crédito,Crédito Parcelado Lojista,2026-03-19 10:19,2026-03-19,2026-03,Aprovada,10,2026-04-20,032865,000004383,14490157,3250.0,-84.83,3165.17,Nacional
Oticas_BH,18960845000194,147098,Mastercard,Crédito,Crédito Parcelado Lojista,2026-03-19 10:47,2026-03-19,2026-03,Aprovada,10,2026-04-20,068472,000004385,14490157,3040.0,-79.34,2960.66,Nacional
Oticas_BH,18960845000194,147098,Visa,Crédito,Crédito Parcelado Lojista,2026-03-20 10:09,2026-03-20,2026-03,Aprovada,06,2026-04-20,OCVAF0,000004387,14490157,1340.0,-30.15,1309.85,Nacional
Oticas_BH,18960845000194,147098,Visa,Crédito,Crédito Parcelado Lojista,2026-03-20 10:58,2026-03-20,2026-03,Negada,03,,000000,000004391,14490157,1800.0,0,0,N/A
Oticas_BH,18960845000194,147098,Visa,Crédito,Crédito Parcelado Lojista,2026-03-20 10:59,2026-03-20,2026-03,Aprovada,03,2026-04-20,216531,000004393,14490157,1800.0,-40.5,1759.5,Nacional
Oticas_BH,18960845000194,147098,Mastercard,Débito,Débito,2026-03-20 11:03,2026-03-20,2026-03,Aprovada,01,2026-03-23,296107,000004395,14490157,1600.0,-20.8,1579.2,Nacional
Oticas_BH,18960845000194,147098,Visa,Crédito,Crédito Parcelado Lojista,2026-03-20 15:02,2026-03-20,2026-03,Aprovada,10,2026-04-20,LQW8LP,000004397,14490157,3100.0,-74.4,3025.6,Nacional
Oticas_BH,18960845000194,147098,Visa,Crédito,Crédito Parcelado Lojista,2026-03-20 17:19,2026-03-20,2026-03,Aprovada,05,2026-04-20,693106,000004399,14490157,700.0,-15.75,684.25,Nacional
Oticas_BH,18960845000194,147098,Visa,Crédito,Crédito Parcelado Lojista,2026-03-23 14:22,2026-03-23,2026-03,Aprovada,02,2026-04-23,222665,000004401,14490157,250.0,-5.63,244.37,Nacional
Oticas_BH,18960845000194,147098,Visa,Crédito,Crédito Parcelado Lojista,2026-03-24 09:30,2026-03-24,2026-03,Aprovada,10,2026-04-24,304268,000004405,14490157,2200.0,-52.8,2147.2,Nacional
Oticas_BH,18960845000194,147098,Visa,Crédito,Crédito À Vista,2026-03-24 10:38,2026-03-24,2026-03,Aprovada,01,2026-04-24,09913C,000004409,14490157,560.0,-10.64,549.36,Internacional
Oticas_BH,18960845000194,147098,Visa,Crédito,Crédito Parcelado Lojista,2026-03-24 13:33,2026-03-24,2026-03,Aprovada,02,2026-04-24,641540,000004411,14490157,400.0,-9.0,391.0,Nacional
Oticas_BH,18960845000194,147098,Visa,Crédito,Crédito Parcelado Lojista,2026-03-24 14:22,2026-03-24,2026-03,Aprovada,10,2026-04-24,224460,000004413,14490157,1290.0,-30.96,1259.04,Nacional
Oticas_BH,18960845000194,147098,Mastercard,Crédito,Crédito Parcelado Lojista,2026-03-26 13:06,2026-03-26,2026-03,Aprovada,10,2026-04-27,968040,136668453,EG551985,2100.0,-66.15,2033.85,Nacional
Oticas_BH,18960845000194,147098,Visa,Débito,Débito,2026-03-26 13:49,2026-03-26,2026-03,Aprovada,01,2026-03-27,561046,000004415,14490157,1900.0,-23.75,1876.25,Nacional
Oticas_BH,18960845000194,147098,Mastercard,Débito,Débito,2026-03-27 09:14,2026-03-27,2026-03,Aprovada,01,2026-03-30,M29136,000004419,14490157,2700.0,-35.1,2664.9,Nacional
Oticas_BH,18960845000194,147098,Mastercard,Débito,Débito,2026-03-27 14:22,2026-03-27,2026-03,Aprovada,01,2026-03-30,479999,000004423,14490157,1320.0,-17.16,1302.84,Nacional
Oticas_BH,18960845000194,147098,Visa,Crédito,Crédito Parcelado Lojista,2026-03-28 09:06,2026-03-28,2026-03,Negada,02,,000000,000004425,14490157,486.0,0,0,N/A
Oticas_BH,18960845000194,147098,Visa,Crédito,Crédito Parcelado Lojista,2026-03-28 09:07,2026-03-28,2026-03,Aprovada,02,2026-04-28,GD4RH6,000004429,14490157,486.0,-10.94,475.06,Nacional
Oticas_BH,18960845000194,147098,Visa,Débito,Débito,2026-03-28 09:08,2026-03-28,2026-03,Negada,01,,000000,000004431,14490157,304.0,0,0,N/A
Oticas_BH,18960845000194,147098,Elo,Débito,Débito,2026-03-28 09:09,2026-03-28,2026-03,Aprovada,01,2026-03-30,696244,000004433,14490157,304.0,-3.8,300.2,Nacional
Oticas_BH,18960845000194,147098,Mastercard,Débito,Débito,2026-03-28 09:14,2026-03-28,2026-03,Aprovada,01,2026-03-30,mI30xt,000004435,14490157,200.0,-2.6,197.4,Nacional
Oticas_BH,18960845000194,147098,Mastercard,Crédito,Crédito Parcelado Lojista,2026-03-28 09:14,2026-03-28,2026-03,Aprovada,10,2026-04-28,364476,000004437,14490157,1600.0,-41.76,1558.24,Nacional
Oticas_BH,18960845000194,147098,Mastercard,Débito,Débito,2026-03-30 14:24,2026-03-30,2026-03,Aprovada,01,2026-03-31,244071,000004439,14490157,1400.0,-18.2,1381.8,Nacional
Oticas_BH,18960845000194,147098,Mastercard,Débito,Débito,2026-03-31 16:58,2026-03-31,2026-03,Aprovada,01,2026-04-01,M01257,000004443,14490157,1900.0,-24.7,1875.3,Nacional
Oticas_BH,18960845000194,147098,Mastercard,Crédito,Crédito À Vista,2026-04-01 12:48,2026-04-01,2026-04,Aprovada,01,2026-05-04,483579,000004447,14490157,49.9,-0.95,48.95,Nacional
Oticas_BH,18960845000194,147098,Mastercard,Crédito,Crédito Parcelado Lojista,2026-04-01 13:05,2026-04-01,2026-04,Aprovada,10,2026-05-04,060982,000004451,14490157,1600.0,-41.76,1558.24,Nacional
Oticas_BH,18960845000194,147098,Mastercard,Crédito,Crédito Parcelado Lojista,2026-04-01 13:43,2026-04-01,2026-04,Aprovada,10,2026-05-04,918411,000004453,14490157,1000.0,-26.1,973.9,Nacional
Oticas_BH,18960845000194,147098,Mastercard,Crédito,Crédito Parcelado Lojista,2026-04-01 14:49,2026-04-01,2026-04,Aprovada,06,2026-05-04,495463,000004455,14490157,750.0,-18.0,732.0,Nacional
Oticas_BH,18960845000194,147098,Visa,Crédito,Crédito Parcelado Lojista,2026-04-01 16:59,2026-04-01,2026-04,Aprovada,03,2026-05-04,057575,000004457,14490157,3230.0,-72.68,3157.32,Nacional
Oticas_BH,18960845000194,147098,Mastercard,Crédito,Crédito Parcelado Lojista,2026-04-02 10:49,2026-04-02,2026-04,Aprovada,08,2026-05-04,221768,000004459,14490157,1000.0,-26.1,973.9,Nacional
Oticas_BH,18960845000194,147098,Mastercard,Crédito,Crédito À Vista,2026-04-02 11:48,2026-04-02,2026-04,Negada,01,,000000,000004463,14490157,3000.0,0,0,N/A
Oticas_BH,18960845000194,147098,Mastercard,Crédito,Crédito À Vista,2026-04-02 11:49,2026-04-02,2026-04,Negada,01,,000000,000004465,14490157,3000.0,0,0,N/A
Oticas_BH,18960845000194,147098,Visa,Crédito,Crédito À Vista,2026-04-02 11:49,2026-04-02,2026-04,Aprovada,01,2026-05-04,586238,000004467,14490157,3000.0,-57.0,2943.0,Nacional
Oticas_BH,18960845000194,147098,Mastercard,Crédito,Crédito Parcelado Lojista,2026-04-02 14:47,2026-04-02,2026-04,Aprovada,10,2026-05-04,480065,000004469,14490157,1500.0,-39.15,1460.85,Nacional
Oticas_BH,18960845000194,147098,Visa,Crédito,Crédito Parcelado Lojista,2026-04-02 14:51,2026-04-02,2026-04,Aprovada,10,2026-05-04,066968,000004471,14490157,2950.0,-70.8,2879.2,Nacional
Oticas_BH,18960845000194,147098,Visa,Crédito,Crédito Parcelado Lojista,2026-04-06 12:16,2026-04-06,2026-04,Negada,10,,000000,000004473,14490157,1400.0,0,0,N/A
Oticas_BH,18960845000194,147098,Visa,Crédito,Crédito Parcelado Lojista,2026-04-06 12:17,2026-04-06,2026-04,Negada,10,,000000,000004477,14490157,1400.0,0,0,N/A
Oticas_BH,18960845000194,147098,Visa,Crédito,Crédito Parcelado Lojista,2026-04-06 17:16,2026-04-06,2026-04,Aprovada,10,2026-05-07,662782,000004479,14490157,1400.0,-33.6,1366.4,Nacional
Oticas_BH,18960845000194,147098,Mastercard,Débito,Débito,2026-04-07 08:51,2026-04-07,2026-04,Aprovada,01,2026-04-08,307520,000004481,14490157,360.0,-4.68,355.32,Nacional
Oticas_BH,18960845000194,147098,Visa,Crédito,Crédito Parcelado Lojista,2026-04-07 09:29,2026-04-07,2026-04,Aprovada,06,2026-05-08,938815,000004485,14490157,1250.0,-28.13,1221.87,Nacional
Oticas_BH,18960845000194,147098,Mastercard,Crédito,Crédito Parcelado Lojista,2026-04-08 09:31,2026-04-08,2026-04,Negada,10,,000000,000004487,14490157,2580.0,0,0,N/A
Oticas_BH,18960845000194,147098,Mastercard,Crédito,Crédito Parcelado Lojista,2026-04-08 09:35,2026-04-08,2026-04,Aprovada,10,2026-05-11,324518,000004491,14490157,2580.0,-67.34,2512.66,Nacional
Oticas_BH,18960845000194,147098,Visa,Crédito,Crédito Parcelado Lojista,2026-04-08 13:25,2026-04-08,2026-04,Aprovada,10,2026-05-11,031831,000004493,14490157,1880.0,-45.12,1834.88,Nacional
Oticas_BH,18960845000194,147098,Visa,Crédito,Crédito Parcelado Lojista,2026-04-08 15:27,2026-04-08,2026-04,Aprovada,10,2026-05-11,671486,000004495,14490157,1900.0,-45.6,1854.4,Nacional
Oticas_BH,18960845000194,147098,Mastercard,Crédito,Crédito À Vista,2026-04-08 16:19,2026-04-08,2026-04,Aprovada,01,2026-05-11,051914,000004497,14490157,2590.0,-49.21,2540.79,Internacional
Oticas_BH,18960845000194,147098,Amex,Crédito,Crédito Parcelado Lojista,2026-04-09 13:41,2026-04-09,2026-04,Aprovada,10,2026-05-11,614294,000004499,14490157,3490.0,-116.92,3373.08,Nacional
Oticas_BH,18960845000194,147098,Elo,Débito,Débito,2026-04-10 10:27,2026-04-10,2026-04,Aprovada,01,2026-04-13,861739,000004503,14490157,1640.0,-20.5,1619.5,Nacional
Oticas_BH,18960845000194,147098,Mastercard,Crédito,Crédito À Vista,2026-04-10 11:54,2026-04-10,2026-04,Aprovada,01,2026-05-11,R26222,000004507,14490157,800.0,-15.2,784.8,Nacional
Oticas_BH,18960845000194,147098,Mastercard,Crédito,Crédito Parcelado Lojista,2026-04-10 13:06,2026-04-10,2026-04,Negada,03,,000000,000004509,14490157,700.0,0,0,N/A
Oticas_BH,18960845000194,147098,Mastercard,Crédito,Crédito Parcelado Lojista,2026-04-10 13:09,2026-04-10,2026-04,Negada,03,,000000,000004511,14490157,700.0,0,0,N/A
Oticas_BH,18960845000194,147098,Visa,Crédito,Crédito À Vista,2026-04-10 13:12,2026-04-10,2026-04,Negada,01,,000000,000004513,14490157,300.0,0,0,N/A
Oticas_BH,18960845000194,147098,Mastercard,Crédito,Crédito Parcelado Lojista,2026-04-10 15:08,2026-04-10,2026-04,Negada,10,,00000000,156349841,EG551985,1110.0,0,0,N/A
Oticas_BH,18960845000194,147098,Mastercard,Crédito,Crédito Parcelado Lojista,2026-04-10 15:14,2026-04-10,2026-04,Aprovada,10,2026-05-11,635643,000004515,14490157,1100.0,-28.71,1071.29,Nacional
Oticas_BH,18960845000194,147098,Visa,Crédito,Crédito Parcelado Lojista,2026-04-10 15:57,2026-04-10,2026-04,Aprovada,10,2026-05-11,574472,000004517,14490157,4290.0,-102.96,4187.04,Nacional
Oticas_BH,18960845000194,147098,Mastercard,Crédito,Crédito Parcelado Lojista,2026-04-11 10:51,2026-04-11,2026-04,Negada,10,,000000,000004519,14490157,2555.0,0,0,N/A
Oticas_BH,18960845000194,147098,Mastercard,Crédito,Crédito Parcelado Lojista,2026-04-11 10:52,2026-04-11,2026-04,Aprovada,10,2026-05-12,327777,000004523,14490157,2000.0,-52.2,1947.8,Nacional
Oticas_BH,18960845000194,147098,Visa,Débito,Débito,2026-04-11 10:53,2026-04-11,2026-04,Aprovada,01,2026-04-13,165721,000004525,14490157,300.0,-3.75,296.25,Nacional
Oticas_BH,18960845000194,147098,Mastercard,Crédito,Crédito Parcelado Lojista,2026-04-11 10:54,2026-04-11,2026-04,Aprovada,03,2026-05-12,194545,000004527,14490157,255.0,-6.12,248.88,Nacional
Oticas_BH,18960845000194,147098,Mastercard,Crédito,Crédito Parcelado Lojista,2026-04-13 10:07,2026-04-13,2026-04,Aprovada,02,2026-05-14,378186,105301037,EG551985,700.0,-21.0,679.0,Nacional
Oticas_BH,18960845000194,147098,Mastercard,Crédito,Crédito Parcelado Lojista,2026-04-14 10:47,2026-04-14,2026-04,Aprovada,04,2026-05-15,192342,000004529,14490157,1953.0,-46.87,1906.13,Nacional
Oticas_BH,18960845000194,147098,Mastercard,Crédito,Crédito Parcelado Lojista,2026-04-14 12:02,2026-04-14,2026-04,Aprovada,10,2026-05-15,019228,000004533,14490157,1260.0,-32.89,1227.11,Nacional
Oticas_BH,18960845000194,147098,Visa,Crédito,Crédito Parcelado Lojista,2026-04-14 15:42,2026-04-14,2026-04,Aprovada,10,2026-05-15,624000,000004535,14490157,2340.0,-56.16,2283.84,Nacional
Oticas_BH,18960845000194,147098,Visa,Crédito,Crédito Parcelado Lojista,2026-04-15 11:01,2026-04-15,2026-04,Aprovada,03,2026-05-18,150481,000004537,14490157,220.0,-4.95,215.05,Nacional
Oticas_BH,18960845000194,147098,Mastercard,Crédito,Crédito Parcelado Lojista,2026-04-15 11:15,2026-04-15,2026-04,Aprovada,10,2026-05-18,081774,000004541,14490157,2960.0,-77.26,2882.74,Nacional
Oticas_BH,18960845000194,147098,Visa,Crédito,Crédito Parcelado Lojista,2026-04-15 15:30,2026-04-15,2026-04,Aprovada,10,2026-05-18,305869,000004543,14490157,1700.0,-40.8,1659.2,Nacional
Oticas_BH,18960845000194,147098,Mastercard,Crédito,Crédito Parcelado Lojista,2026-04-15 15:51,2026-04-15,2026-04,Aprovada,10,2026-05-18,QTIRJ5,000004545,14490157,2850.0,-74.39,2775.61,Nacional
Oticas_BH,18960845000194,147098,Elo,Crédito,Crédito Parcelado Lojista,2026-04-15 17:02,2026-04-15,2026-04,Negada,03,,000000,000004547,14490157,300.0,0,0,N/A
Oticas_BH,18960845000194,147098,Visa,Crédito,Crédito À Vista,2026-04-15 17:19,2026-04-15,2026-04,Aprovada,01,2026-05-18,069049,000004549,14490157,200.0,-3.8,196.2,Nacional
Oticas_BH,18960845000194,147098,Visa,Crédito,Crédito Parcelado Lojista,2026-04-16 15:20,2026-04-16,2026-04,Aprovada,10,2026-05-18,206337,000004551,14490157,2100.0,-50.4,2049.6,Nacional
Oticas_BH,18960845000194,147098,Mastercard,Crédito,Crédito Parcelado Lojista,2026-04-17 09:15,2026-04-17,2026-04,Aprovada,03,2026-05-18,271893,000004555,14490157,450.0,-10.8,439.2,Nacional
Oticas_BH,18960845000194,147098,Mastercard,Crédito,Crédito Parcelado Lojista,2026-04-17 10:48,2026-04-17,2026-04,Aprovada,03,2026-05-18,490464,000004559,14490157,500.0,-12.0,488.0,Nacional
Oticas_BH,18960845000194,147098,Visa,Crédito,Crédito Parcelado Lojista,2026-04-17 16:00,2026-04-17,2026-04,Aprovada,06,2026-05-18,855747,000004561,14490157,1260.0,-28.35,1231.65,Nacional
Oticas_BH,18960845000194,147098,Mastercard,Crédito,Crédito Parcelado Lojista,2026-04-17 17:07,2026-04-17,2026-04,Aprovada,10,2026-05-18,160884,000004563,14490157,1800.0,-46.98,1753.02,Nacional
Oticas_BH,18960845000194,147098,Visa,Crédito,Crédito Parcelado Lojista,2026-04-18 09:21,2026-04-18,2026-04,Aprovada,02,2026-05-19,620037,000004565,14490157,450.0,-10.13,439.87,Nacional
Oticas_BH,18960845000194,147098,Mastercard,Crédito,Crédito Parcelado Lojista,2026-04-20 12:53,2026-04-20,2026-04,Aprovada,10,2026-05-21,R55885,000004569,14490157,2900.0,-75.69,2824.31,Nacional
Oticas_BH,18960845000194,147098,Visa,Crédito,Crédito Parcelado Lojista,2026-04-20 14:21,2026-04-20,2026-04,Aprovada,05,2026-05-21,157923,000004573,14490157,1380.0,-31.05,1348.95,Nacional
Oticas_BH,18960845000194,147098,Mastercard,Débito,Débito,2026-04-20 16:38,2026-04-20,2026-04,Aprovada,01,2026-04-22,227238,000004575,14490157,40.0,-0.52,39.48,Nacional
Oticas_BH,18960845000194,147098,Mastercard,Crédito,Crédito Parcelado Lojista,2026-04-22 11:46,2026-04-22,2026-04,Aprovada,10,2026-05-25,471155,000004577,14490157,1460.0,-38.11,1421.89,Nacional
Oticas_BH,18960845000194,147098,Mastercard,Crédito,Crédito Parcelado Lojista,2026-04-22 15:39,2026-04-22,2026-04,Aprovada,10,2026-05-25,053104,000004581,14490157,1476.0,-38.52,1437.48,Nacional
Oticas_BH,18960845000194,147098,Visa,Crédito,Crédito À Vista,2026-04-23 09:01,2026-04-23,2026-04,Aprovada,01,2026-05-25,484455,098361637,EG551985,1795.0,-50.26,1744.74,Nacional
Oticas_BH,18960845000194,147098,Mastercard,Crédito,Crédito Parcelado Lojista,2026-04-23 10:44,2026-04-23,2026-04,Aprovada,10,2026-05-25,056967,000004583,14490157,2190.0,-57.16,2132.84,Nacional
Oticas_BH,18960845000194,147098,Mastercard,Crédito,Crédito Parcelado Lojista,2026-04-23 14:52,2026-04-23,2026-04,Aprovada,10,2026-05-25,523761,000004587,14490157,2000.0,-52.2,1947.8,Nacional
Oticas_BH,18960845000194,147098,Mastercard,Crédito,Crédito Parcelado Lojista,2026-04-23 14:53,2026-04-23,2026-04,Aprovada,10,2026-05-25,053978,000004589,14490157,2300.0,-60.03,2239.97,Nacional
Oticas_BH,18960845000194,147098,Elo,Débito,Débito,2026-04-23 16:15,2026-04-23,2026-04,Aprovada,01,2026-04-24,341840,000004591,14490157,450.0,-5.63,444.37,Nacional
Oticas_BH,18960845000194,147098,Visa,Crédito,Crédito Parcelado Lojista,2026-04-24 11:10,2026-04-24,2026-04,Aprovada,10,2026-05-25,063578,000004593,14490157,3690.0,-88.56,3601.44,Nacional
Oticas_BH,18960845000194,147098,Visa,Débito,Débito,2026-04-24 17:09,2026-04-24,2026-04,Aprovada,01,2026-04-27,356107,000004597,14490157,2930.0,-36.63,2893.37,Nacional
Oticas_BH,18960845000194,147098,Visa,Débito,Débito,2026-04-27 10:39,2026-04-27,2026-04,Aprovada,01,2026-04-28,838397,000004599,14490157,690.0,-8.63,681.37,Nacional
Oticas_BH,18960845000194,147098,Mastercard,Crédito,Crédito Parcelado Lojista,2026-04-27 10:41,2026-04-27,2026-04,Aprovada,05,2026-05-28,071681,000004603,14490157,2000.0,-48.0,1952.0,Nacional
Oticas_BH,18960845000194,147098,Visa,Crédito,Crédito Parcelado Lojista,2026-04-28 08:10,2026-04-28,2026-04,Aprovada,05,2026-05-29,081171,000004605,14490157,450.0,-10.13,439.87,Nacional
Oticas_BH,18960845000194,147098,Mastercard,Crédito,Crédito À Vista,2026-04-28 10:37,2026-04-28,2026-04,Aprovada,01,2026-05-29,036796,000004609,14490157,900.0,-17.1,882.9,Nacional
Oticas_BH,18960845000194,147098,Mastercard,Crédito,Crédito Parcelado Lojista,2026-04-28 10:55,2026-04-28,2026-04,Aprovada,05,2026-05-29,071360,000004611,14490157,450.0,-10.8,439.2,Nacional
Oticas_BH,18960845000194,147098,Mastercard,Crédito,Crédito À Vista,2026-04-28 12:50,2026-04-28,2026-04,Aprovada,01,2026-05-29,059124,000004613,14490157,150.0,-2.85,147.15,Nacional
Oticas_BH,18960845000194,147098,Mastercard,Crédito,Crédito Parcelado Lojista,2026-04-28 17:56,2026-04-28,2026-04,Aprovada,10,2026-05-29,002954,000004615,14490157,1160.0,-30.28,1129.72,Nacional
Oticas_BH,18960845000194,147098,Visa,Crédito,Crédito Parcelado Lojista,2026-04-29 10:30,2026-04-29,2026-04,Aprovada,10,2026-06-01,TED5FV,000004617,14490157,1000.0,-24.0,976.0,Nacional
Oticas_BH,18960845000194,147098,Mastercard,Crédito,Crédito Parcelado Lojista,2026-04-29 15:51,2026-04-29,2026-04,Aprovada,03,2026-06-01,070420,000004621,14490157,4300.0,-103.2,4196.8,Nacional
Oticas_BH,18960845000194,147098,Mastercard,Crédito,Crédito Parcelado Lojista,2026-04-29 16:23,2026-04-29,2026-04,Aprovada,10,2026-06-01,R65573,000004623,14490157,3300.0,-86.13,3213.87,Nacional
Oticas_BH,18960845000194,147098,Visa,Crédito,Crédito À Vista,2026-04-30 10:17,2026-04-30,2026-04,Aprovada,01,2026-06-01,173365,000004625,14490157,3000.0,-57.0,2943.0,Nacional
Oticas_BH,18960845000194,147098,Mastercard,Débito,Débito,2026-04-30 10:46,2026-04-30,2026-04,Aprovada,01,2026-05-04,M70093,000004629,14490157,2100.0,-27.3,2072.7,Nacional
Oticas_BH,18960845000194,147098,Visa,Crédito,Crédito Parcelado Lojista,2026-04-30 11:22,2026-04-30,2026-04,Aprovada,10,2026-06-01,221873,000004631,14490157,1500.0,-36.0,1464.0,Nacional
Oticas_BH,18960845000194,147098,Mastercard,Crédito,Crédito À Vista,2026-04-30 14:40,2026-04-30,2026-04,Aprovada,01,2026-06-01,591209,000004633,14490157,1500.0,-28.5,1471.5,Nacional
Oticas_BH,18960845000194,147098,Visa,Crédito,Crédito Parcelado Lojista,2026-05-04 11:17,2026-05-04,2026-05,Aprovada,03,2026-06-05,057993,000004635,14490157,2600.0,-58.5,2541.5,Nacional
Oticas_BH,18960845000194,147098,Mastercard,Crédito,Crédito Parcelado Lojista,2026-05-04 13:16,2026-05-04,2026-05,Aprovada,06,2026-06-05,784947,136938271,EG551985,1400.0,-42.0,1358.0,Nacional
Oticas_BH,18960845000194,147098,Visa,Crédito,Crédito Parcelado Lojista,2026-05-05 11:06,2026-05-05,2026-05,Aprovada,10,2026-06-05,YH1LNW,000004639,14490157,2000.0,-48.0,1952.0,Nacional
Oticas_BH,18960845000194,147098,Mastercard,Crédito,Crédito Parcelado Lojista,2026-05-05 13:31,2026-05-05,2026-05,Aprovada,02,2026-06-05,314576,000004643,14490157,740.0,-17.76,722.24,Nacional
Oticas_BH,18960845000194,147098,Elo,Crédito,Crédito Parcelado Lojista,2026-05-05 16:21,2026-05-05,2026-05,Aprovada,06,2026-06-05,612534,000004645,14490157,1250.0,-28.13,1221.87,Nacional
Oticas_BH,18960845000194,147098,Visa,Crédito,Crédito Parcelado Lojista,2026-05-05 16:36,2026-05-05,2026-05,Negada,10,,00000000,162825037,EG551985,2000.0,0,0,N/A
Oticas_BH,18960845000194,147098,Visa,Crédito,Crédito Parcelado Lojista,2026-05-05 16:38,2026-05-05,2026-05,Negada,10,,00000000,168124943,EG551985,2000.0,0,0,N/A
Oticas_BH,18960845000194,147098,Mastercard,Crédito,Crédito Parcelado Lojista,2026-05-05 17:27,2026-05-05,2026-05,Aprovada,10,2026-06-05,005690,000004647,14490157,1650.0,-43.07,1606.93,Nacional
Oticas_BH,18960845000194,147098,Visa,Crédito,Crédito Parcelado Lojista,2026-05-06 11:33,2026-05-06,2026-05,Aprovada,10,2026-06-08,641211,000004649,14490157,7600.0,-182.4,7417.6,Nacional
Oticas_BH,18960845000194,147098,Visa,Crédito,Crédito Parcelado Lojista,2026-05-06 12:56,2026-05-06,2026-05,Aprovada,10,2026-06-08,565855,000004653,14490157,2000.0,-48.0,1952.0,Nacional
Oticas_BH,18960845000194,147098,Mastercard,Crédito,Crédito Parcelado Lojista,2026-05-06 13:46,2026-05-06,2026-05,Aprovada,10,2026-06-08,464177,139182077,EG551985,1000.0,-31.5,968.5,Nacional
Oticas_BH,18960845000194,147098,Mastercard,Crédito,Crédito Parcelado Lojista,2026-05-07 11:18,2026-05-07,2026-05,Aprovada,07,2026-06-08,183647,000004655,14490157,990.0,-25.84,964.16,Nacional
Oticas_BH,18960845000194,147098,Visa,Crédito,Crédito Parcelado Lojista,2026-05-07 15:51,2026-05-07,2026-05,Aprovada,04,2026-06-08,514059,000004659,14490157,450.0,-10.13,439.87,Nacional
Oticas_BH,18960845000194,147098,Visa,Crédito,Crédito Parcelado Lojista,2026-05-07 16:28,2026-05-07,2026-05,Aprovada,08,2026-06-08,014963,000004661,14490157,710.0,-17.04,692.96,Nacional
Oticas_BH,18960845000194,147098,Visa,Crédito,Crédito À Vista,2026-05-08 09:29,2026-05-08,2026-05,Aprovada,01,2026-06-08,294563,000004663,14490157,450.0,-8.55,441.45,Nacional
Oticas_BH,18960845000194,147098,Mastercard,Crédito,Crédito Parcelado Lojista,2026-05-08 09:35,2026-05-08,2026-05,Negada,06,,000000,000004667,14490157,900.0,0,0,N/A
Oticas_BH,18960845000194,147098,Mastercard,Crédito,Crédito Parcelado Lojista,2026-05-08 09:35,2026-05-08,2026-05,Aprovada,06,2026-06-08,360359,000004669,14490157,900.0,-21.6,878.4,Nacional
Oticas_BH,18960845000194,147098,Visa,Crédito,Crédito À Vista,2026-05-08 11:14,2026-05-08,2026-05,Aprovada,01,2026-06-08,038132,000004671,14490157,3390.0,-64.41,3325.59,Nacional
Oticas_BH,18960845000194,147098,Mastercard,Crédito,Crédito Parcelado Lojista,2026-05-08 15:22,2026-05-08,2026-05,Aprovada,10,2026-06-08,079668,000004673,14490157,2690.0,-70.21,2619.79,Nacional
Oticas_BH,18960845000194,147098,Mastercard,Crédito,Crédito Parcelado Lojista,2026-05-09 10:27,2026-05-09,2026-05,Aprovada,10,2026-06-09,355195,000004675,14490157,3550.0,-92.66,3457.34,Nacional
Oticas_BH,18960845000194,147098,Mastercard,Crédito,Crédito Parcelado Lojista,2026-05-09 12:01,2026-05-09,2026-05,Aprovada,10,2026-06-09,HWJBRU,000004679,14490157,3400.0,-88.74,3311.26,Nacional
Oticas_BH,18960845000194,147098,Mastercard,Crédito,Crédito Parcelado Lojista,2026-05-11 12:10,2026-05-11,2026-05,Aprovada,08,2026-06-11,R82627,000004681,14490157,1000.0,-26.1,973.9,Nacional
Oticas_BH,18960845000194,147098,Visa,Crédito,Crédito Parcelado Lojista,2026-05-12 11:28,2026-05-12,2026-05,Aprovada,05,2026-06-12,675261,000004685,14490157,2500.0,-56.25,2443.75,Nacional
Oticas_BH,18960845000194,147098,Mastercard,Crédito,Crédito Parcelado Lojista,2026-05-12 13:33,2026-05-12,2026-05,Aprovada,10,2026-06-12,ZHL7GS,000004689,14490157,1850.0,-48.29,1801.71,Nacional
Oticas_BH,18960845000194,147098,Mastercard,Crédito,Crédito Parcelado Lojista,2026-05-12 13:34,2026-05-12,2026-05,Aprovada,10,2026-06-12,8NVCT3,000004691,14490157,2400.0,-62.64,2337.36,Nacional
Oticas_BH,18960845000194,147098,Visa,Crédito,Crédito Parcelado Lojista,2026-05-12 15:23,2026-05-12,2026-05,Aprovada,03,2026-06-12,085557,000004693,14490157,1690.0,-38.03,1651.97,Nacional
Oticas_BH,18960845000194,147098,Visa,Crédito,Crédito Parcelado Lojista,2026-05-12 15:57,2026-05-12,2026-05,Aprovada,02,2026-06-12,XJOU6O,000004695,14490157,990.0,-22.28,967.72,Nacional
Oticas_BH,18960845000194,147098,Mastercard,Crédito,Crédito Parcelado Lojista,2026-05-13 08:25,2026-05-13,2026-05,Negada,02,,000000,000004697,14490157,300.0,0,0,N/A
Oticas_BH,18960845000194,147098,Mastercard,Crédito,Crédito Parcelado Lojista,2026-05-13 08:26,2026-05-13,2026-05,Aprovada,02,2026-06-15,052095,000004701,14490157,300.0,-7.2,292.8,Nacional
Oticas_BH,18960845000194,147098,Mastercard,Crédito,Crédito Parcelado Lojista,2026-05-13 11:01,2026-05-13,2026-05,Aprovada,05,2026-06-15,020749,000004703,14490157,2000.0,-48.0,1952.0,Nacional
Oticas_BH,18960845000194,147098,Mastercard,Crédito,Crédito Parcelado Lojista,2026-05-13 11:02,2026-05-13,2026-05,Aprovada,10,2026-06-15,044519,000004705,14490157,2280.0,-59.51,2220.49,Nacional
Oticas_BH,18960845000194,147098,Visa,Crédito,Crédito Parcelado Lojista,2026-05-13 11:58,2026-05-13,2026-05,Aprovada,10,2026-06-15,XR1RZ1,000004707,14490157,1200.0,-28.8,1171.2,Nacional
Oticas_BH,18960845000194,147098,Visa,Crédito,Crédito Parcelado Lojista,2026-05-13 13:17,2026-05-13,2026-05,Aprovada,08,2026-06-15,175972,000004709,14490157,990.0,-23.76,966.24,Nacional
Oticas_BH,18960845000194,147098,Visa,Crédito,Crédito À Vista,2026-05-13 15:27,2026-05-13,2026-05,Aprovada,01,2026-06-15,098953,000004711,14490157,50.0,-0.95,49.05,Nacional
Oticas_BH,18960845000194,147098,Mastercard,Crédito,Crédito Parcelado Lojista,2026-05-13 16:35,2026-05-13,2026-05,Aprovada,10,2026-06-15,T89633,166805735,EG551985,1250.0,-39.38,1210.62,Nacional
Oticas_BH,18960845000194,147098,Mastercard,Crédito,Crédito Parcelado Lojista,2026-05-14 08:39,2026-05-14,2026-05,Aprovada,10,2026-06-15,580264,000004713,14490157,1450.0,-37.85,1412.15,Nacional
Oticas_BH,18960845000194,147098,Visa,Crédito,Crédito Parcelado Lojista,2026-05-14 09:45,2026-05-14,2026-05,Aprovada,10,2026-06-15,TOS73V,000004717,14490157,1000.0,-24.0,976.0,Nacional
Oticas_BH,18960845000194,147098,Mastercard,Crédito,Crédito Parcelado Lojista,2026-05-14 11:59,2026-05-14,2026-05,Aprovada,07,2026-06-15,621914,000004719,14490157,3900.0,-101.79,3798.21,Nacional
Oticas_BH,18960845000194,147098,Mastercard,Crédito,Crédito Parcelado Lojista,2026-05-14 16:48,2026-05-14,2026-05,Aprovada,10,2026-06-15,358327,000004721,14490157,900.0,-23.49,876.51,Nacional
Oticas_BH,18960845000194,147098,Mastercard,Débito,Débito,2026-05-14 16:49,2026-05-14,2026-05,Aprovada,01,2026-05-15,768840,000004723,14490157,1000.0,-13.0,987.0,Nacional
Oticas_BH,18960845000194,147098,Visa,Débito,Débito,2026-05-15 08:34,2026-05-15,2026-05,Aprovada,01,2026-05-18,130910,000004725,14490157,1180.0,-14.75,1165.25,Nacional
Oticas_BH,18960845000194,147098,Visa,Crédito,Crédito Parcelado Lojista,2026-05-15 09:54,2026-05-15,2026-05,Aprovada,10,2026-06-15,544654,000004729,14490157,2840.0,-68.16,2771.84,Nacional
Oticas_BH,18960845000194,147098,Mastercard,Crédito,Crédito Parcelado Lojista,2026-05-15 11:36,2026-05-15,2026-05,Negada,05,,000000,000004731,14490157,3320.0,0,0,N/A
Oticas_BH,18960845000194,147098,Mastercard,Crédito,Crédito Parcelado Lojista,2026-05-15 11:39,2026-05-15,2026-05,Negada,05,,000000,000004733,14490157,3320.0,0,0,N/A
Oticas_BH,18960845000194,147098,Mastercard,Crédito,Crédito Parcelado Lojista,2026-05-15 12:48,2026-05-15,2026-05,Aprovada,10,2026-06-15,RXG5G7,000004735,14490157,2100.0,-54.81,2045.19,Nacional
Oticas_BH,18960845000194,147098,Visa,Crédito,Crédito Parcelado Lojista,2026-05-15 12:48,2026-05-15,2026-05,Aprovada,10,2026-06-15,691086,000004737,14490157,5000.0,-120.0,4880.0,Nacional
Oticas_BH,18960845000194,147098,Mastercard,Crédito,Crédito Parcelado Lojista,2026-05-16 11:39,2026-05-16,2026-05,Aprovada,10,2026-06-16,402357,000004739,14490157,1440.0,-37.58,1402.42,Nacional
Oticas_BH,18960845000194,147098,Visa,Crédito,Crédito Parcelado Lojista,2026-05-18 10:35,2026-05-18,2026-05,Aprovada,10,2026-06-18,361002,000004743,14490157,1100.0,-26.4,1073.6,Nacional
Oticas_BH,18960845000194,147098,Visa,Crédito,Crédito À Vista,2026-05-18 11:25,2026-05-18,2026-05,Aprovada,01,2026-06-18,341913,000004747,14490157,400.0,-7.6,392.4,Nacional
Oticas_BH,18960845000194,147098,Mastercard,Crédito,Crédito Parcelado Lojista,2026-05-18 15:23,2026-05-18,2026-05,Aprovada,10,2026-06-18,0QZE68,000004749,14490157,2210.0,-57.68,2152.32,Nacional
Oticas_BH,18960845000194,147098,Mastercard,Crédito,Crédito Parcelado Lojista,2026-05-19 10:08,2026-05-19,2026-05,Aprovada,10,2026-06-19,394516,000004751,14490157,1767.0,-46.12,1720.88,Nacional
Oticas_BH,18960845000194,147098,Mastercard,Crédito,Crédito Parcelado Lojista,2026-05-19 15:09,2026-05-19,2026-05,Aprovada,04,2026-06-19,102461,000004755,14490157,350.0,-8.4,341.6,Nacional
Oticas_BH,18960845000194,147098,Mastercard,Crédito,Crédito Parcelado Lojista,2026-05-19 15:21,2026-05-19,2026-05,Aprovada,05,2026-06-19,938781,000004757,14490157,550.0,-13.2,536.8,Nacional
Oticas_BH,18960845000194,147098,Visa,Crédito,Crédito Parcelado Lojista,2026-05-19 16:31,2026-05-19,2026-05,Aprovada,10,2026-06-19,063731,000004759,14490157,3250.0,-78.0,3172.0,Nacional
Oticas_BH,18960845000194,147098,Visa,Crédito,Crédito Parcelado Lojista,2026-05-20 11:05,2026-05-20,2026-05,Aprovada,06,2026-06-22,062164,000004761,14490157,1800.0,-40.5,1759.5,Nacional
Oticas_BH,18960845000194,147098,Mastercard,Crédito,Crédito Parcelado Lojista,2026-05-20 11:31,2026-05-20,2026-05,Aprovada,10,2026-06-22,799856,000004765,14490157,1100.0,-28.71,1071.29,Nacional
Oticas_BH,18960845000194,147098,Visa,Crédito,Crédito Parcelado Lojista,2026-05-21 09:34,2026-05-21,2026-05,Negada,10,,000000,000004767,14490157,5350.0,0,0,N/A
Oticas_BH,18960845000194,147098,Mastercard,Crédito,Crédito Parcelado Lojista,2026-05-21 09:35,2026-05-21,2026-05,Aprovada,10,2026-06-22,UQ5PGU,000004771,14490157,5350.0,-139.64,5210.36,Nacional
Oticas_BH,18960845000194,147098,Mastercard,Crédito,Crédito Parcelado Lojista,2026-05-21 11:02,2026-05-21,2026-05,Aprovada,06,2026-06-22,R55633,000004773,14490157,650.0,-15.6,634.4,Nacional
Oticas_BH,18960845000194,147098,Elo,Crédito,Crédito Parcelado Lojista,2026-05-21 11:10,2026-05-21,2026-05,Aprovada,04,2026-06-22,898216,000004775,14490157,1570.0,-35.33,1534.67,Nacional
Oticas_BH,18960845000194,147098,Mastercard,Crédito,Crédito Parcelado Lojista,2026-05-21 11:11,2026-05-21,2026-05,Aprovada,04,2026-06-22,451627,000004777,14490157,1570.0,-37.68,1532.32,Nacional
Oticas_BH,18960845000194,147098,Mastercard,Crédito,Crédito Parcelado Lojista,2026-05-21 13:00,2026-05-21,2026-05,Aprovada,04,2026-06-22,555037,000004779,14490157,690.0,-16.56,673.44,Nacional
Oticas_BH,18960845000194,147098,Mastercard,Crédito,Crédito Parcelado Lojista,2026-05-21 15:23,2026-05-21,2026-05,Aprovada,06,2026-06-22,076117,000004781,14490157,2950.0,-70.8,2879.2,Nacional
Oticas_BH,18960845000194,147098,Mastercard,Crédito,Crédito Parcelado Lojista,2026-05-21 15:39,2026-05-21,2026-05,Aprovada,02,2026-06-22,R61835,000004783,14490157,520.0,-12.48,507.52,Nacional
Oticas_BH,18960845000194,147098,Visa,Crédito,Crédito Parcelado Lojista,2026-05-22 07:48,2026-05-22,2026-05,Aprovada,10,2026-06-22,683316,000004785,14490157,3320.0,-79.68,3240.32,Nacional
Oticas_BH,18960845000194,147098,Visa,Crédito,Crédito Parcelado Lojista,2026-05-23 10:21,2026-05-23,2026-05,Aprovada,10,2026-06-23,615676,000004789,14490157,1690.0,-40.56,1649.44,Nacional
Oticas_BH,18960845000194,147098,Visa,Crédito,Crédito Parcelado Lojista,2026-05-25 16:11,2026-05-25,2026-05,Aprovada,10,2026-06-25,610419,163002991,EG551985,2595.0,-81.74,2513.26,Nacional
Oticas_BH,18960845000194,147098,Visa,Crédito,Crédito Parcelado Lojista,2026-05-26 10:44,2026-05-26,2026-05,Aprovada,10,2026-06-26,641746,000004793,14490157,2200.0,-52.8,2147.2,Nacional
Oticas_BH,18960845000194,147098,Elo,Débito,Débito,2026-05-26 11:03,2026-05-26,2026-05,Aprovada,01,2026-05-27,949655,000004797,14490157,976.5,-12.21,964.29,Nacional
Oticas_BH,18960845000194,147098,Visa,Débito,Débito,2026-05-26 14:29,2026-05-26,2026-05,Aprovada,01,2026-05-27,722402,000004799,14490157,1400.0,-17.5,1382.5,Nacional
Oticas_BH,18960845000194,147098,Visa,Débito,Débito,2026-05-26 16:26,2026-05-26,2026-05,Aprovada,01,2026-05-27,397942,000004801,14490157,300.0,-3.75,296.25,Nacional
Oticas_BH,18960845000194,147098,Visa,Crédito,Crédito Parcelado Lojista,2026-05-26 16:26,2026-05-26,2026-05,Negada,03,,000000,000004803,14490157,600.0,0,0,N/A
Oticas_BH,18960845000194,147098,Visa,Crédito,Crédito Parcelado Lojista,2026-05-26 16:27,2026-05-26,2026-05,Aprovada,03,2026-06-26,084378,000004805,14490157,600.0,-13.5,586.5,Nacional
Oticas_BH,18960845000194,147098,Visa,Crédito,Crédito Parcelado Lojista,2026-05-27 14:35,2026-05-27,2026-05,Aprovada,05,2026-06-29,059372,000004807,14490157,3320.0,-74.7,3245.3,Nacional
Oticas_BH,18960845000194,147098,Visa,Crédito,Crédito Parcelado Lojista,2026-05-27 15:31,2026-05-27,2026-05,Aprovada,10,2026-06-29,615995,000004811,14490157,4390.0,-105.36,4284.64,Nacional
Oticas_BH,18960845000194,147098,Mastercard,Crédito,Crédito Parcelado Lojista,2026-05-27 16:27,2026-05-27,2026-05,Aprovada,10,2026-06-29,089885,000004813,14490157,700.0,-18.27,681.73,Nacional
Oticas_BH,18960845000194,147098,Visa,Crédito,Crédito Parcelado Lojista,2026-05-27 16:51,2026-05-27,2026-05,Aprovada,10,2026-06-29,069155,000004815,14490157,2540.0,-60.96,2479.04,Nacional
Oticas_BH,18960845000194,147098,Visa,Crédito,Crédito Parcelado Lojista,2026-05-28 10:28,2026-05-28,2026-05,Aprovada,05,2026-06-29,285873,000004817,14490157,690.0,-15.53,674.47,Nacional
Oticas_BH,18960845000194,147098,Visa,Crédito,Crédito Parcelado Lojista,2026-05-29 11:54,2026-05-29,2026-05,Aprovada,10,2026-06-29,544487,000004821,14490157,1970.0,-47.28,1922.72,Nacional
Oticas_BH,18960845000194,147098,Mastercard,Crédito,Crédito Parcelado Lojista,2026-05-29 15:55,2026-05-29,2026-05,Aprovada,04,2026-06-29,R37491,000004825,14490157,2000.0,-48.0,1952.0,Nacional
Oticas_BH,18960845000194,147098,Visa,Débito,Débito,2026-06-01 10:45,2026-06-01,2026-06,Aprovada,01,2026-06-02,982159,000004827,14490157,1700.0,-21.25,1678.75,Nacional
Oticas_BH,18960845000194,147098,Visa,Débito,Débito,2026-06-02 09:00,2026-06-02,2026-06,Aprovada,01,,188758,000004831,14490157,200.0,0,0,N/A
Oticas_BH,18960845000194,147098,Mastercard,Crédito,Crédito Parcelado Lojista,2026-06-02 11:30,2026-06-02,2026-06,Aprovada,10,,CYTPCO,000004835,14490157,2835.0,0,0,N/A
Oticas_BH,18960845000194,147098,Visa,Crédito,Crédito Parcelado Lojista,2026-06-02 11:34,2026-06-02,2026-06,Aprovada,02,,K3TBT0,000004837,14490157,800.0,0,0,N/A
Oticas_BH,18960845000194,147098,Mastercard,Débito,Débito,2026-06-02 11:35,2026-06-02,2026-06,Aprovada,01,,641239,000004839,14490157,200.0,0,0,N/A
Oticas_BH,18960845000194,147098,Mastercard,Crédito,Crédito Parcelado Lojista,2026-06-03 08:04,2026-06-03,2026-06,Aprovada,10,,072443,000004841,14490157,1690.0,0,0,N/A
Oticas_BH,18960845000194,147098,Visa,Débito,Débito,2026-06-03 09:29,2026-06-03,2026-06,Aprovada,01,,245556,000004845,14490157,700.0,0,0,N/A
